customer_id,first_name,last_name,email,city,signup_date,segment
1,Amelia,Bell,amelia.bell@example.com,Melbourne,2025-06-30,Lapsed
2,Ruby,Cook,ruby.cook@example.com,Melbourne,2025-11-09,New
3,Lucas,Wilson,lucas.wilson@example.com,Sydney,2025-04-17,New
4,Grace,Walker,grace.walker@example.com,Perth,2024-08-04,New
5,Ella,Clarke,ella.clarke@example.com,Perth,2024-10-11,New
6,Charlotte,Anderson,charlotte.anderson@example.com,Other,2024-01-20,Regular
7,Oliver,Lee,oliver.lee@example.com,Melbourne,2025-10-27,VIP
8,Sophie,Jones,sophie.jones@example.com,Sydney,2024-02-01,New
9,Olivia,Bell,olivia.bell@example.com,Sydney,2024-06-05,New
10,Liam,Brown,liam.brown@example.com,Sydney,2025-07-31,Regular
11,Isla,Robinson,isla.robinson@example.com,Adelaide,2024-06-20,Regular
12,Jacob,Brown,jacob.brown@example.com,Brisbane,2024-06-16,New
13,Olivia,Kelly,olivia.kelly@example.com,Other,2025-08-12,Lapsed
14,Grace,Clarke,grace.clarke@example.com,Melbourne,2024-07-22,Regular
15,Sophie,Lee,sophie.lee@example.com,Other,2024-04-14,VIP
16,Liam,Bell,liam.bell@example.com,Adelaide,2024-05-03,VIP
17,Oliver,Murphy,oliver.murphy@example.com,Other,2025-03-14,Regular
18,Zoe,Walker,zoe.walker@example.com,Perth,2024-01-13,VIP
19,William,Mitchell,william.mitchell@example.com,Other,2025-01-05,VIP
20,Chloe,Wilson,chloe.wilson@example.com,Sydney,2025-03-21,Regular
21,Sophie,Chen,sophie.chen@example.com,Adelaide,2025-09-22,VIP
22,Chloe,Mitchell,chloe.mitchell@example.com,Brisbane,2025-08-29,New
23,Thomas,Williams,thomas.williams@example.com,Perth,2024-10-12,New
24,Chloe,Cook,chloe.cook@example.com,Other,2025-09-16,Regular
25,Olivia,Anderson,olivia.anderson@example.com,Sydney,2024-11-28,Regular
26,Oliver,Chen,oliver.chen@example.com,Brisbane,2024-12-14,VIP
27,Emily,Chen,emily.chen@example.com,Melbourne,2025-07-23,Regular
28,Ava,Williams,ava.williams@example.com,Other,2024-09-04,Regular
29,Ethan,Lee,ethan.lee@example.com,Perth,2025-12-08,Regular
30,Henry,Campbell,henry.campbell@example.com,Melbourne,2024-01-18,New
31,Grace,Lee,grace.lee@example.com,Other,2024-11-09,Regular
32,Henry,Murphy,henry.murphy@example.com,Brisbane,2025-06-27,Regular
33,Jacob,Murphy,jacob.murphy@example.com,Brisbane,2024-12-04,Regular
34,Isla,Kelly,isla.kelly@example.com,Sydney,2024-09-14,New
35,Ava,Walker,ava.walker@example.com,Other,2024-05-02,Regular
36,Ella,Taylor,ella.taylor@example.com,Sydney,2024-07-15,Regular
37,Isla,Cook,isla.cook@example.com,Adelaide,2025-06-21,New
38,William,Nguyen,william.nguyen@example.com,Sydney,2024-10-30,Regular
39,James,Smith,james.smith@example.com,Adelaide,2025-12-26,New
40,Jack,Jones,jack.jones@example.com,Brisbane,2025-07-20,Regular
41,Amelia,Anderson,amelia.anderson@example.com,Melbourne,2024-04-15,Regular
42,Henry,Anderson,henry.anderson@example.com,Brisbane,2025-03-27,New
43,Jack,Chen,jack.chen@example.com,Melbourne,2025-05-04,VIP
44,Grace,Anderson,grace.anderson@example.com,Adelaide,2024-03-16,Regular
45,Jack,Wilson,jack.wilson@example.com,Adelaide,2024-06-01,Lapsed
46,Charlotte,Lee,charlotte.lee@example.com,Adelaide,2024-05-01,VIP
47,Alexander,Bell,alexander.bell@example.com,Sydney,2025-09-25,VIP
48,Grace,Campbell,grace.campbell@example.com,Brisbane,2025-03-29,VIP
49,Lucas,Kelly,lucas.kelly@example.com,Adelaide,2025-08-05,New
50,Jacob,Brown,jacob.brown1@example.com,Other,2024-07-31,New
51,Liam,Williams,liam.williams@example.com,Sydney,2024-06-09,New
52,Charlotte,Taylor,charlotte.taylor@example.com,Perth,2024-01-03,Regular
53,Alexander,Anderson,alexander.anderson@example.com,Melbourne,2024-10-25,New
54,Emily,Kelly,emily.kelly@example.com,Perth,2025-12-20,New
55,Thomas,Chen,thomas.chen@example.com,Adelaide,2025-10-02,Regular
56,Ava,Mitchell,ava.mitchell@example.com,Adelaide,2024-04-27,New
57,Amelia,Chen,amelia.chen@example.com,Melbourne,2024-05-25,New
58,James,Bell,james.bell@example.com,Brisbane,2025-08-05,Regular
59,Chloe,Kelly,chloe.kelly@example.com,Perth,2025-12-17,Lapsed
60,Zoe,Murphy,zoe.murphy@example.com,Perth,2025-05-20,New
61,Jack,Mitchell,jack.mitchell@example.com,Adelaide,2024-11-26,New
62,Charlotte,Lee,charlotte.lee1@example.com,Adelaide,2025-11-21,Regular
63,Olivia,Chen,olivia.chen@example.com,Melbourne,2025-08-13,VIP
64,Noah,Anderson,noah.anderson@example.com,Other,2025-06-15,Regular
65,Isla,Taylor,isla.taylor@example.com,Perth,2025-08-22,Regular
66,Henry,Williams,henry.williams@example.com,Brisbane,2025-04-26,Regular
67,Mia,Brown,mia.brown@example.com,Brisbane,2024-06-13,Regular
68,Henry,Kelly,henry.kelly@example.com,Perth,2025-11-09,VIP
69,Ethan,Jones,ethan.jones@example.com,Melbourne,2025-04-10,New
70,Mia,Brown,mia.brown1@example.com,Adelaide,2025-02-17,VIP
71,Olivia,Murphy,olivia.murphy@example.com,Perth,2025-04-18,New
72,Zoe,Robinson,zoe.robinson@example.com,Perth,2025-09-29,Regular
73,Ella,Jones,ella.jones@example.com,Brisbane,2024-07-27,Regular
74,James,Campbell,james.campbell@example.com,Perth,2025-12-16,New
75,Sophie,Bell,sophie.bell@example.com,Other,2024-09-02,New
76,Ethan,Smith,ethan.smith@example.com,Perth,2025-07-19,New
77,William,Campbell,william.campbell@example.com,Other,2024-04-30,VIP
78,Henry,Kelly,henry.kelly1@example.com,Other,2025-06-05,New
79,Henry,Anderson,henry.anderson1@example.com,Perth,2024-09-06,Regular
80,Grace,Nguyen,grace.nguyen@example.com,Adelaide,2025-09-05,Regular
81,Amelia,Williams,amelia.williams@example.com,Perth,2024-10-09,New
82,Zoe,Chen,zoe.chen@example.com,Brisbane,2024-01-03,Regular
83,Ruby,Cook,ruby.cook1@example.com,Perth,2025-11-06,VIP
84,Chloe,Murphy,chloe.murphy@example.com,Brisbane,2025-05-10,New
85,Ella,Murphy,ella.murphy@example.com,Perth,2025-01-21,Lapsed
86,Ava,Lee,ava.lee@example.com,Perth,2025-08-08,New
87,Ella,Mitchell,ella.mitchell@example.com,Brisbane,2024-02-14,Regular
88,Emily,Clarke,emily.clarke@example.com,Other,2025-01-30,VIP
89,Sophie,Wilson,sophie.wilson@example.com,Melbourne,2025-05-22,New
90,Ruby,Walker,ruby.walker@example.com,Perth,2024-04-12,New
91,Chloe,Smith,chloe.smith@example.com,Perth,2024-05-27,VIP
92,Amelia,Williams,amelia.williams1@example.com,Brisbane,2025-04-25,New
93,Emily,Clarke,emily.clarke1@example.com,Melbourne,2025-10-27,VIP
94,Liam,Murphy,liam.murphy@example.com,Brisbane,2025-01-24,Regular
95,Ella,Anderson,ella.anderson@example.com,Melbourne,2025-07-08,Regular
96,Thomas,Kelly,thomas.kelly@example.com,Other,2024-08-20,New
97,William,Brown,william.brown@example.com,Sydney,2025-03-30,Regular
98,Olivia,Jones,olivia.jones@example.com,Melbourne,2024-11-28,New
99,Oliver,Mitchell,oliver.mitchell@example.com,Sydney,2024-05-29,Regular
100,Ruby,Taylor,ruby.taylor@example.com,Sydney,2024-06-23,New
101,Grace,Bell,grace.bell@example.com,Sydney,2025-11-30,Regular
102,Ruby,Wilson,ruby.wilson@example.com,Perth,2024-08-25,Regular
103,Chloe,Chen,chloe.chen@example.com,Melbourne,2025-11-13,VIP
104,Chloe,Kelly,chloe.kelly1@example.com,Adelaide,2025-11-24,New
105,Chloe,Robinson,chloe.robinson@example.com,Brisbane,2025-08-24,Regular
106,Lucas,Chen,lucas.chen@example.com,Brisbane,2025-04-12,New
107,Grace,Anderson,grace.anderson1@example.com,Sydney,2024-04-19,Regular
108,Oliver,Cook,oliver.cook@example.com,Other,2024-10-29,New
109,Liam,Clarke,liam.clarke@example.com,Melbourne,2024-10-08,Regular
110,Liam,Jones,liam.jones@example.com,Other,2025-09-12,Regular
111,James,Lee,james.lee@example.com,Brisbane,2025-09-13,New
112,Ava,Bell,ava.bell@example.com,Other,2024-09-13,VIP
113,Ella,Wilson,ella.wilson@example.com,Melbourne,2025-10-05,Lapsed
114,Sophie,Jones,sophie.jones1@example.com,Perth,2024-11-12,New
115,Oliver,Wilson,oliver.wilson@example.com,Brisbane,2024-04-02,New
116,Lucas,Taylor,lucas.taylor@example.com,Sydney,2024-07-24,VIP
117,Oliver,Stewart,oliver.stewart@example.com,Brisbane,2025-05-28,VIP
118,Isla,Anderson,isla.anderson@example.com,Other,2024-10-29,VIP
119,William,Campbell,william.campbell1@example.com,Sydney,2024-03-18,VIP
120,Thomas,Clarke,thomas.clarke@example.com,Brisbane,2025-07-24,New
121,Grace,Smith,grace.smith@example.com,Adelaide,2024-09-27,New
122,Oliver,Chen,oliver.chen1@example.com,Perth,2025-08-21,VIP
123,Oliver,Brown,oliver.brown@example.com,Sydney,2025-11-22,Regular
124,Alexander,Murphy,alexander.murphy@example.com,Adelaide,2024-12-01,New
125,Charlotte,Campbell,charlotte.campbell@example.com,Brisbane,2025-12-18,Regular
126,William,Wilson,william.wilson@example.com,Melbourne,2024-02-16,New
127,Henry,Brown,henry.brown@example.com,Sydney,2024-04-09,VIP
128,Amelia,Clarke,amelia.clarke@example.com,Brisbane,2025-04-09,Regular
129,Jacob,Murphy,jacob.murphy1@example.com,Adelaide,2025-03-05,Regular
130,Amelia,Mitchell,amelia.mitchell@example.com,Melbourne,2025-11-01,VIP
131,Alexander,Mitchell,alexander.mitchell@example.com,Melbourne,2024-10-13,Regular
132,Ava,Campbell,ava.campbell@example.com,Sydney,2025-03-31,VIP
133,William,Robinson,william.robinson@example.com,Other,2025-07-11,Regular
134,Grace,Chen,grace.chen@example.com,Melbourne,2024-07-13,Lapsed
135,Chloe,Williams,chloe.williams@example.com,Sydney,2025-11-09,Regular
136,Alexander,Smith,alexander.smith@example.com,Brisbane,2024-02-21,New
137,Amelia,Cook,amelia.cook@example.com,Melbourne,2024-07-29,VIP
138,Ethan,Nguyen,ethan.nguyen@example.com,Sydney,2025-08-23,VIP
139,Thomas,Walker,thomas.walker@example.com,Adelaide,2024-05-31,New
140,Amelia,Wilson,amelia.wilson@example.com,Brisbane,2025-07-07,VIP
141,William,Smith,william.smith@example.com,Melbourne,2024-05-14,Regular
142,Thomas,Cook,thomas.cook@example.com,Melbourne,2024-11-27,New
143,Jack,Wilson,jack.wilson1@example.com,Adelaide,2025-03-07,New
144,Charlotte,Anderson,charlotte.anderson1@example.com,Brisbane,2025-04-04,Regular
145,William,Campbell,william.campbell2@example.com,Sydney,2025-05-30,Lapsed
146,Jack,Stewart,jack.stewart@example.com,Perth,2024-11-04,Regular
147,Olivia,Jones,olivia.jones1@example.com,Perth,2025-05-05,Regular
148,William,Anderson,william.anderson@example.com,Perth,2025-12-30,New
149,Charlotte,Walker,charlotte.walker@example.com,Sydney,2025-09-14,New
150,Isla,Bell,isla.bell@example.com,Adelaide,2025-10-10,Regular
151,Mia,Clarke,mia.clarke@example.com,Adelaide,2025-09-03,New
152,Zoe,Bell,zoe.bell@example.com,Melbourne,2025-03-16,VIP
153,William,Murphy,william.murphy@example.com,Perth,2024-08-08,Regular
154,Thomas,Mitchell,thomas.mitchell@example.com,Perth,2024-12-13,Regular
155,Jacob,Brown,jacob.brown2@example.com,Perth,2024-11-16,New
156,Isla,Robinson,isla.robinson1@example.com,Other,2024-06-05,Lapsed
157,Charlotte,Williams,charlotte.williams@example.com,Melbourne,2024-03-28,Regular
158,Jacob,Robinson,jacob.robinson@example.com,Adelaide,2024-05-13,New
159,Ethan,Murphy,ethan.murphy@example.com,Other,2024-12-03,New
160,Oliver,Mitchell,oliver.mitchell1@example.com,Brisbane,2024-02-22,Regular
161,Oliver,Brown,oliver.brown1@example.com,Adelaide,2025-08-14,New
162,Liam,Anderson,liam.anderson@example.com,Melbourne,2024-08-17,Regular
163,Ethan,Robinson,ethan.robinson@example.com,Brisbane,2024-04-27,Regular
164,Lucas,Murphy,lucas.murphy@example.com,Adelaide,2025-09-28,Regular
165,Ethan,Smith,ethan.smith1@example.com,Other,2025-09-15,VIP
166,Isla,Smith,isla.smith@example.com,Brisbane,2024-07-03,Regular
167,James,Walker,james.walker@example.com,Melbourne,2024-12-25,New
168,Amelia,Cook,amelia.cook1@example.com,Perth,2025-11-04,New
169,Jacob,Smith,jacob.smith@example.com,Other,2024-04-03,Regular
170,Grace,Mitchell,grace.mitchell@example.com,Brisbane,2025-04-09,New
171,James,Walker,james.walker1@example.com,Adelaide,2025-08-04,New
172,Jack,Wilson,jack.wilson2@example.com,Adelaide,2024-06-10,New
173,Charlotte,Chen,charlotte.chen@example.com,Other,2025-03-29,Regular
174,Alexander,Campbell,alexander.campbell@example.com,Brisbane,2025-02-28,New
175,Zoe,Brown,zoe.brown@example.com,Perth,2024-12-19,New
176,Liam,Cook,liam.cook@example.com,Adelaide,2025-05-13,Regular
177,Jack,Lee,jack.lee@example.com,Adelaide,2025-02-08,New
178,Ava,Kelly,ava.kelly@example.com,Sydney,2024-08-04,VIP
179,James,Walker,james.walker2@example.com,Melbourne,2024-05-02,Regular
180,Lucas,Taylor,lucas.taylor1@example.com,Perth,2024-05-12,Regular
181,Thomas,Stewart,thomas.stewart@example.com,Other,2025-07-26,VIP
182,Charlotte,Clarke,charlotte.clarke@example.com,Perth,2024-02-13,New
183,Charlotte,Walker,charlotte.walker1@example.com,Perth,2025-08-12,Regular
184,Emily,Mitchell,emily.mitchell@example.com,Melbourne,2024-10-23,Regular
185,Mia,Taylor,mia.taylor@example.com,Perth,2025-09-24,VIP
186,Oliver,Williams,oliver.williams@example.com,Melbourne,2025-03-23,New
187,Ruby,Clarke,ruby.clarke@example.com,Melbourne,2025-06-20,Regular
188,James,Walker,james.walker3@example.com,Brisbane,2024-08-14,VIP
189,Charlotte,Stewart,charlotte.stewart@example.com,Melbourne,2025-10-10,Regular
190,Ava,Robinson,ava.robinson@example.com,Other,2024-12-25,Lapsed
191,Sophie,Wilson,sophie.wilson1@example.com,Melbourne,2024-08-29,New
192,Ava,Taylor,ava.taylor@example.com,Sydney,2025-09-08,VIP
193,Sophie,Williams,sophie.williams@example.com,Other,2024-06-30,Regular
194,Ella,Cook,ella.cook@example.com,Perth,2025-08-16,Regular
195,Ruby,Bell,ruby.bell@example.com,Other,2024-11-26,New
196,Chloe,Williams,chloe.williams1@example.com,Perth,2025-04-25,Regular
197,Isla,Cook,isla.cook1@example.com,Brisbane,2024-02-27,Regular
198,James,Campbell,james.campbell1@example.com,Melbourne,2025-04-07,New
199,James,Williams,james.williams@example.com,Melbourne,2025-10-22,Regular
200,Zoe,Clarke,zoe.clarke@example.com,Adelaide,2025-04-18,Regular
201,Jacob,Jones,jacob.jones@example.com,Adelaide,2025-04-05,Regular
202,Mia,Bell,mia.bell@example.com,Adelaide,2025-05-02,New
203,Jack,Campbell,jack.campbell@example.com,Brisbane,2024-04-15,Lapsed
204,Charlotte,Stewart,charlotte.stewart1@example.com,Sydney,2025-10-23,New
205,Emily,Campbell,emily.campbell@example.com,Adelaide,2025-03-25,Regular
206,Noah,Robinson,noah.robinson@example.com,Brisbane,2025-01-16,Regular
207,Ella,Walker,ella.walker@example.com,Adelaide,2025-11-26,New
208,Sophie,Walker,sophie.walker@example.com,Brisbane,2024-03-08,New
209,Liam,Clarke,liam.clarke1@example.com,Brisbane,2024-10-17,Regular
210,Liam,Bell,liam.bell1@example.com,Brisbane,2024-06-02,New
211,Liam,Wilson,liam.wilson@example.com,Brisbane,2024-12-24,Lapsed
212,Emily,Clarke,emily.clarke2@example.com,Adelaide,2024-05-12,Regular
213,Charlotte,Kelly,charlotte.kelly@example.com,Perth,2025-07-26,Regular
214,Mia,Wilson,mia.wilson@example.com,Other,2025-11-17,VIP
215,Jacob,Stewart,jacob.stewart@example.com,Other,2024-04-05,Regular
216,Zoe,Robinson,zoe.robinson1@example.com,Brisbane,2024-01-19,New
217,Ava,Walker,ava.walker1@example.com,Sydney,2025-05-12,New
218,Amelia,Wilson,amelia.wilson1@example.com,Brisbane,2024-03-20,VIP
219,William,Stewart,william.stewart@example.com,Other,2025-07-06,VIP
220,Jack,Walker,jack.walker@example.com,Sydney,2025-09-24,Regular
221,Amelia,Taylor,amelia.taylor@example.com,Other,2024-07-04,VIP
222,Noah,Campbell,noah.campbell@example.com,Perth,2024-02-14,Regular
223,Jacob,Lee,jacob.lee@example.com,Adelaide,2025-03-30,New
224,Jacob,Campbell,jacob.campbell@example.com,Adelaide,2024-08-27,New
225,Henry,Nguyen,henry.nguyen@example.com,Other,2025-01-11,Lapsed
226,Chloe,Campbell,chloe.campbell@example.com,Perth,2024-10-15,Regular
227,Lucas,Taylor,lucas.taylor2@example.com,Adelaide,2024-07-23,New
228,Isla,Jones,isla.jones@example.com,Perth,2025-10-18,VIP
229,Ethan,Brown,ethan.brown@example.com,Adelaide,2025-12-29,VIP
230,James,Williams,james.williams1@example.com,Brisbane,2024-06-13,Regular
231,Zoe,Wilson,zoe.wilson@example.com,Melbourne,2025-03-23,Lapsed
232,Thomas,Campbell,thomas.campbell@example.com,Melbourne,2024-12-23,Regular
233,Grace,Stewart,grace.stewart@example.com,Sydney,2025-01-17,Regular
234,Charlotte,Robinson,charlotte.robinson@example.com,Melbourne,2024-08-17,New
235,William,Walker,william.walker@example.com,Sydney,2024-05-29,New
236,Henry,Wilson,henry.wilson@example.com,Perth,2025-12-23,Regular
237,Olivia,Williams,olivia.williams@example.com,Brisbane,2024-01-20,New
238,Amelia,Murphy,amelia.murphy@example.com,Adelaide,2025-09-15,Regular
239,Ella,Kelly,ella.kelly@example.com,Brisbane,2024-08-31,New
240,Thomas,Mitchell,thomas.mitchell1@example.com,Adelaide,2025-10-16,Regular
241,William,Anderson,william.anderson1@example.com,Adelaide,2025-09-03,New
242,Zoe,Cook,zoe.cook@example.com,Other,2024-09-04,New
243,Lucas,Smith,lucas.smith@example.com,Brisbane,2025-09-21,New
244,Lucas,Taylor,lucas.taylor3@example.com,Other,2025-11-11,New
245,Oliver,Williams,oliver.williams1@example.com,Adelaide,2025-06-22,Regular
246,Zoe,Murphy,zoe.murphy1@example.com,Perth,2024-01-21,VIP
247,Jack,Clarke,jack.clarke@example.com,Brisbane,2025-01-17,Regular
248,Oliver,Williams,oliver.williams2@example.com,Sydney,2024-12-19,Regular
249,Sophie,Brown,sophie.brown@example.com,Other,2025-08-18,VIP
250,Amelia,Jones,amelia.jones@example.com,Adelaide,2024-12-26,New
251,Sophie,Taylor,sophie.taylor@example.com,Perth,2025-12-02,Lapsed
252,Henry,Taylor,henry.taylor@example.com,Melbourne,2024-05-18,Regular
253,Chloe,Jones,chloe.jones@example.com,Sydney,2024-10-27,New
254,Ava,Jones,ava.jones@example.com,Brisbane,2024-11-19,Regular
255,Ethan,Anderson,ethan.anderson@example.com,Melbourne,2024-09-16,VIP
256,Ava,Kelly,ava.kelly1@example.com,Melbourne,2024-12-31,VIP
257,Mia,Chen,mia.chen@example.com,Brisbane,2024-05-07,Regular
258,Grace,Campbell,grace.campbell1@example.com,Brisbane,2025-01-30,Lapsed
259,Henry,Anderson,henry.anderson2@example.com,Adelaide,2025-01-11,New
260,Charlotte,Mitchell,charlotte.mitchell@example.com,Perth,2024-03-21,Regular
261,Noah,Murphy,noah.murphy@example.com,Brisbane,2024-10-27,New
262,Mia,Kelly,mia.kelly@example.com,Perth,2024-11-09,Regular
263,Lucas,Taylor,lucas.taylor4@example.com,Perth,2025-12-07,Regular
264,Jack,Robinson,jack.robinson@example.com,Perth,2025-09-21,New
265,Jack,Williams,jack.williams@example.com,Other,2025-11-18,Regular
266,Zoe,Taylor,zoe.taylor@example.com,Sydney,2024-02-01,VIP
267,Liam,Campbell,liam.campbell@example.com,Sydney,2024-02-05,New
268,Ella,Robinson,ella.robinson@example.com,Perth,2025-01-05,Lapsed
269,Jack,Bell,jack.bell@example.com,Other,2024-06-06,Regular
270,Oliver,Robinson,oliver.robinson@example.com,Melbourne,2025-03-30,Regular
271,Zoe,Robinson,zoe.robinson2@example.com,Brisbane,2025-02-11,Regular
272,Thomas,Brown,thomas.brown@example.com,Other,2024-01-27,New
273,Zoe,Clarke,zoe.clarke1@example.com,Melbourne,2025-07-29,New
274,Isla,Campbell,isla.campbell@example.com,Adelaide,2024-08-07,New
275,Henry,Nguyen,henry.nguyen1@example.com,Sydney,2024-05-05,VIP
276,Chloe,Taylor,chloe.taylor@example.com,Perth,2025-12-31,Lapsed
277,Liam,Walker,liam.walker@example.com,Brisbane,2025-11-14,Regular
278,Ethan,Murphy,ethan.murphy1@example.com,Brisbane,2024-10-24,VIP
279,Emily,Taylor,emily.taylor@example.com,Adelaide,2025-01-05,New
280,Ava,Wilson,ava.wilson@example.com,Perth,2024-08-30,New
281,Ethan,Cook,ethan.cook@example.com,Perth,2025-01-12,VIP
282,Ethan,Wilson,ethan.wilson@example.com,Melbourne,2025-09-18,New
283,Grace,Anderson,grace.anderson2@example.com,Perth,2025-06-22,VIP
284,Ruby,Williams,ruby.williams@example.com,Brisbane,2024-05-08,Regular
285,Chloe,Campbell,chloe.campbell1@example.com,Adelaide,2025-11-27,New
286,Ella,Murphy,ella.murphy1@example.com,Adelaide,2025-10-17,New
287,Amelia,Mitchell,amelia.mitchell1@example.com,Melbourne,2025-05-29,VIP
288,Zoe,Wilson,zoe.wilson1@example.com,Sydney,2024-11-07,New
289,Emily,Lee,emily.lee@example.com,Adelaide,2024-12-20,VIP
290,Charlotte,Chen,charlotte.chen1@example.com,Other,2024-07-20,Lapsed
291,Isla,Wilson,isla.wilson@example.com,Brisbane,2025-10-02,Regular
292,Charlotte,Stewart,charlotte.stewart2@example.com,Sydney,2025-10-18,Regular
293,Ruby,Wilson,ruby.wilson1@example.com,Other,2024-06-24,Regular
294,Alexander,Walker,alexander.walker@example.com,Melbourne,2025-07-31,VIP
295,Olivia,Williams,olivia.williams1@example.com,Other,2024-02-16,VIP
296,Isla,Nguyen,isla.nguyen@example.com,Perth,2025-08-08,Regular
297,Olivia,Anderson,olivia.anderson1@example.com,Adelaide,2025-10-04,New
298,James,Anderson,james.anderson@example.com,Other,2024-09-07,Regular
299,Chloe,Williams,chloe.williams2@example.com,Melbourne,2025-12-06,New
300,Lucas,Anderson,lucas.anderson@example.com,Sydney,2025-04-20,New
301,Amelia,Walker,amelia.walker@example.com,Other,2024-11-22,Lapsed
302,Oliver,Clarke,oliver.clarke@example.com,Brisbane,2024-05-13,Regular
303,William,Walker,william.walker1@example.com,Perth,2024-09-04,New
304,Chloe,Lee,chloe.lee@example.com,Melbourne,2024-05-24,New
305,Grace,Bell,grace.bell1@example.com,Sydney,2025-03-04,Lapsed
306,Noah,Walker,noah.walker@example.com,Other,2025-08-14,New
307,Ella,Taylor,ella.taylor1@example.com,Adelaide,2025-05-25,Regular
308,James,Anderson,james.anderson1@example.com,Melbourne,2024-01-24,Lapsed
309,Zoe,Campbell,zoe.campbell@example.com,Sydney,2024-09-03,Regular
310,Jack,Jones,jack.jones1@example.com,Perth,2024-10-15,Regular
311,Sophie,Anderson,sophie.anderson@example.com,Adelaide,2024-10-19,New
312,William,Mitchell,william.mitchell1@example.com,Brisbane,2024-05-17,Regular
313,Ella,Clarke,ella.clarke1@example.com,Melbourne,2025-01-09,Regular
314,Ruby,Murphy,ruby.murphy@example.com,Brisbane,2024-07-18,Regular
315,Charlotte,Clarke,charlotte.clarke1@example.com,Perth,2025-05-31,VIP
316,Isla,Bell,isla.bell1@example.com,Adelaide,2025-11-27,New
317,William,Clarke,william.clarke@example.com,Brisbane,2025-01-17,Regular
318,Oliver,Wilson,oliver.wilson1@example.com,Adelaide,2024-07-22,Regular
319,Zoe,Jones,zoe.jones@example.com,Melbourne,2024-02-16,New
320,Mia,Anderson,mia.anderson@example.com,Perth,2025-06-15,New
321,Zoe,Wilson,zoe.wilson2@example.com,Adelaide,2024-12-01,New
322,Grace,Bell,grace.bell2@example.com,Adelaide,2024-11-02,New
323,Zoe,Murphy,zoe.murphy2@example.com,Other,2025-05-16,Regular
324,Henry,Smith,henry.smith@example.com,Brisbane,2025-01-12,Regular
325,Lucas,Cook,lucas.cook@example.com,Other,2024-11-11,VIP
326,Sophie,Smith,sophie.smith@example.com,Perth,2025-09-03,New
327,Sophie,Cook,sophie.cook@example.com,Sydney,2025-08-14,Regular
328,Ruby,Anderson,ruby.anderson@example.com,Adelaide,2024-06-23,Regular
329,Alexander,Clarke,alexander.clarke@example.com,Other,2024-05-31,New
330,Ruby,Brown,ruby.brown@example.com,Melbourne,2024-07-14,Regular
331,Lucas,Wilson,lucas.wilson1@example.com,Other,2025-02-26,New
332,Zoe,Bell,zoe.bell1@example.com,Other,2025-04-27,Regular
333,Emily,Wilson,emily.wilson@example.com,Sydney,2025-06-15,Regular
334,Liam,Anderson,liam.anderson1@example.com,Perth,2025-06-22,New
335,Noah,Campbell,noah.campbell1@example.com,Brisbane,2025-06-29,Regular
336,Liam,Chen,liam.chen@example.com,Perth,2025-09-16,New
337,Thomas,Chen,thomas.chen1@example.com,Brisbane,2025-07-25,New
338,James,Kelly,james.kelly@example.com,Sydney,2025-12-22,Regular
339,Henry,Walker,henry.walker@example.com,Brisbane,2025-05-06,Regular
340,Jacob,Chen,jacob.chen@example.com,Melbourne,2024-10-21,Regular
341,Ethan,Clarke,ethan.clarke@example.com,Brisbane,2025-02-08,Lapsed
342,Amelia,Kelly,amelia.kelly@example.com,Brisbane,2024-02-13,Lapsed
343,Charlotte,Robinson,charlotte.robinson1@example.com,Other,2025-03-28,New
344,Henry,Nguyen,henry.nguyen2@example.com,Adelaide,2024-07-25,New
345,Ethan,Chen,ethan.chen@example.com,Melbourne,2024-05-20,Regular
346,Ruby,Lee,ruby.lee@example.com,Melbourne,2024-09-05,Regular
347,Zoe,Lee,zoe.lee@example.com,Sydney,2025-10-15,New
348,Lucas,Walker,lucas.walker@example.com,Melbourne,2025-04-28,Regular
349,Amelia,Smith,amelia.smith@example.com,Sydney,2025-07-17,Regular
350,Henry,Anderson,henry.anderson3@example.com,Sydney,2025-10-28,VIP
351,James,Walker,james.walker4@example.com,Other,2024-10-19,New
352,Ella,Williams,ella.williams@example.com,Adelaide,2025-10-29,New
353,Jacob,Jones,jacob.jones1@example.com,Perth,2024-06-28,VIP
354,Noah,Jones,noah.jones@example.com,Perth,2025-02-10,New
355,Jacob,Kelly,jacob.kelly@example.com,Melbourne,2024-02-08,New
356,Alexander,Brown,alexander.brown@example.com,Brisbane,2024-12-09,Regular
357,Sophie,Murphy,sophie.murphy@example.com,Perth,2025-06-20,VIP
358,Amelia,Stewart,amelia.stewart@example.com,Brisbane,2025-04-24,New
359,William,Walker,william.walker2@example.com,Other,2024-06-15,Regular
360,Isla,Taylor,isla.taylor1@example.com,Other,2024-01-15,New
361,James,Cook,james.cook@example.com,Sydney,2025-11-21,New
362,Sophie,Clarke,sophie.clarke@example.com,Adelaide,2025-03-13,New
363,Grace,Brown,grace.brown@example.com,Sydney,2024-07-08,Regular
364,Thomas,Smith,thomas.smith@example.com,Perth,2024-09-24,New
365,Ella,Chen,ella.chen@example.com,Brisbane,2024-12-03,Regular
366,Ruby,Smith,ruby.smith@example.com,Other,2024-09-24,Regular
367,Thomas,Jones,thomas.jones@example.com,Melbourne,2025-11-14,Regular
368,Noah,Clarke,noah.clarke@example.com,Adelaide,2025-12-03,Lapsed
369,Emily,Kelly,emily.kelly1@example.com,Melbourne,2025-12-07,Regular
370,James,Robinson,james.robinson@example.com,Sydney,2025-09-21,New
371,Amelia,Anderson,amelia.anderson1@example.com,Perth,2024-06-05,Regular
372,Alexander,Robinson,alexander.robinson@example.com,Other,2025-03-01,Regular
373,Henry,Murphy,henry.murphy1@example.com,Sydney,2025-11-11,VIP
374,Liam,Bell,liam.bell2@example.com,Adelaide,2024-03-24,Regular
375,Emily,Robinson,emily.robinson@example.com,Adelaide,2024-03-20,New
376,Ethan,Stewart,ethan.stewart@example.com,Adelaide,2024-07-26,Regular
377,Noah,Walker,noah.walker1@example.com,Perth,2025-06-16,New
378,Ava,Cook,ava.cook@example.com,Melbourne,2025-05-15,VIP
379,Chloe,Jones,chloe.jones1@example.com,Sydney,2025-04-09,Regular
380,Chloe,Cook,chloe.cook1@example.com,Adelaide,2024-02-29,Regular
381,James,Smith,james.smith1@example.com,Brisbane,2025-02-09,VIP
382,Jacob,Nguyen,jacob.nguyen@example.com,Melbourne,2025-08-15,New
383,Oliver,Williams,oliver.williams3@example.com,Melbourne,2025-07-08,Lapsed
384,Charlotte,Anderson,charlotte.anderson2@example.com,Brisbane,2024-02-02,Regular
385,Ella,Wilson,ella.wilson1@example.com,Other,2025-10-18,Regular
386,Lucas,Robinson,lucas.robinson@example.com,Perth,2025-01-26,VIP
387,Grace,Clarke,grace.clarke1@example.com,Other,2024-03-23,Lapsed
388,Ethan,Wilson,ethan.wilson1@example.com,Brisbane,2025-10-31,New
389,Ethan,Clarke,ethan.clarke1@example.com,Sydney,2025-06-25,Regular
390,Thomas,Smith,thomas.smith1@example.com,Brisbane,2024-01-24,Regular
391,Jacob,Murphy,jacob.murphy2@example.com,Adelaide,2025-03-10,Regular
392,Thomas,Lee,thomas.lee@example.com,Brisbane,2025-04-16,New
393,Ava,Brown,ava.brown@example.com,Other,2024-02-02,Regular
394,Ella,Smith,ella.smith@example.com,Sydney,2024-09-03,New
395,Alexander,Jones,alexander.jones@example.com,Adelaide,2025-04-02,Regular
396,Jack,Lee,jack.lee1@example.com,Perth,2024-02-15,Regular
397,Ethan,Nguyen,ethan.nguyen1@example.com,Sydney,2024-02-27,Regular
398,James,Lee,james.lee1@example.com,Brisbane,2025-08-12,Regular
399,Ella,Walker,ella.walker1@example.com,Brisbane,2024-08-30,VIP
400,Liam,Stewart,liam.stewart@example.com,Perth,2024-08-14,New
401,Jack,Murphy,jack.murphy@example.com,Other,2025-08-28,Lapsed
402,Sophie,Mitchell,sophie.mitchell@example.com,Perth,2025-07-23,New
403,Oliver,Clarke,oliver.clarke1@example.com,Brisbane,2025-06-21,Regular
404,Lucas,Wilson,lucas.wilson2@example.com,Perth,2024-11-03,New
405,Ethan,Anderson,ethan.anderson1@example.com,Sydney,2024-09-03,New
406,Emily,Wilson,emily.wilson1@example.com,Melbourne,2025-04-19,Regular
407,Lucas,Murphy,lucas.murphy1@example.com,Sydney,2025-06-26,Regular
408,Isla,Nguyen,isla.nguyen1@example.com,Other,2024-12-04,New
409,Chloe,Robinson,chloe.robinson1@example.com,Adelaide,2024-04-04,Regular
410,Ava,Jones,ava.jones1@example.com,Perth,2024-10-01,Regular
411,Alexander,Jones,alexander.jones1@example.com,Sydney,2024-03-15,VIP
412,Ruby,Murphy,ruby.murphy1@example.com,Perth,2024-08-10,New
413,Mia,Kelly,mia.kelly1@example.com,Sydney,2024-01-16,Lapsed
414,Jacob,Brown,jacob.brown3@example.com,Sydney,2025-05-05,Regular
415,Emily,Nguyen,emily.nguyen@example.com,Sydney,2025-02-10,Regular
416,Ella,Kelly,ella.kelly1@example.com,Perth,2025-01-24,Regular
417,Oliver,Kelly,oliver.kelly@example.com,Brisbane,2024-09-24,Regular
418,Henry,Campbell,henry.campbell1@example.com,Other,2024-04-10,Regular
419,Mia,Nguyen,mia.nguyen@example.com,Brisbane,2025-01-14,Regular
420,Ruby,Lee,ruby.lee1@example.com,Melbourne,2024-05-29,New
421,Ruby,Cook,ruby.cook2@example.com,Brisbane,2025-03-03,New
422,Mia,Lee,mia.lee@example.com,Adelaide,2025-01-23,VIP
423,Henry,Murphy,henry.murphy2@example.com,Other,2025-11-01,New
424,Ella,Anderson,ella.anderson1@example.com,Other,2025-10-19,Regular
425,Noah,Robinson,noah.robinson1@example.com,Sydney,2024-06-22,Regular
426,Henry,Taylor,henry.taylor1@example.com,Other,2025-07-09,Lapsed
427,Zoe,Jones,zoe.jones1@example.com,Other,2024-03-17,New
428,Olivia,Mitchell,olivia.mitchell@example.com,Other,2024-05-20,New
429,Emily,Wilson,emily.wilson2@example.com,Sydney,2024-01-10,Regular
430,Oliver,Jones,oliver.jones@example.com,Other,2025-09-24,Regular
431,Alexander,Anderson,alexander.anderson1@example.com,Perth,2025-11-06,New
432,Ethan,Murphy,ethan.murphy2@example.com,Melbourne,2025-02-25,New
433,Jacob,Chen,jacob.chen1@example.com,Brisbane,2025-07-02,New
434,Emily,Mitchell,emily.mitchell1@example.com,Melbourne,2024-07-02,Lapsed
435,Zoe,Wilson,zoe.wilson3@example.com,Sydney,2024-09-03,Regular
436,Isla,Robinson,isla.robinson2@example.com,Perth,2024-09-30,New
437,Grace,Campbell,grace.campbell2@example.com,Sydney,2025-08-01,Lapsed
438,Thomas,Kelly,thomas.kelly1@example.com,Melbourne,2025-12-01,Regular
439,Sophie,Jones,sophie.jones2@example.com,Perth,2024-04-05,Regular
440,Ethan,Anderson,ethan.anderson2@example.com,Other,2024-02-27,New
441,Noah,Williams,noah.williams@example.com,Perth,2025-05-26,Regular
442,Mia,Cook,mia.cook@example.com,Adelaide,2024-04-07,Lapsed
443,Thomas,Nguyen,thomas.nguyen@example.com,Adelaide,2025-12-09,Regular
444,Jack,Williams,jack.williams1@example.com,Brisbane,2025-12-01,VIP
445,Ruby,Jones,ruby.jones@example.com,Brisbane,2024-07-02,New
446,Ava,Cook,ava.cook1@example.com,Other,2024-05-27,VIP
447,Charlotte,Kelly,charlotte.kelly1@example.com,Adelaide,2024-06-15,New
448,Grace,Murphy,grace.murphy@example.com,Perth,2024-12-05,VIP
449,Amelia,Williams,amelia.williams2@example.com,Other,2025-05-27,Lapsed
450,Jack,Brown,jack.brown@example.com,Sydney,2025-03-23,VIP
451,Mia,Bell,mia.bell1@example.com,Adelaide,2025-09-20,Regular
452,Ella,Walker,ella.walker2@example.com,Other,2024-01-31,New
453,Chloe,Anderson,chloe.anderson@example.com,Brisbane,2024-08-21,Regular
454,Grace,Mitchell,grace.mitchell1@example.com,Other,2024-07-09,Regular
455,Grace,Williams,grace.williams@example.com,Brisbane,2025-09-25,VIP
456,Emily,Williams,emily.williams@example.com,Brisbane,2024-03-25,New
457,Emily,Wilson,emily.wilson3@example.com,Brisbane,2025-02-02,Regular
458,Charlotte,Smith,charlotte.smith@example.com,Perth,2024-11-11,Regular
459,Isla,Brown,isla.brown@example.com,Melbourne,2024-05-15,New
460,Chloe,Murphy,chloe.murphy1@example.com,Adelaide,2025-07-22,Regular
461,Olivia,Williams,olivia.williams2@example.com,Adelaide,2024-12-28,New
462,Alexander,Walker,alexander.walker1@example.com,Melbourne,2025-01-29,New
463,Grace,Williams,grace.williams1@example.com,Sydney,2025-07-26,Regular
464,Noah,Clarke,noah.clarke1@example.com,Sydney,2024-06-22,New
465,Isla,Anderson,isla.anderson1@example.com,Melbourne,2024-05-29,New
466,Isla,Mitchell,isla.mitchell@example.com,Perth,2024-11-02,VIP
467,Oliver,Chen,oliver.chen2@example.com,Other,2024-09-09,Regular
468,Alexander,Bell,alexander.bell1@example.com,Perth,2024-07-19,New
469,James,Smith,james.smith2@example.com,Brisbane,2025-02-09,VIP
470,Grace,Walker,grace.walker1@example.com,Brisbane,2025-03-26,Regular
471,Sophie,Bell,sophie.bell1@example.com,Brisbane,2024-05-19,New
472,Emily,Nguyen,emily.nguyen1@example.com,Brisbane,2025-05-05,New
473,Grace,Walker,grace.walker2@example.com,Other,2024-10-25,Regular
474,Henry,Cook,henry.cook@example.com,Brisbane,2024-09-05,Regular
475,Grace,Robinson,grace.robinson@example.com,Adelaide,2024-04-26,New
476,Ethan,Taylor,ethan.taylor@example.com,Adelaide,2025-11-29,New
477,Jacob,Campbell,jacob.campbell1@example.com,Sydney,2025-12-26,Regular
478,James,Williams,james.williams2@example.com,Other,2025-02-22,Regular
479,Sophie,Kelly,sophie.kelly@example.com,Brisbane,2024-09-04,Regular
480,Emily,Mitchell,emily.mitchell2@example.com,Melbourne,2025-01-21,Regular
481,Alexander,Anderson,alexander.anderson2@example.com,Perth,2025-08-19,Regular
482,Emily,Mitchell,emily.mitchell3@example.com,Melbourne,2025-07-10,VIP
483,Oliver,Murphy,oliver.murphy1@example.com,Other,2025-08-31,Lapsed
484,William,Lee,william.lee@example.com,Other,2025-11-04,Regular
485,Sophie,Bell,sophie.bell2@example.com,Adelaide,2024-02-15,Lapsed
486,Liam,Clarke,liam.clarke2@example.com,Perth,2024-12-05,New
487,William,Chen,william.chen@example.com,Adelaide,2024-08-15,Regular
488,Ethan,Cook,ethan.cook1@example.com,Adelaide,2025-12-05,New
489,Oliver,Clarke,oliver.clarke2@example.com,Other,2025-04-19,Regular
490,Zoe,Wilson,zoe.wilson4@example.com,Melbourne,2024-12-19,Regular
491,James,Mitchell,james.mitchell@example.com,Melbourne,2024-03-28,VIP
492,Jacob,Wilson,jacob.wilson@example.com,Brisbane,2024-12-22,New
493,Ava,Stewart,ava.stewart@example.com,Brisbane,2025-05-09,Regular
494,Chloe,Campbell,chloe.campbell2@example.com,Melbourne,2024-11-22,New
495,Emily,Brown,emily.brown@example.com,Brisbane,2024-01-24,Regular
496,Liam,Taylor,liam.taylor@example.com,Adelaide,2024-09-06,New
497,Noah,Walker,noah.walker2@example.com,Perth,2025-07-27,Lapsed
498,Thomas,Clarke,thomas.clarke1@example.com,Sydney,2025-10-06,New
499,Liam,Mitchell,liam.mitchell@example.com,Melbourne,2025-02-09,Regular
500,Ava,Campbell,ava.campbell1@example.com,Perth,2025-08-29,Regular
501,Emily,Nguyen,emily.nguyen2@example.com,Brisbane,2024-07-29,VIP
502,Charlotte,Cook,charlotte.cook@example.com,Adelaide,2024-04-14,New
503,Mia,Nguyen,mia.nguyen1@example.com,Melbourne,2025-04-13,New
504,Henry,Stewart,henry.stewart@example.com,Brisbane,2025-10-16,Regular
505,Alexander,Clarke,alexander.clarke1@example.com,Melbourne,2025-08-24,New
506,Chloe,Bell,chloe.bell@example.com,Other,2024-06-25,Regular
507,James,Bell,james.bell1@example.com,Melbourne,2025-08-27,Regular
508,Mia,Brown,mia.brown2@example.com,Brisbane,2024-09-01,New
509,Oliver,Wilson,oliver.wilson2@example.com,Perth,2025-06-07,Regular
510,Amelia,Cook,amelia.cook2@example.com,Perth,2025-01-27,New
511,Sophie,Murphy,sophie.murphy1@example.com,Other,2025-12-11,Lapsed
512,Noah,Murphy,noah.murphy1@example.com,Perth,2024-06-19,New
513,Noah,Walker,noah.walker3@example.com,Adelaide,2025-04-06,New
514,Oliver,Smith,oliver.smith@example.com,Sydney,2025-05-11,New
515,Grace,Murphy,grace.murphy1@example.com,Other,2025-06-01,Regular
516,Liam,Anderson,liam.anderson2@example.com,Other,2025-03-01,VIP
517,Henry,Taylor,henry.taylor2@example.com,Adelaide,2024-03-25,New
518,Ella,Lee,ella.lee@example.com,Melbourne,2024-10-26,New
519,Ethan,Kelly,ethan.kelly@example.com,Perth,2024-06-21,Regular
520,Ella,Anderson,ella.anderson2@example.com,Adelaide,2025-07-16,New
521,William,Chen,william.chen1@example.com,Brisbane,2025-07-10,Regular
522,Ella,Jones,ella.jones1@example.com,Adelaide,2025-03-27,New
523,Lucas,Brown,lucas.brown@example.com,Sydney,2025-10-31,New
524,Jack,Campbell,jack.campbell1@example.com,Brisbane,2024-09-26,VIP
525,Charlotte,Campbell,charlotte.campbell1@example.com,Sydney,2024-04-30,New
526,Jacob,Cook,jacob.cook@example.com,Brisbane,2025-12-06,VIP
527,Alexander,Mitchell,alexander.mitchell1@example.com,Adelaide,2024-06-18,New
528,Ava,Nguyen,ava.nguyen@example.com,Adelaide,2024-03-01,Regular
529,Isla,Bell,isla.bell2@example.com,Sydney,2025-07-05,New
530,Emily,Kelly,emily.kelly2@example.com,Adelaide,2024-10-23,New
531,Zoe,Brown,zoe.brown1@example.com,Perth,2024-05-18,Lapsed
532,Isla,Wilson,isla.wilson1@example.com,Sydney,2025-12-19,New
533,Emily,Walker,emily.walker@example.com,Other,2024-09-10,Regular
534,Amelia,Cook,amelia.cook3@example.com,Brisbane,2025-10-09,Regular
535,Grace,Campbell,grace.campbell3@example.com,Other,2024-03-18,VIP
536,Ella,Williams,ella.williams1@example.com,Adelaide,2025-02-16,Regular
537,Emily,Robinson,emily.robinson1@example.com,Perth,2025-04-10,New
538,Olivia,Williams,olivia.williams3@example.com,Other,2025-04-14,Regular
539,Oliver,Williams,oliver.williams4@example.com,Perth,2025-07-01,New
540,Lucas,Nguyen,lucas.nguyen@example.com,Brisbane,2025-05-21,New
541,James,Walker,james.walker5@example.com,Adelaide,2025-07-14,New
542,Henry,Walker,henry.walker1@example.com,Melbourne,2025-11-29,New
543,Sophie,Campbell,sophie.campbell@example.com,Melbourne,2024-01-17,Lapsed
544,Noah,Campbell,noah.campbell2@example.com,Melbourne,2025-04-12,Lapsed
545,Lucas,Nguyen,lucas.nguyen1@example.com,Sydney,2025-12-06,VIP
546,James,Taylor,james.taylor@example.com,Melbourne,2024-10-07,Regular
547,Isla,Williams,isla.williams@example.com,Other,2025-01-15,Lapsed
548,Noah,Jones,noah.jones1@example.com,Other,2025-02-09,New
549,Emily,Lee,emily.lee1@example.com,Other,2025-03-15,New
550,William,Smith,william.smith1@example.com,Perth,2024-08-06,New
551,Ruby,Lee,ruby.lee2@example.com,Other,2025-06-15,Regular
552,Olivia,Walker,olivia.walker@example.com,Perth,2024-05-03,Regular
553,Henry,Williams,henry.williams1@example.com,Perth,2024-08-22,New
554,William,Brown,william.brown1@example.com,Brisbane,2024-11-16,VIP
555,Amelia,Clarke,amelia.clarke1@example.com,Other,2024-05-16,Lapsed
556,Amelia,Williams,amelia.williams3@example.com,Adelaide,2025-06-27,New
557,Sophie,Taylor,sophie.taylor1@example.com,Brisbane,2025-03-26,Regular
558,Sophie,Wilson,sophie.wilson2@example.com,Adelaide,2025-02-25,Regular
559,Ava,Williams,ava.williams1@example.com,Sydney,2024-04-12,VIP
560,Ruby,Clarke,ruby.clarke1@example.com,Perth,2024-12-25,New
561,Amelia,Lee,amelia.lee@example.com,Other,2024-10-10,New
562,Ethan,Bell,ethan.bell@example.com,Other,2025-09-06,Regular
563,Ella,Smith,ella.smith1@example.com,Brisbane,2025-11-05,New
564,Alexander,Stewart,alexander.stewart@example.com,Other,2024-07-12,Regular
565,Sophie,Jones,sophie.jones3@example.com,Perth,2024-09-02,Regular
566,Thomas,Anderson,thomas.anderson@example.com,Adelaide,2025-10-15,New
567,Olivia,Robinson,olivia.robinson@example.com,Sydney,2024-11-20,Regular
568,Ruby,Mitchell,ruby.mitchell@example.com,Adelaide,2025-01-09,Regular
569,Ella,Anderson,ella.anderson3@example.com,Melbourne,2024-03-15,Regular
570,Olivia,Chen,olivia.chen1@example.com,Melbourne,2024-08-08,Lapsed
571,Grace,Stewart,grace.stewart1@example.com,Other,2024-10-20,Regular
572,Ella,Mitchell,ella.mitchell1@example.com,Other,2025-03-09,Regular
573,Sophie,Murphy,sophie.murphy2@example.com,Adelaide,2025-07-04,New
574,Charlotte,Kelly,charlotte.kelly2@example.com,Adelaide,2024-03-21,Lapsed
575,Amelia,Murphy,amelia.murphy1@example.com,Perth,2024-11-30,Regular
576,Ella,Williams,ella.williams2@example.com,Other,2024-11-13,Regular
577,Thomas,Jones,thomas.jones1@example.com,Melbourne,2024-09-07,Lapsed
578,William,Campbell,william.campbell3@example.com,Adelaide,2025-09-18,New
579,Liam,Taylor,liam.taylor1@example.com,Melbourne,2024-05-02,Regular
580,Emily,Smith,emily.smith@example.com,Perth,2024-06-16,Lapsed
581,Zoe,Stewart,zoe.stewart@example.com,Sydney,2024-09-22,Regular
582,Jacob,Chen,jacob.chen2@example.com,Melbourne,2024-04-30,New
583,Lucas,Chen,lucas.chen1@example.com,Melbourne,2025-06-20,New
584,Ruby,Williams,ruby.williams1@example.com,Perth,2025-05-23,Regular
585,Jack,Anderson,jack.anderson@example.com,Sydney,2025-08-03,Regular
586,Isla,Brown,isla.brown1@example.com,Other,2025-08-10,Regular
587,Thomas,Stewart,thomas.stewart1@example.com,Melbourne,2024-01-03,VIP
588,Olivia,Lee,olivia.lee@example.com,Perth,2024-02-17,Regular
589,Amelia,Taylor,amelia.taylor1@example.com,Adelaide,2024-02-06,VIP
590,Emily,Mitchell,emily.mitchell4@example.com,Brisbane,2024-08-17,New
591,Jacob,Walker,jacob.walker@example.com,Melbourne,2024-10-04,Regular
592,William,Stewart,william.stewart1@example.com,Melbourne,2025-11-20,New
593,Zoe,Jones,zoe.jones2@example.com,Melbourne,2025-02-14,VIP
594,James,Kelly,james.kelly1@example.com,Melbourne,2024-12-01,Regular
595,Olivia,Robinson,olivia.robinson1@example.com,Brisbane,2024-07-24,Regular
596,James,Bell,james.bell2@example.com,Perth,2024-09-05,Regular
597,Henry,Nguyen,henry.nguyen3@example.com,Sydney,2025-07-13,New
598,Lucas,Smith,lucas.smith1@example.com,Adelaide,2024-08-26,New
599,Emily,Smith,emily.smith1@example.com,Melbourne,2024-12-09,VIP
600,Grace,Kelly,grace.kelly@example.com,Sydney,2024-04-16,Regular
601,Thomas,Mitchell,thomas.mitchell2@example.com,Melbourne,2025-05-18,Lapsed
602,Amelia,Chen,amelia.chen1@example.com,Melbourne,2024-04-05,Lapsed
603,Zoe,Mitchell,zoe.mitchell@example.com,Brisbane,2025-12-18,Regular
604,Jacob,Williams,jacob.williams@example.com,Melbourne,2025-08-17,Regular
605,Sophie,Clarke,sophie.clarke1@example.com,Adelaide,2024-03-17,Regular
606,Lucas,Wilson,lucas.wilson3@example.com,Brisbane,2024-08-30,New
607,Mia,Clarke,mia.clarke1@example.com,Other,2025-12-18,New
608,Chloe,Chen,chloe.chen1@example.com,Melbourne,2024-08-27,Lapsed
609,Amelia,Cook,amelia.cook4@example.com,Sydney,2024-04-21,New
610,Chloe,Campbell,chloe.campbell3@example.com,Perth,2024-11-17,New
611,Oliver,Nguyen,oliver.nguyen@example.com,Brisbane,2025-04-07,Regular
612,William,Williams,william.williams@example.com,Other,2024-06-10,New
613,Emily,Bell,emily.bell@example.com,Sydney,2024-02-11,VIP
614,Mia,Wilson,mia.wilson1@example.com,Other,2024-04-03,New
615,Oliver,Clarke,oliver.clarke3@example.com,Melbourne,2025-06-09,Regular
616,Isla,Taylor,isla.taylor2@example.com,Perth,2024-02-01,VIP
617,Ethan,Murphy,ethan.murphy3@example.com,Melbourne,2024-09-12,Regular
618,Amelia,Brown,amelia.brown@example.com,Melbourne,2024-01-13,VIP
619,Thomas,Wilson,thomas.wilson@example.com,Perth,2024-07-21,Regular
620,Sophie,Williams,sophie.williams1@example.com,Adelaide,2025-08-19,New
621,Charlotte,Smith,charlotte.smith1@example.com,Sydney,2024-03-07,Lapsed
622,Chloe,Wilson,chloe.wilson1@example.com,Brisbane,2024-04-04,New
623,Chloe,Jones,chloe.jones2@example.com,Adelaide,2024-06-21,Regular
624,Jacob,Clarke,jacob.clarke@example.com,Melbourne,2025-05-23,Regular
625,Lucas,Taylor,lucas.taylor5@example.com,Sydney,2024-12-28,Lapsed
626,Isla,Chen,isla.chen@example.com,Sydney,2025-04-01,New
627,Alexander,Bell,alexander.bell2@example.com,Other,2024-09-08,New
628,Lucas,Murphy,lucas.murphy2@example.com,Melbourne,2025-05-05,New
629,Grace,Wilson,grace.wilson@example.com,Sydney,2025-03-05,Regular
630,Zoe,Lee,zoe.lee1@example.com,Adelaide,2025-10-07,VIP
631,Grace,Robinson,grace.robinson1@example.com,Adelaide,2025-05-06,VIP
632,Oliver,Cook,oliver.cook1@example.com,Brisbane,2025-05-29,Regular
633,Noah,Smith,noah.smith@example.com,Adelaide,2024-11-22,New
634,Ella,Chen,ella.chen1@example.com,Perth,2024-02-29,Regular
635,Ella,Cook,ella.cook1@example.com,Sydney,2024-08-26,New
636,Liam,Lee,liam.lee@example.com,Adelaide,2024-09-29,VIP
637,Jacob,Jones,jacob.jones2@example.com,Adelaide,2024-08-12,VIP
638,Grace,Robinson,grace.robinson2@example.com,Sydney,2024-06-26,New
639,Mia,Robinson,mia.robinson@example.com,Melbourne,2025-08-28,Regular
640,Oliver,Cook,oliver.cook2@example.com,Sydney,2025-07-31,Regular
641,Ava,Anderson,ava.anderson@example.com,Brisbane,2025-07-09,New
642,Jack,Williams,jack.williams2@example.com,Sydney,2024-02-27,Regular
643,Olivia,Stewart,olivia.stewart@example.com,Melbourne,2025-05-04,New
644,Alexander,Nguyen,alexander.nguyen@example.com,Brisbane,2024-05-13,Regular
645,Mia,Jones,mia.jones@example.com,Sydney,2024-01-23,Regular
646,Amelia,Brown,amelia.brown1@example.com,Brisbane,2025-06-22,Lapsed
647,Oliver,Clarke,oliver.clarke4@example.com,Melbourne,2025-08-23,New
648,Mia,Wilson,mia.wilson2@example.com,Other,2024-06-10,Lapsed
649,Sophie,Anderson,sophie.anderson1@example.com,Brisbane,2025-10-26,New
650,Ethan,Bell,ethan.bell1@example.com,Sydney,2024-12-31,Regular
651,Noah,Clarke,noah.clarke2@example.com,Other,2024-11-10,Regular
652,Amelia,Taylor,amelia.taylor2@example.com,Other,2024-01-02,Lapsed
653,Grace,Cook,grace.cook@example.com,Sydney,2024-02-03,Regular
654,Alexander,Lee,alexander.lee@example.com,Adelaide,2025-10-16,New
655,Henry,Wilson,henry.wilson1@example.com,Other,2024-12-05,New
656,Oliver,Walker,oliver.walker@example.com,Other,2024-06-20,VIP
657,Charlotte,Walker,charlotte.walker2@example.com,Melbourne,2025-04-02,New
658,Thomas,Williams,thomas.williams1@example.com,Brisbane,2024-12-24,VIP
659,Jacob,Smith,jacob.smith1@example.com,Perth,2024-02-19,Regular
660,Lucas,Taylor,lucas.taylor6@example.com,Perth,2025-02-27,VIP
661,Oliver,Murphy,oliver.murphy2@example.com,Melbourne,2025-01-19,VIP
662,Ruby,Lee,ruby.lee3@example.com,Perth,2024-06-15,New
663,Jack,Kelly,jack.kelly@example.com,Brisbane,2024-01-21,New
664,William,Williams,william.williams1@example.com,Sydney,2024-12-16,VIP
665,Noah,Williams,noah.williams1@example.com,Melbourne,2025-07-14,New
666,Alexander,Anderson,alexander.anderson3@example.com,Melbourne,2025-12-22,Regular
667,Sophie,Taylor,sophie.taylor2@example.com,Perth,2025-09-13,New
668,William,Walker,william.walker3@example.com,Sydney,2024-07-29,Regular
669,Ethan,Murphy,ethan.murphy4@example.com,Other,2024-09-28,New
670,Thomas,Brown,thomas.brown1@example.com,Perth,2024-02-20,Regular
671,Henry,Wilson,henry.wilson2@example.com,Brisbane,2024-02-25,New
672,Charlotte,Kelly,charlotte.kelly3@example.com,Other,2025-11-08,Regular
673,Ava,Brown,ava.brown1@example.com,Sydney,2024-01-27,New
674,James,Williams,james.williams3@example.com,Melbourne,2025-04-29,New
675,Grace,Anderson,grace.anderson3@example.com,Other,2025-05-15,New
676,Sophie,Murphy,sophie.murphy3@example.com,Sydney,2025-01-31,Regular
677,Grace,Robinson,grace.robinson3@example.com,Perth,2024-07-10,New
678,Chloe,Campbell,chloe.campbell4@example.com,Sydney,2024-09-26,VIP
679,Ruby,Jones,ruby.jones1@example.com,Other,2024-06-03,Regular
680,Charlotte,Robinson,charlotte.robinson2@example.com,Perth,2025-07-08,Lapsed
681,Ruby,Lee,ruby.lee4@example.com,Melbourne,2025-07-20,VIP
682,Zoe,Mitchell,zoe.mitchell1@example.com,Other,2025-07-02,VIP
683,Henry,Cook,henry.cook1@example.com,Perth,2024-08-29,New
684,Grace,Jones,grace.jones@example.com,Adelaide,2025-05-29,Lapsed
685,Ruby,Bell,ruby.bell1@example.com,Melbourne,2024-05-30,Lapsed
686,Chloe,Taylor,chloe.taylor1@example.com,Sydney,2024-06-20,VIP
687,Amelia,Jones,amelia.jones1@example.com,Melbourne,2025-03-09,Lapsed
688,Lucas,Nguyen,lucas.nguyen2@example.com,Sydney,2025-10-04,VIP
689,Isla,Walker,isla.walker@example.com,Melbourne,2024-03-09,Regular
690,Grace,Murphy,grace.murphy2@example.com,Brisbane,2024-11-29,Regular
691,Olivia,Bell,olivia.bell1@example.com,Adelaide,2025-08-24,VIP
692,William,Mitchell,william.mitchell2@example.com,Sydney,2024-06-02,Regular
693,Ruby,Brown,ruby.brown1@example.com,Adelaide,2024-04-18,VIP
694,James,Murphy,james.murphy@example.com,Perth,2024-12-18,New
695,Sophie,Anderson,sophie.anderson2@example.com,Adelaide,2025-08-08,Regular
696,Noah,Chen,noah.chen@example.com,Sydney,2025-02-16,Regular
697,Liam,Clarke,liam.clarke3@example.com,Perth,2024-02-09,VIP
698,Mia,Lee,mia.lee1@example.com,Other,2024-02-20,Regular
699,Isla,Robinson,isla.robinson3@example.com,Brisbane,2024-01-21,VIP
700,James,Kelly,james.kelly2@example.com,Perth,2024-10-14,VIP
701,Liam,Brown,liam.brown1@example.com,Sydney,2024-08-21,New
702,Jacob,Campbell,jacob.campbell2@example.com,Brisbane,2024-11-24,Regular
703,Alexander,Williams,alexander.williams@example.com,Perth,2024-07-11,New
704,Lucas,Anderson,lucas.anderson1@example.com,Brisbane,2025-06-12,VIP
705,Zoe,Taylor,zoe.taylor1@example.com,Brisbane,2024-03-08,Regular
706,Grace,Wilson,grace.wilson1@example.com,Adelaide,2025-06-20,New
707,Ava,Nguyen,ava.nguyen1@example.com,Sydney,2024-02-29,New
708,Jack,Robinson,jack.robinson1@example.com,Sydney,2025-12-22,New
709,Chloe,Stewart,chloe.stewart@example.com,Other,2025-02-10,Lapsed
710,Liam,Smith,liam.smith@example.com,Brisbane,2024-09-04,Regular
711,Chloe,Taylor,chloe.taylor2@example.com,Adelaide,2025-04-30,Regular
712,Oliver,Taylor,oliver.taylor@example.com,Other,2024-09-21,VIP
713,Charlotte,Kelly,charlotte.kelly4@example.com,Perth,2024-01-29,New
714,Ruby,Nguyen,ruby.nguyen@example.com,Other,2024-08-14,New
715,Ava,Chen,ava.chen@example.com,Perth,2025-10-29,Regular
716,Ella,Smith,ella.smith2@example.com,Sydney,2025-04-30,Regular
717,Alexander,Smith,alexander.smith1@example.com,Brisbane,2024-08-17,Regular
718,James,Chen,james.chen@example.com,Perth,2025-03-09,VIP
719,Chloe,Chen,chloe.chen2@example.com,Perth,2024-08-11,New
720,Zoe,Bell,zoe.bell2@example.com,Adelaide,2025-02-10,New
721,Zoe,Robinson,zoe.robinson3@example.com,Other,2025-07-28,Regular
722,James,Kelly,james.kelly3@example.com,Melbourne,2025-12-01,Regular
723,Mia,Chen,mia.chen1@example.com,Brisbane,2025-10-17,VIP
724,Isla,Kelly,isla.kelly1@example.com,Sydney,2024-07-11,Regular
725,Thomas,Jones,thomas.jones2@example.com,Perth,2025-09-06,Regular
726,Liam,Wilson,liam.wilson1@example.com,Other,2024-01-27,Regular
727,James,Chen,james.chen1@example.com,Perth,2025-03-04,Regular
728,Jack,Cook,jack.cook@example.com,Adelaide,2025-12-26,VIP
729,Mia,Lee,mia.lee2@example.com,Adelaide,2025-12-03,Regular
730,Henry,Robinson,henry.robinson@example.com,Brisbane,2025-06-03,VIP
731,Liam,Murphy,liam.murphy1@example.com,Brisbane,2024-07-04,New
732,Amelia,Chen,amelia.chen2@example.com,Sydney,2025-07-26,Lapsed
733,Mia,Williams,mia.williams@example.com,Brisbane,2024-08-15,New
734,James,Mitchell,james.mitchell1@example.com,Brisbane,2024-12-05,New
735,James,Campbell,james.campbell2@example.com,Perth,2024-04-30,New
736,Sophie,Cook,sophie.cook1@example.com,Adelaide,2025-08-17,New
737,Ava,Stewart,ava.stewart1@example.com,Other,2024-05-02,Regular
738,James,Mitchell,james.mitchell2@example.com,Sydney,2024-02-25,New
739,Ava,Walker,ava.walker2@example.com,Adelaide,2025-02-23,VIP
740,Chloe,Wilson,chloe.wilson2@example.com,Other,2024-11-19,New
741,Charlotte,Anderson,charlotte.anderson3@example.com,Other,2024-12-06,Lapsed
742,Mia,Jones,mia.jones1@example.com,Perth,2024-01-05,New
743,Ella,Taylor,ella.taylor2@example.com,Sydney,2025-08-13,Regular
744,Ella,Williams,ella.williams3@example.com,Adelaide,2024-05-12,Regular
745,Lucas,Clarke,lucas.clarke@example.com,Perth,2025-03-15,Regular
746,Jack,Murphy,jack.murphy1@example.com,Other,2024-07-23,Regular
747,Olivia,Walker,olivia.walker1@example.com,Sydney,2025-06-27,New
748,Olivia,Lee,olivia.lee1@example.com,Other,2024-08-19,VIP
749,James,Wilson,james.wilson@example.com,Perth,2024-04-15,Regular
750,James,Taylor,james.taylor1@example.com,Melbourne,2024-03-07,New
751,James,Campbell,james.campbell3@example.com,Adelaide,2025-06-16,Regular
752,Lucas,Wilson,lucas.wilson4@example.com,Perth,2024-12-16,Regular
753,Ava,Taylor,ava.taylor1@example.com,Melbourne,2025-02-17,New
754,Jacob,Wilson,jacob.wilson1@example.com,Other,2024-08-04,New
755,Zoe,Taylor,zoe.taylor2@example.com,Brisbane,2024-05-06,Regular
756,Jack,Clarke,jack.clarke1@example.com,Brisbane,2025-10-17,VIP
757,Alexander,Jones,alexander.jones2@example.com,Melbourne,2025-08-31,Regular
758,Sophie,Smith,sophie.smith1@example.com,Other,2024-02-19,New
759,Chloe,Clarke,chloe.clarke@example.com,Adelaide,2024-05-06,New
760,Emily,Wilson,emily.wilson4@example.com,Other,2024-07-29,Regular
761,Olivia,Kelly,olivia.kelly1@example.com,Other,2025-03-06,New
762,Zoe,Chen,zoe.chen1@example.com,Adelaide,2025-09-29,Regular
763,Lucas,Brown,lucas.brown1@example.com,Other,2025-06-07,Regular
764,James,Brown,james.brown@example.com,Perth,2024-04-18,New
765,Ava,Chen,ava.chen1@example.com,Sydney,2025-06-19,Regular
766,Lucas,Kelly,lucas.kelly1@example.com,Melbourne,2024-06-13,Regular
767,Ava,Anderson,ava.anderson1@example.com,Sydney,2024-12-04,New
768,Liam,Williams,liam.williams1@example.com,Adelaide,2024-04-23,Regular
769,Amelia,Williams,amelia.williams4@example.com,Melbourne,2025-06-07,Regular
770,William,Chen,william.chen2@example.com,Sydney,2025-10-21,Regular
771,James,Chen,james.chen2@example.com,Melbourne,2025-04-20,New
772,Noah,Jones,noah.jones2@example.com,Brisbane,2024-10-24,VIP
773,Mia,Mitchell,mia.mitchell@example.com,Melbourne,2024-04-28,VIP
774,Jack,Smith,jack.smith@example.com,Other,2024-05-21,Regular
775,Mia,Robinson,mia.robinson1@example.com,Adelaide,2025-03-24,New
776,Jacob,Williams,jacob.williams1@example.com,Brisbane,2025-01-16,New
777,Grace,Clarke,grace.clarke2@example.com,Brisbane,2025-04-12,VIP
778,Emily,Anderson,emily.anderson@example.com,Other,2025-03-07,VIP
779,Noah,Brown,noah.brown@example.com,Other,2024-05-15,Regular
780,Noah,Brown,noah.brown1@example.com,Adelaide,2025-03-02,Regular
781,Ruby,Campbell,ruby.campbell@example.com,Adelaide,2024-07-04,Regular
782,Oliver,Bell,oliver.bell@example.com,Other,2024-01-30,VIP
783,Jacob,Wilson,jacob.wilson2@example.com,Perth,2025-05-09,New
784,Lucas,Campbell,lucas.campbell@example.com,Melbourne,2024-02-17,New
785,Mia,Smith,mia.smith@example.com,Other,2025-12-22,Regular
786,Jacob,Cook,jacob.cook1@example.com,Sydney,2025-08-01,Lapsed
787,Liam,Walker,liam.walker1@example.com,Adelaide,2025-06-15,Regular
788,Alexander,Brown,alexander.brown1@example.com,Other,2025-03-19,Regular
789,Henry,Robinson,henry.robinson1@example.com,Other,2025-11-10,Regular
790,Amelia,Murphy,amelia.murphy2@example.com,Melbourne,2025-09-19,New
791,Noah,Stewart,noah.stewart@example.com,Perth,2025-04-25,VIP
792,Charlotte,Anderson,charlotte.anderson4@example.com,Sydney,2024-11-24,New
793,Isla,Jones,isla.jones1@example.com,Sydney,2025-06-03,Regular
794,Grace,Clarke,grace.clarke3@example.com,Melbourne,2024-08-28,Regular
795,Ruby,Campbell,ruby.campbell1@example.com,Perth,2024-03-31,Regular
796,William,Anderson,william.anderson2@example.com,Melbourne,2025-10-31,New
797,Lucas,Jones,lucas.jones@example.com,Adelaide,2025-07-24,New
798,Charlotte,Bell,charlotte.bell@example.com,Other,2025-09-25,New
799,Zoe,Murphy,zoe.murphy3@example.com,Other,2024-07-30,Regular
800,Mia,Robinson,mia.robinson2@example.com,Sydney,2024-02-25,VIP
801,Mia,Murphy,mia.murphy@example.com,Adelaide,2025-09-26,Regular
802,Liam,Robinson,liam.robinson@example.com,Melbourne,2025-04-08,New
803,Liam,Lee,liam.lee1@example.com,Brisbane,2024-01-03,Regular
804,Sophie,Kelly,sophie.kelly1@example.com,Adelaide,2025-07-14,Regular
805,William,Jones,william.jones@example.com,Perth,2024-06-17,New
806,Emily,Mitchell,emily.mitchell5@example.com,Brisbane,2024-04-19,Regular
807,Ava,Brown,ava.brown2@example.com,Sydney,2025-02-06,Regular
808,Ava,Walker,ava.walker3@example.com,Perth,2024-04-20,New
809,Sophie,Cook,sophie.cook2@example.com,Perth,2024-05-06,Regular
810,Ruby,Stewart,ruby.stewart@example.com,Perth,2024-05-17,New
811,Jacob,Jones,jacob.jones3@example.com,Perth,2025-07-20,VIP
812,Henry,Stewart,henry.stewart1@example.com,Other,2024-06-30,Regular
813,Jacob,Wilson,jacob.wilson3@example.com,Perth,2024-04-16,Regular
814,Alexander,Walker,alexander.walker2@example.com,Perth,2025-05-31,Regular
815,Alexander,Lee,alexander.lee1@example.com,Perth,2024-10-07,Lapsed
816,James,Campbell,james.campbell4@example.com,Sydney,2024-05-16,Regular
817,Emily,Stewart,emily.stewart@example.com,Other,2024-11-02,Regular
818,Mia,Murphy,mia.murphy1@example.com,Sydney,2025-10-09,New
819,Alexander,Kelly,alexander.kelly@example.com,Brisbane,2025-12-04,Lapsed
820,Amelia,Taylor,amelia.taylor3@example.com,Adelaide,2025-05-30,Regular
821,Mia,Brown,mia.brown3@example.com,Adelaide,2024-12-26,Regular
822,Ruby,Mitchell,ruby.mitchell1@example.com,Other,2025-11-21,VIP
823,Ethan,Kelly,ethan.kelly1@example.com,Melbourne,2025-03-08,Regular
824,Olivia,Clarke,olivia.clarke@example.com,Melbourne,2024-05-28,Regular
825,Ava,Chen,ava.chen2@example.com,Brisbane,2024-06-13,Regular
826,Amelia,Jones,amelia.jones2@example.com,Brisbane,2025-12-08,New
827,Ethan,Jones,ethan.jones1@example.com,Perth,2025-01-02,New
828,Liam,Murphy,liam.murphy2@example.com,Other,2024-08-17,Regular
829,Grace,Lee,grace.lee1@example.com,Other,2025-06-07,New
830,Liam,Jones,liam.jones1@example.com,Perth,2025-01-25,Regular
831,Liam,Walker,liam.walker2@example.com,Melbourne,2025-07-19,New
832,Isla,Nguyen,isla.nguyen2@example.com,Perth,2025-09-27,VIP
833,Sophie,Robinson,sophie.robinson@example.com,Adelaide,2025-08-25,Regular
834,Ava,Nguyen,ava.nguyen2@example.com,Perth,2024-10-28,New
835,Liam,Williams,liam.williams2@example.com,Sydney,2024-07-10,Regular
836,William,Clarke,william.clarke1@example.com,Perth,2024-02-11,New
837,Isla,Wilson,isla.wilson2@example.com,Adelaide,2024-06-13,VIP
838,Olivia,Walker,olivia.walker2@example.com,Other,2025-04-22,Lapsed
839,Jack,Wilson,jack.wilson3@example.com,Adelaide,2024-11-26,New
840,Sophie,Bell,sophie.bell3@example.com,Brisbane,2025-11-08,Regular
841,Ruby,Murphy,ruby.murphy2@example.com,Melbourne,2025-01-01,VIP
842,Mia,Stewart,mia.stewart@example.com,Sydney,2024-08-13,Regular
843,Zoe,Taylor,zoe.taylor3@example.com,Adelaide,2025-03-01,Regular
844,Charlotte,Robinson,charlotte.robinson3@example.com,Sydney,2024-08-14,Regular
845,Mia,Robinson,mia.robinson3@example.com,Sydney,2024-10-27,Lapsed
846,Alexander,Stewart,alexander.stewart1@example.com,Adelaide,2025-05-01,VIP
847,Sophie,Smith,sophie.smith2@example.com,Other,2024-04-27,New
848,Thomas,Bell,thomas.bell@example.com,Sydney,2025-09-28,Lapsed
849,Liam,Walker,liam.walker3@example.com,Melbourne,2025-01-25,Regular
850,Ethan,Kelly,ethan.kelly2@example.com,Adelaide,2024-01-26,VIP
851,Oliver,Stewart,oliver.stewart1@example.com,Perth,2025-06-04,Regular
852,James,Nguyen,james.nguyen@example.com,Adelaide,2024-11-24,New
853,William,Taylor,william.taylor@example.com,Adelaide,2025-07-04,New
854,Charlotte,Nguyen,charlotte.nguyen@example.com,Other,2025-11-17,VIP
855,Liam,Mitchell,liam.mitchell1@example.com,Sydney,2024-04-16,Regular
856,Emily,Mitchell,emily.mitchell6@example.com,Melbourne,2025-10-24,Regular
857,Amelia,Smith,amelia.smith1@example.com,Other,2025-04-15,New
858,Charlotte,Williams,charlotte.williams1@example.com,Sydney,2024-02-25,VIP
859,Ethan,Williams,ethan.williams@example.com,Sydney,2025-08-11,Lapsed
860,Lucas,Clarke,lucas.clarke1@example.com,Other,2025-04-06,Regular
861,Mia,Smith,mia.smith1@example.com,Other,2025-02-02,New
862,Olivia,Bell,olivia.bell2@example.com,Other,2024-03-05,Regular
863,Emily,Williams,emily.williams1@example.com,Adelaide,2025-01-01,New
864,Liam,Kelly,liam.kelly@example.com,Melbourne,2025-09-13,New
865,Chloe,Clarke,chloe.clarke1@example.com,Other,2025-02-08,New
866,Noah,Murphy,noah.murphy2@example.com,Sydney,2024-08-13,Regular
867,Ethan,Kelly,ethan.kelly3@example.com,Sydney,2025-10-11,New
868,Jacob,Robinson,jacob.robinson1@example.com,Adelaide,2024-01-12,VIP
869,Amelia,Brown,amelia.brown2@example.com,Melbourne,2024-02-12,Regular
870,Grace,Murphy,grace.murphy3@example.com,Melbourne,2025-07-14,New
871,Jacob,Robinson,jacob.robinson2@example.com,Perth,2024-08-04,Lapsed
872,Zoe,Wilson,zoe.wilson5@example.com,Sydney,2024-06-13,New
873,Isla,Nguyen,isla.nguyen3@example.com,Sydney,2024-04-27,Regular
874,Ruby,Jones,ruby.jones2@example.com,Perth,2025-07-16,Regular
875,Charlotte,Kelly,charlotte.kelly5@example.com,Melbourne,2025-11-18,New
876,Ava,Cook,ava.cook2@example.com,Brisbane,2025-05-13,Regular
877,Liam,Lee,liam.lee2@example.com,Brisbane,2024-04-12,Regular
878,Ava,Walker,ava.walker4@example.com,Perth,2025-05-12,New
879,Liam,Kelly,liam.kelly1@example.com,Adelaide,2025-12-11,New
880,Ruby,Robinson,ruby.robinson@example.com,Perth,2024-11-19,New
881,Mia,Lee,mia.lee3@example.com,Other,2024-08-14,Regular
882,Lucas,Chen,lucas.chen2@example.com,Sydney,2025-01-03,Regular
883,Mia,Anderson,mia.anderson1@example.com,Perth,2025-04-18,Regular
884,James,Anderson,james.anderson2@example.com,Melbourne,2025-07-18,New
885,Alexander,Williams,alexander.williams1@example.com,Sydney,2024-10-14,VIP
886,Ava,Chen,ava.chen3@example.com,Melbourne,2025-10-03,Regular
887,Olivia,Stewart,olivia.stewart1@example.com,Melbourne,2025-10-08,VIP
888,Ruby,Clarke,ruby.clarke2@example.com,Sydney,2025-08-27,Lapsed
889,Ethan,Chen,ethan.chen1@example.com,Adelaide,2025-07-10,Regular
890,Ella,Wilson,ella.wilson2@example.com,Perth,2025-01-09,New
891,Ella,Cook,ella.cook2@example.com,Sydney,2024-10-24,Regular
892,Zoe,Williams,zoe.williams@example.com,Brisbane,2025-02-10,Regular
893,Liam,Lee,liam.lee3@example.com,Other,2025-09-20,New
894,Zoe,Wilson,zoe.wilson6@example.com,Sydney,2025-04-01,New
895,Ruby,Wilson,ruby.wilson2@example.com,Brisbane,2025-05-10,New
896,Ella,Anderson,ella.anderson4@example.com,Melbourne,2024-08-25,New
897,Thomas,Jones,thomas.jones3@example.com,Sydney,2025-11-15,Regular
898,Oliver,Clarke,oliver.clarke5@example.com,Perth,2025-04-25,VIP
899,Jack,Walker,jack.walker1@example.com,Other,2024-04-15,Lapsed
900,Sophie,Chen,sophie.chen1@example.com,Adelaide,2024-09-26,Regular
901,Noah,Clarke,noah.clarke3@example.com,Perth,2025-10-31,Regular
902,Sophie,Williams,sophie.williams2@example.com,Brisbane,2025-06-13,Regular
903,Thomas,Stewart,thomas.stewart2@example.com,Brisbane,2025-02-19,VIP
904,Oliver,Anderson,oliver.anderson@example.com,Adelaide,2025-05-08,New
905,Amelia,Campbell,amelia.campbell@example.com,Sydney,2024-06-18,New
906,Sophie,Chen,sophie.chen2@example.com,Sydney,2024-08-04,New
907,Oliver,Bell,oliver.bell1@example.com,Other,2024-05-01,New
908,Mia,Brown,mia.brown4@example.com,Other,2025-05-08,Regular
909,Ava,Cook,ava.cook3@example.com,Other,2024-06-14,VIP
910,Olivia,Lee,olivia.lee2@example.com,Sydney,2024-02-14,Regular
911,Noah,Wilson,noah.wilson@example.com,Adelaide,2025-10-06,New
912,Ruby,Wilson,ruby.wilson3@example.com,Sydney,2024-02-27,New
913,Noah,Stewart,noah.stewart1@example.com,Adelaide,2025-02-19,Lapsed
914,Sophie,Smith,sophie.smith3@example.com,Brisbane,2025-11-08,Lapsed
915,Ava,Campbell,ava.campbell2@example.com,Perth,2025-09-13,VIP
916,Noah,Lee,noah.lee@example.com,Adelaide,2025-02-24,New
917,Ruby,Taylor,ruby.taylor1@example.com,Other,2025-09-30,Regular
918,Noah,Walker,noah.walker4@example.com,Adelaide,2025-04-09,Regular
919,Thomas,Clarke,thomas.clarke2@example.com,Sydney,2025-01-29,New
920,Ava,Stewart,ava.stewart2@example.com,Other,2025-05-31,Regular
921,Amelia,Bell,amelia.bell1@example.com,Sydney,2024-04-08,Regular
922,Alexander,Bell,alexander.bell3@example.com,Adelaide,2024-02-09,Regular
923,William,Williams,william.williams2@example.com,Other,2025-05-08,New
924,Alexander,Murphy,alexander.murphy1@example.com,Other,2024-01-02,Regular
925,Zoe,Mitchell,zoe.mitchell2@example.com,Melbourne,2025-01-14,Regular
926,Lucas,Lee,lucas.lee@example.com,Perth,2025-05-08,Regular
927,Jacob,Cook,jacob.cook2@example.com,Perth,2024-04-10,New
928,Henry,Lee,henry.lee@example.com,Brisbane,2024-03-26,Regular
929,Ethan,Mitchell,ethan.mitchell@example.com,Sydney,2024-09-20,New
930,Jacob,Smith,jacob.smith2@example.com,Adelaide,2025-08-14,New
931,Olivia,Clarke,olivia.clarke1@example.com,Sydney,2025-11-01,Regular
932,Mia,Mitchell,mia.mitchell1@example.com,Melbourne,2025-01-05,New
933,Sophie,Cook,sophie.cook3@example.com,Brisbane,2024-09-16,VIP
934,Lucas,Cook,lucas.cook1@example.com,Adelaide,2025-01-09,New
935,Liam,Clarke,liam.clarke4@example.com,Perth,2024-07-27,Regular
936,Ethan,Anderson,ethan.anderson3@example.com,Brisbane,2024-07-02,Regular
937,Henry,Chen,henry.chen@example.com,Adelaide,2024-11-10,New
938,Emily,Clarke,emily.clarke3@example.com,Other,2024-05-21,New
939,Thomas,Campbell,thomas.campbell1@example.com,Sydney,2025-12-17,New
940,Zoe,Clarke,zoe.clarke2@example.com,Adelaide,2024-12-12,Regular
941,Liam,Jones,liam.jones2@example.com,Perth,2024-06-13,Lapsed
942,Olivia,Williams,olivia.williams4@example.com,Perth,2024-05-28,Lapsed
943,Lucas,Williams,lucas.williams@example.com,Brisbane,2024-03-06,New
944,Charlotte,Bell,charlotte.bell1@example.com,Other,2024-02-08,Regular
945,Grace,Bell,grace.bell3@example.com,Adelaide,2025-11-02,New
946,Alexander,Jones,alexander.jones3@example.com,Other,2024-06-28,Regular
947,Olivia,Nguyen,olivia.nguyen@example.com,Adelaide,2025-11-03,New
948,Jack,Bell,jack.bell1@example.com,Adelaide,2025-06-06,Regular
949,Alexander,Taylor,alexander.taylor@example.com,Melbourne,2025-11-21,Regular
950,Sophie,Smith,sophie.smith4@example.com,Melbourne,2024-06-10,Lapsed
951,Ella,Clarke,ella.clarke2@example.com,Other,2024-12-27,Regular
952,Ruby,Nguyen,ruby.nguyen1@example.com,Melbourne,2025-06-14,Regular
953,Charlotte,Williams,charlotte.williams2@example.com,Brisbane,2025-07-16,Regular
954,Ethan,Cook,ethan.cook2@example.com,Brisbane,2024-12-22,Lapsed
955,Isla,Lee,isla.lee@example.com,Sydney,2025-09-12,Regular
956,Grace,Cook,grace.cook1@example.com,Brisbane,2024-01-05,New
957,Zoe,Brown,zoe.brown2@example.com,Melbourne,2025-07-26,Regular
958,Mia,Brown,mia.brown5@example.com,Brisbane,2025-06-09,VIP
959,Ruby,Chen,ruby.chen@example.com,Perth,2025-12-11,Lapsed
960,Ruby,Anderson,ruby.anderson1@example.com,Brisbane,2024-09-06,Lapsed
961,Chloe,Campbell,chloe.campbell5@example.com,Melbourne,2025-08-23,Regular
962,Isla,Williams,isla.williams1@example.com,Other,2025-01-26,VIP
963,Thomas,Lee,thomas.lee1@example.com,Perth,2024-11-19,Lapsed
964,Zoe,Murphy,zoe.murphy4@example.com,Other,2024-01-10,VIP
965,Thomas,Kelly,thomas.kelly2@example.com,Perth,2024-04-05,Regular
966,Mia,Williams,mia.williams1@example.com,Sydney,2025-07-21,Regular
967,Oliver,Nguyen,oliver.nguyen1@example.com,Brisbane,2025-08-10,New
968,Jacob,Nguyen,jacob.nguyen1@example.com,Other,2025-05-25,New
969,Jacob,Lee,jacob.lee1@example.com,Sydney,2024-09-28,New
970,Thomas,Bell,thomas.bell1@example.com,Sydney,2024-12-30,VIP
971,William,Williams,william.williams3@example.com,Other,2025-11-23,Regular
972,Olivia,Murphy,olivia.murphy1@example.com,Perth,2024-02-13,Regular
973,Mia,Anderson,mia.anderson2@example.com,Brisbane,2025-08-11,Regular
974,Ella,Stewart,ella.stewart@example.com,Perth,2024-10-13,New
975,Ruby,Wilson,ruby.wilson4@example.com,Adelaide,2024-02-25,VIP
976,Henry,Murphy,henry.murphy3@example.com,Adelaide,2024-02-03,New
977,Liam,Taylor,liam.taylor2@example.com,Melbourne,2025-04-13,Regular
978,Chloe,Walker,chloe.walker@example.com,Melbourne,2025-12-06,New
979,Ava,Clarke,ava.clarke@example.com,Melbourne,2025-08-17,New
980,Alexander,Chen,alexander.chen@example.com,Adelaide,2024-07-10,New
981,Isla,Anderson,isla.anderson2@example.com,Brisbane,2025-09-19,Regular
982,Henry,Mitchell,henry.mitchell@example.com,Perth,2024-08-03,Regular
983,Oliver,Robinson,oliver.robinson1@example.com,Brisbane,2025-02-14,Regular
984,Ruby,Wilson,ruby.wilson5@example.com,Other,2025-08-12,New
985,William,Chen,william.chen3@example.com,Adelaide,2024-08-29,Regular
986,Grace,Nguyen,grace.nguyen1@example.com,Other,2024-05-29,New
987,Olivia,Taylor,olivia.taylor@example.com,Perth,2025-03-07,New
988,Sophie,Stewart,sophie.stewart@example.com,Other,2025-06-30,New
989,Henry,Kelly,henry.kelly2@example.com,Adelaide,2024-09-13,VIP
990,Jack,Clarke,jack.clarke2@example.com,Other,2024-04-11,New
991,Ava,Chen,ava.chen4@example.com,Other,2025-05-02,New
992,Jacob,Walker,jacob.walker1@example.com,Brisbane,2024-09-23,Regular
993,Ethan,Chen,ethan.chen2@example.com,Melbourne,2024-12-18,Regular
994,Oliver,Bell,oliver.bell2@example.com,Adelaide,2024-07-22,Regular
995,Sophie,Murphy,sophie.murphy4@example.com,Brisbane,2024-06-27,Regular
996,Liam,Stewart,liam.stewart1@example.com,Other,2025-05-14,Regular
997,Charlotte,Clarke,charlotte.clarke2@example.com,Brisbane,2025-09-20,Regular
998,Amelia,Taylor,amelia.taylor4@example.com,Brisbane,2025-10-17,Regular
999,Alexander,Cook,alexander.cook@example.com,Melbourne,2025-02-18,New
1000,Mia,Lee,mia.lee4@example.com,Brisbane,2024-11-17,Regular
1001,Emily,Chen,emily.chen1@example.com,Other,2025-09-11,Regular
1002,Chloe,Robinson,chloe.robinson2@example.com,Adelaide,2025-08-24,Lapsed
1003,Lucas,Taylor,lucas.taylor7@example.com,Melbourne,2024-07-07,New
1004,Thomas,Chen,thomas.chen2@example.com,Other,2025-12-18,New
1005,Noah,Clarke,noah.clarke4@example.com,Melbourne,2024-04-15,New
1006,Henry,Murphy,henry.murphy4@example.com,Melbourne,2024-02-25,VIP
1007,Zoe,Williams,zoe.williams1@example.com,Brisbane,2024-04-16,Regular
1008,Charlotte,Clarke,charlotte.clarke3@example.com,Sydney,2024-11-12,New
1009,James,Campbell,james.campbell5@example.com,Sydney,2025-10-03,New
1010,Noah,Smith,noah.smith1@example.com,Other,2024-02-05,Regular
1011,Mia,Anderson,mia.anderson3@example.com,Adelaide,2025-04-23,Lapsed
1012,Ethan,Campbell,ethan.campbell@example.com,Other,2024-05-18,Regular
1013,Ruby,Bell,ruby.bell2@example.com,Other,2025-04-12,Regular
1014,Ruby,Mitchell,ruby.mitchell2@example.com,Other,2025-06-20,Regular
1015,James,Robinson,james.robinson1@example.com,Adelaide,2025-05-08,New
1016,Charlotte,Campbell,charlotte.campbell2@example.com,Brisbane,2024-11-11,Regular
1017,Amelia,Kelly,amelia.kelly1@example.com,Melbourne,2024-01-11,Regular
1018,Ella,Wilson,ella.wilson3@example.com,Brisbane,2024-12-18,Regular
1019,Olivia,Anderson,olivia.anderson2@example.com,Brisbane,2025-05-03,New
1020,Lucas,Kelly,lucas.kelly2@example.com,Sydney,2025-09-03,VIP
1021,Ethan,Robinson,ethan.robinson1@example.com,Perth,2024-07-12,VIP
1022,Lucas,Clarke,lucas.clarke2@example.com,Sydney,2024-09-12,Regular
1023,Sophie,Clarke,sophie.clarke2@example.com,Sydney,2025-01-22,New
1024,Lucas,Lee,lucas.lee1@example.com,Adelaide,2025-06-13,VIP
1025,Liam,Chen,liam.chen1@example.com,Other,2024-10-18,Regular
1026,Isla,Mitchell,isla.mitchell1@example.com,Melbourne,2024-07-11,New
1027,James,Brown,james.brown1@example.com,Perth,2025-10-14,Regular
1028,Isla,Bell,isla.bell3@example.com,Sydney,2025-05-18,New
1029,Amelia,Jones,amelia.jones3@example.com,Melbourne,2025-07-01,New
1030,William,Kelly,william.kelly@example.com,Sydney,2024-10-02,Regular
1031,Jacob,Smith,jacob.smith3@example.com,Melbourne,2024-08-26,New
1032,Henry,Nguyen,henry.nguyen4@example.com,Perth,2024-12-16,New
1033,Henry,Robinson,henry.robinson2@example.com,Other,2025-04-19,VIP
1034,Mia,Williams,mia.williams2@example.com,Melbourne,2024-05-29,New
1035,Grace,Williams,grace.williams2@example.com,Perth,2025-07-10,New
1036,Isla,Clarke,isla.clarke@example.com,Melbourne,2024-01-13,Lapsed
1037,Emily,Lee,emily.lee2@example.com,Perth,2025-01-29,New
1038,Jack,Nguyen,jack.nguyen@example.com,Other,2025-04-16,VIP
1039,Zoe,Nguyen,zoe.nguyen@example.com,Perth,2025-04-29,Regular
1040,James,Walker,james.walker6@example.com,Other,2024-06-11,Regular
1041,Jacob,Murphy,jacob.murphy3@example.com,Melbourne,2025-06-17,New
1042,Sophie,Kelly,sophie.kelly2@example.com,Brisbane,2024-07-22,VIP
1043,Liam,Nguyen,liam.nguyen@example.com,Sydney,2024-04-25,Regular
1044,Mia,Smith,mia.smith2@example.com,Brisbane,2024-06-20,Regular
1045,Grace,Lee,grace.lee2@example.com,Melbourne,2024-01-10,Regular
1046,Emily,Anderson,emily.anderson1@example.com,Adelaide,2025-12-05,New
1047,Ella,Williams,ella.williams4@example.com,Sydney,2024-09-11,Regular
1048,Liam,Bell,liam.bell3@example.com,Other,2024-12-12,New
1049,Oliver,Wilson,oliver.wilson3@example.com,Adelaide,2025-12-19,VIP
1050,Amelia,Anderson,amelia.anderson2@example.com,Brisbane,2024-08-26,Lapsed
1051,Sophie,Robinson,sophie.robinson1@example.com,Other,2025-03-25,New
1052,Emily,Clarke,emily.clarke4@example.com,Other,2025-01-01,New
1053,Jack,Anderson,jack.anderson1@example.com,Perth,2025-12-24,Regular
1054,Ethan,Anderson,ethan.anderson4@example.com,Adelaide,2024-07-13,New
1055,Oliver,Walker,oliver.walker1@example.com,Brisbane,2025-04-24,VIP
1056,Alexander,Murphy,alexander.murphy2@example.com,Melbourne,2024-06-13,Regular
1057,Chloe,Kelly,chloe.kelly2@example.com,Adelaide,2024-09-26,Regular
1058,Olivia,Stewart,olivia.stewart2@example.com,Other,2025-01-23,New
1059,Olivia,Bell,olivia.bell3@example.com,Adelaide,2025-01-07,New
1060,Jacob,Williams,jacob.williams2@example.com,Adelaide,2025-11-05,VIP
1061,Ava,Stewart,ava.stewart3@example.com,Perth,2025-11-30,VIP
1062,Amelia,Bell,amelia.bell2@example.com,Brisbane,2024-10-16,Regular
1063,Mia,Brown,mia.brown6@example.com,Adelaide,2024-04-08,Regular
1064,Jack,Wilson,jack.wilson4@example.com,Melbourne,2024-07-01,New
1065,Henry,Nguyen,henry.nguyen5@example.com,Melbourne,2024-04-11,Regular
1066,Grace,Anderson,grace.anderson4@example.com,Adelaide,2025-06-22,Regular
1067,Isla,Jones,isla.jones2@example.com,Sydney,2025-01-10,Regular
1068,Charlotte,Smith,charlotte.smith2@example.com,Other,2024-08-01,Regular
1069,Charlotte,Campbell,charlotte.campbell3@example.com,Melbourne,2025-10-16,Regular
1070,Jacob,Mitchell,jacob.mitchell@example.com,Other,2025-01-12,New
1071,Alexander,Chen,alexander.chen1@example.com,Melbourne,2025-06-25,Regular
1072,James,Williams,james.williams4@example.com,Adelaide,2024-08-09,New
1073,Jacob,Lee,jacob.lee2@example.com,Perth,2025-06-28,New
1074,Zoe,Lee,zoe.lee2@example.com,Other,2025-08-06,Lapsed
1075,Ethan,Murphy,ethan.murphy5@example.com,Other,2025-03-01,New
1076,Sophie,Cook,sophie.cook4@example.com,Other,2025-01-01,Regular
1077,Liam,Mitchell,liam.mitchell2@example.com,Sydney,2024-04-16,VIP
1078,Ethan,Clarke,ethan.clarke2@example.com,Brisbane,2025-05-31,Regular
1079,Ethan,Bell,ethan.bell2@example.com,Brisbane,2025-03-29,Lapsed
1080,Ethan,Walker,ethan.walker@example.com,Perth,2025-01-15,VIP
1081,Lucas,Walker,lucas.walker1@example.com,Sydney,2025-09-15,Regular
1082,Ava,Clarke,ava.clarke1@example.com,Other,2025-07-17,New
1083,Chloe,Campbell,chloe.campbell6@example.com,Melbourne,2025-02-10,Regular
1084,James,Bell,james.bell3@example.com,Adelaide,2024-01-17,New
1085,James,Smith,james.smith3@example.com,Sydney,2024-11-03,New
1086,Mia,Smith,mia.smith3@example.com,Brisbane,2025-12-07,Lapsed
1087,Zoe,Murphy,zoe.murphy5@example.com,Adelaide,2025-08-07,New
1088,Jack,Campbell,jack.campbell2@example.com,Sydney,2024-12-30,New
1089,Oliver,Cook,oliver.cook3@example.com,Sydney,2024-09-12,New
1090,James,Williams,james.williams5@example.com,Perth,2025-08-07,Regular
1091,Ava,Williams,ava.williams2@example.com,Perth,2024-11-28,New
1092,Emily,Cook,emily.cook@example.com,Adelaide,2024-04-07,Regular
1093,Jack,Cook,jack.cook1@example.com,Melbourne,2025-01-25,VIP
1094,Ella,Walker,ella.walker3@example.com,Perth,2024-12-22,Regular
1095,William,Lee,william.lee1@example.com,Adelaide,2025-10-30,Lapsed
1096,Sophie,Clarke,sophie.clarke3@example.com,Brisbane,2024-02-25,Regular
1097,Mia,Murphy,mia.murphy2@example.com,Sydney,2025-08-01,New
1098,Emily,Lee,emily.lee3@example.com,Melbourne,2024-06-05,Regular
1099,Grace,Campbell,grace.campbell4@example.com,Adelaide,2025-09-01,Regular
1100,Thomas,Mitchell,thomas.mitchell3@example.com,Perth,2024-10-23,New
1101,Mia,Williams,mia.williams3@example.com,Adelaide,2025-05-02,Regular
1102,Ethan,Clarke,ethan.clarke3@example.com,Melbourne,2024-09-25,Regular
1103,Lucas,Wilson,lucas.wilson5@example.com,Perth,2024-05-18,Regular
1104,Henry,Clarke,henry.clarke@example.com,Adelaide,2025-10-29,New
1105,Alexander,Stewart,alexander.stewart2@example.com,Sydney,2024-09-09,New
1106,Ella,Mitchell,ella.mitchell2@example.com,Other,2024-11-27,Lapsed
1107,Charlotte,Brown,charlotte.brown@example.com,Perth,2025-11-18,Regular
1108,Oliver,Nguyen,oliver.nguyen2@example.com,Brisbane,2024-11-24,Regular
1109,Olivia,Kelly,olivia.kelly2@example.com,Brisbane,2024-06-22,Regular
1110,Chloe,Bell,chloe.bell1@example.com,Perth,2024-05-29,New
1111,Thomas,Nguyen,thomas.nguyen1@example.com,Brisbane,2025-12-02,New
1112,Jacob,Williams,jacob.williams3@example.com,Other,2024-04-25,New
1113,Alexander,Wilson,alexander.wilson@example.com,Melbourne,2024-10-21,New
1114,William,Kelly,william.kelly1@example.com,Perth,2025-04-05,New
1115,Ava,Murphy,ava.murphy@example.com,Sydney,2024-08-04,Regular
1116,Ella,Chen,ella.chen2@example.com,Perth,2025-07-15,Regular
1117,Amelia,Smith,amelia.smith2@example.com,Adelaide,2025-01-20,Lapsed
1118,Zoe,Jones,zoe.jones3@example.com,Sydney,2024-09-18,New
1119,Ava,Bell,ava.bell1@example.com,Melbourne,2024-10-04,Regular
1120,Olivia,Williams,olivia.williams5@example.com,Other,2025-02-01,New
1121,Liam,Robinson,liam.robinson1@example.com,Melbourne,2024-04-20,New
1122,Sophie,Clarke,sophie.clarke4@example.com,Perth,2024-08-24,Regular
1123,Emily,Brown,emily.brown1@example.com,Perth,2024-11-19,VIP
1124,Ethan,Williams,ethan.williams1@example.com,Sydney,2024-07-09,Regular
1125,Chloe,Murphy,chloe.murphy2@example.com,Melbourne,2025-12-30,New
1126,Zoe,Kelly,zoe.kelly@example.com,Perth,2024-12-07,Regular
1127,Noah,Smith,noah.smith2@example.com,Other,2024-12-21,Regular
1128,Sophie,Kelly,sophie.kelly3@example.com,Adelaide,2024-08-29,New
1129,Jack,Chen,jack.chen1@example.com,Melbourne,2025-01-31,Lapsed
1130,Isla,Lee,isla.lee1@example.com,Brisbane,2024-06-04,VIP
1131,Liam,Wilson,liam.wilson2@example.com,Other,2024-03-30,Regular
1132,Liam,Bell,liam.bell4@example.com,Other,2025-10-02,New
1133,Thomas,Cook,thomas.cook1@example.com,Perth,2024-06-05,Lapsed
1134,Alexander,Walker,alexander.walker3@example.com,Adelaide,2025-04-04,New
1135,Sophie,Wilson,sophie.wilson3@example.com,Adelaide,2025-08-17,Regular
1136,Ava,Wilson,ava.wilson1@example.com,Other,2024-11-12,Regular
1137,Zoe,Wilson,zoe.wilson7@example.com,Sydney,2025-03-16,Regular
1138,Ruby,Taylor,ruby.taylor2@example.com,Melbourne,2024-11-21,Regular
1139,Jacob,Brown,jacob.brown4@example.com,Brisbane,2024-07-07,VIP
1140,Amelia,Smith,amelia.smith3@example.com,Perth,2024-11-22,Lapsed
1141,James,Campbell,james.campbell6@example.com,Other,2025-10-14,New
1142,Ella,Nguyen,ella.nguyen@example.com,Sydney,2024-04-19,New
1143,Ella,Bell,ella.bell@example.com,Brisbane,2025-09-23,Regular
1144,Alexander,Lee,alexander.lee2@example.com,Sydney,2025-09-02,New
1145,Olivia,Robinson,olivia.robinson2@example.com,Other,2024-03-22,VIP
1146,Amelia,Stewart,amelia.stewart1@example.com,Perth,2025-09-11,Regular
1147,Oliver,Taylor,oliver.taylor1@example.com,Perth,2025-01-31,Regular
1148,Noah,Nguyen,noah.nguyen@example.com,Melbourne,2024-08-19,Regular
1149,Olivia,Chen,olivia.chen2@example.com,Sydney,2025-02-26,Regular
1150,Ava,Nguyen,ava.nguyen3@example.com,Sydney,2024-03-08,Lapsed
1151,Chloe,Bell,chloe.bell2@example.com,Other,2025-05-16,New
1152,Chloe,Lee,chloe.lee1@example.com,Perth,2025-03-13,VIP
1153,Alexander,Clarke,alexander.clarke2@example.com,Perth,2024-11-16,Regular
1154,Jacob,Cook,jacob.cook3@example.com,Adelaide,2025-08-31,Regular
1155,Emily,Jones,emily.jones@example.com,Melbourne,2025-06-17,Regular
1156,Jack,Lee,jack.lee2@example.com,Adelaide,2025-06-15,Regular
1157,Jacob,Jones,jacob.jones4@example.com,Perth,2025-07-25,Regular
1158,Sophie,Jones,sophie.jones4@example.com,Brisbane,2024-07-13,Regular
1159,James,Kelly,james.kelly4@example.com,Sydney,2025-04-17,Regular
1160,Alexander,Jones,alexander.jones4@example.com,Adelaide,2025-12-07,Lapsed
1161,Chloe,Campbell,chloe.campbell7@example.com,Other,2024-04-02,Regular
1162,Noah,Cook,noah.cook@example.com,Adelaide,2025-12-13,New
1163,Lucas,Walker,lucas.walker2@example.com,Melbourne,2025-04-06,New
1164,Ruby,Nguyen,ruby.nguyen2@example.com,Melbourne,2025-04-10,New
1165,Emily,Taylor,emily.taylor1@example.com,Melbourne,2024-05-06,New
1166,Chloe,Robinson,chloe.robinson3@example.com,Adelaide,2024-03-28,Regular
1167,Jacob,Stewart,jacob.stewart1@example.com,Sydney,2025-09-18,Regular
1168,Grace,Jones,grace.jones1@example.com,Brisbane,2024-06-23,Regular
1169,Liam,Wilson,liam.wilson3@example.com,Sydney,2024-06-15,New
1170,Emily,Jones,emily.jones1@example.com,Brisbane,2025-03-05,New
1171,Ella,Campbell,ella.campbell@example.com,Other,2024-10-22,New
1172,Amelia,Nguyen,amelia.nguyen@example.com,Adelaide,2024-01-04,VIP
1173,Olivia,Campbell,olivia.campbell@example.com,Perth,2025-05-24,Regular
1174,Olivia,Bell,olivia.bell4@example.com,Sydney,2025-05-20,New
1175,Liam,Anderson,liam.anderson3@example.com,Perth,2025-04-09,Regular
1176,Alexander,Bell,alexander.bell4@example.com,Sydney,2024-01-07,VIP
1177,Isla,Bell,isla.bell4@example.com,Adelaide,2025-10-05,VIP
1178,Ava,Jones,ava.jones2@example.com,Sydney,2024-07-08,New
1179,Oliver,Jones,oliver.jones1@example.com,Melbourne,2024-05-28,Regular
1180,Alexander,Kelly,alexander.kelly1@example.com,Melbourne,2024-12-05,New
1181,Lucas,Taylor,lucas.taylor8@example.com,Other,2024-06-14,New
1182,Liam,Bell,liam.bell5@example.com,Adelaide,2025-08-09,New
1183,Chloe,Cook,chloe.cook2@example.com,Melbourne,2025-01-03,New
1184,James,Walker,james.walker7@example.com,Perth,2025-01-12,VIP
1185,Ella,Mitchell,ella.mitchell3@example.com,Melbourne,2025-07-17,New
1186,Amelia,Brown,amelia.brown3@example.com,Brisbane,2025-12-12,New
1187,Lucas,Stewart,lucas.stewart@example.com,Other,2024-08-02,New
1188,Jack,Brown,jack.brown1@example.com,Other,2025-08-08,Lapsed
1189,Zoe,Williams,zoe.williams2@example.com,Other,2025-05-10,Regular
1190,Emily,Kelly,emily.kelly3@example.com,Adelaide,2025-03-13,VIP
1191,Isla,Stewart,isla.stewart@example.com,Adelaide,2025-08-11,Regular
1192,Amelia,Bell,amelia.bell3@example.com,Perth,2025-07-30,Regular
1193,Sophie,Anderson,sophie.anderson3@example.com,Sydney,2025-05-19,VIP
1194,Thomas,Kelly,thomas.kelly3@example.com,Melbourne,2024-07-17,New
1195,Chloe,Brown,chloe.brown@example.com,Adelaide,2024-07-31,Lapsed
1196,Lucas,Jones,lucas.jones1@example.com,Brisbane,2024-12-07,Regular
1197,Sophie,Nguyen,sophie.nguyen@example.com,Other,2024-01-12,New
1198,James,Chen,james.chen3@example.com,Brisbane,2024-03-10,New
1199,Ethan,Walker,ethan.walker1@example.com,Melbourne,2024-01-07,Regular
1200,Mia,Clarke,mia.clarke2@example.com,Adelaide,2025-08-05,Lapsed
1201,Noah,Nguyen,noah.nguyen1@example.com,Brisbane,2024-12-04,Lapsed
1202,Henry,Anderson,henry.anderson4@example.com,Other,2024-02-06,New
1203,Amelia,Campbell,amelia.campbell1@example.com,Brisbane,2025-07-03,Regular
1204,Lucas,Jones,lucas.jones2@example.com,Brisbane,2025-06-17,Regular
1205,Liam,Walker,liam.walker4@example.com,Adelaide,2025-07-22,New
1206,Ruby,Walker,ruby.walker1@example.com,Melbourne,2024-12-28,Lapsed
1207,Isla,Smith,isla.smith1@example.com,Perth,2024-12-13,Regular
1208,Noah,Cook,noah.cook1@example.com,Perth,2025-09-12,New
1209,William,Kelly,william.kelly2@example.com,Brisbane,2025-12-23,Regular
1210,Isla,Mitchell,isla.mitchell2@example.com,Perth,2024-03-29,VIP
1211,Oliver,Campbell,oliver.campbell@example.com,Sydney,2024-11-05,Regular
1212,Noah,Brown,noah.brown2@example.com,Melbourne,2025-01-18,VIP
1213,Charlotte,Campbell,charlotte.campbell4@example.com,Melbourne,2025-06-02,VIP
1214,Zoe,Wilson,zoe.wilson8@example.com,Brisbane,2024-07-13,Lapsed
1215,Jacob,Stewart,jacob.stewart2@example.com,Brisbane,2024-11-13,New
1216,William,Stewart,william.stewart2@example.com,Sydney,2025-11-23,New
1217,Jack,Campbell,jack.campbell3@example.com,Other,2025-01-31,VIP
1218,William,Smith,william.smith2@example.com,Melbourne,2024-11-14,Regular
1219,Alexander,Williams,alexander.williams2@example.com,Perth,2024-12-07,VIP
1220,William,Stewart,william.stewart3@example.com,Other,2025-11-05,New
1221,Ruby,Kelly,ruby.kelly@example.com,Sydney,2025-10-16,New
1222,Ava,Kelly,ava.kelly2@example.com,Adelaide,2024-10-10,New
1223,Chloe,Brown,chloe.brown1@example.com,Sydney,2024-10-06,New
1224,William,Smith,william.smith3@example.com,Adelaide,2025-09-29,Regular
1225,Ava,Murphy,ava.murphy1@example.com,Adelaide,2024-12-24,New
1226,Amelia,Kelly,amelia.kelly2@example.com,Sydney,2025-08-10,New
1227,James,Bell,james.bell4@example.com,Adelaide,2024-12-12,Regular
1228,Amelia,Smith,amelia.smith4@example.com,Other,2025-04-27,New
1229,Grace,Jones,grace.jones2@example.com,Perth,2024-03-29,Regular
1230,Emily,Bell,emily.bell1@example.com,Other,2025-08-29,VIP
1231,Emily,Campbell,emily.campbell1@example.com,Brisbane,2025-09-23,New
1232,Ava,Murphy,ava.murphy2@example.com,Perth,2024-03-21,Regular
1233,Charlotte,Campbell,charlotte.campbell5@example.com,Perth,2024-04-09,New
1234,Sophie,Campbell,sophie.campbell1@example.com,Sydney,2025-04-26,Lapsed
1235,Amelia,Bell,amelia.bell4@example.com,Brisbane,2024-09-21,Regular
1236,Emily,Walker,emily.walker1@example.com,Perth,2024-11-28,Regular
1237,Charlotte,Anderson,charlotte.anderson5@example.com,Brisbane,2024-04-25,Regular
1238,Noah,Kelly,noah.kelly@example.com,Adelaide,2024-12-22,Regular
1239,Zoe,Brown,zoe.brown3@example.com,Other,2025-02-19,VIP
1240,Mia,Murphy,mia.murphy3@example.com,Melbourne,2025-10-27,VIP
1241,Ethan,Campbell,ethan.campbell1@example.com,Adelaide,2025-02-14,Regular
1242,Alexander,Lee,alexander.lee3@example.com,Sydney,2025-07-15,Lapsed
1243,Grace,Williams,grace.williams3@example.com,Sydney,2024-12-14,VIP
1244,Ruby,Mitchell,ruby.mitchell3@example.com,Adelaide,2025-03-21,VIP
1245,Ethan,Lee,ethan.lee1@example.com,Other,2024-06-26,Regular
1246,Jacob,Cook,jacob.cook4@example.com,Melbourne,2025-05-13,Regular
1247,Chloe,Walker,chloe.walker1@example.com,Melbourne,2025-07-22,VIP
1248,Noah,Kelly,noah.kelly1@example.com,Melbourne,2025-02-19,Regular
1249,Liam,Bell,liam.bell6@example.com,Brisbane,2025-01-23,Regular
1250,Liam,Jones,liam.jones3@example.com,Sydney,2024-04-02,VIP
1251,Ruby,Smith,ruby.smith1@example.com,Other,2024-05-30,New
1252,Ethan,Kelly,ethan.kelly4@example.com,Adelaide,2025-02-03,Regular
1253,Ava,Nguyen,ava.nguyen4@example.com,Brisbane,2025-11-28,New
1254,Liam,Kelly,liam.kelly2@example.com,Other,2025-03-21,Lapsed
1255,Oliver,Williams,oliver.williams5@example.com,Melbourne,2025-08-19,Regular
1256,Zoe,Clarke,zoe.clarke3@example.com,Brisbane,2024-05-10,New
1257,Ethan,Jones,ethan.jones2@example.com,Other,2024-01-01,Regular
1258,Oliver,Brown,oliver.brown2@example.com,Melbourne,2024-10-15,New
1259,Emily,Cook,emily.cook1@example.com,Other,2025-02-07,New
1260,Grace,Clarke,grace.clarke4@example.com,Perth,2025-01-25,Regular
1261,Liam,Taylor,liam.taylor3@example.com,Sydney,2025-05-01,New
1262,Grace,Robinson,grace.robinson4@example.com,Sydney,2025-03-03,New
1263,Liam,Wilson,liam.wilson4@example.com,Melbourne,2024-05-17,New
1264,Olivia,Wilson,olivia.wilson@example.com,Other,2025-05-13,Regular
1265,Amelia,Williams,amelia.williams5@example.com,Other,2024-05-20,VIP
1266,Chloe,Bell,chloe.bell3@example.com,Adelaide,2025-03-11,New
1267,Zoe,Mitchell,zoe.mitchell3@example.com,Perth,2025-07-19,Regular
1268,Thomas,Taylor,thomas.taylor@example.com,Adelaide,2025-03-10,New
1269,Henry,Lee,henry.lee1@example.com,Adelaide,2025-12-30,New
1270,Ethan,Cook,ethan.cook3@example.com,Melbourne,2025-01-10,Lapsed
1271,Ruby,Anderson,ruby.anderson2@example.com,Brisbane,2025-12-22,New
1272,Henry,Williams,henry.williams2@example.com,Other,2024-05-25,Regular
1273,Ella,Chen,ella.chen3@example.com,Adelaide,2025-04-21,New
1274,Alexander,Williams,alexander.williams3@example.com,Perth,2024-09-08,Regular
1275,Liam,Williams,liam.williams3@example.com,Other,2025-12-01,Regular
1276,Ruby,Kelly,ruby.kelly1@example.com,Melbourne,2025-09-19,Lapsed
1277,Ethan,Smith,ethan.smith2@example.com,Perth,2025-04-25,Regular
1278,Henry,Cook,henry.cook2@example.com,Perth,2024-12-05,Regular
1279,James,Kelly,james.kelly5@example.com,Melbourne,2024-06-20,Regular
1280,Alexander,Kelly,alexander.kelly2@example.com,Brisbane,2025-07-31,New
1281,Henry,Cook,henry.cook3@example.com,Adelaide,2024-06-22,New
1282,James,Bell,james.bell5@example.com,Brisbane,2024-01-28,Regular
1283,Amelia,Stewart,amelia.stewart2@example.com,Brisbane,2024-03-19,New
1284,Alexander,Chen,alexander.chen2@example.com,Brisbane,2024-10-08,New
1285,William,Bell,william.bell@example.com,Adelaide,2024-06-27,Regular
1286,Liam,Campbell,liam.campbell1@example.com,Sydney,2025-01-13,New
1287,Emily,Lee,emily.lee4@example.com,Sydney,2025-05-11,VIP
1288,Jack,Walker,jack.walker2@example.com,Sydney,2024-03-27,Regular
1289,Amelia,Anderson,amelia.anderson3@example.com,Perth,2025-02-26,New
1290,Chloe,Taylor,chloe.taylor3@example.com,Adelaide,2024-08-03,Regular
1291,Oliver,Jones,oliver.jones2@example.com,Brisbane,2025-10-19,VIP
1292,William,Jones,william.jones1@example.com,Perth,2024-06-20,Regular
1293,James,Anderson,james.anderson3@example.com,Sydney,2025-06-29,Regular
1294,Emily,Clarke,emily.clarke5@example.com,Brisbane,2025-04-30,New
1295,Lucas,Smith,lucas.smith2@example.com,Perth,2024-10-22,Regular
1296,Mia,Stewart,mia.stewart1@example.com,Melbourne,2025-11-30,New
1297,Ethan,Robinson,ethan.robinson2@example.com,Adelaide,2025-03-18,Lapsed
1298,Isla,Walker,isla.walker1@example.com,Brisbane,2024-10-03,VIP
1299,Isla,Cook,isla.cook2@example.com,Perth,2025-02-04,VIP
1300,Jacob,Lee,jacob.lee3@example.com,Adelaide,2025-11-19,VIP
1301,Zoe,Walker,zoe.walker1@example.com,Other,2025-11-24,Lapsed
1302,Mia,Murphy,mia.murphy4@example.com,Other,2024-01-11,New
1303,Charlotte,Smith,charlotte.smith3@example.com,Melbourne,2025-02-25,Regular
1304,Liam,Campbell,liam.campbell2@example.com,Sydney,2024-12-25,Regular
1305,Isla,Nguyen,isla.nguyen4@example.com,Melbourne,2024-02-04,Regular
1306,Jack,Bell,jack.bell2@example.com,Sydney,2025-11-03,Lapsed
1307,Sophie,Brown,sophie.brown1@example.com,Melbourne,2025-12-26,New
1308,Alexander,Wilson,alexander.wilson1@example.com,Other,2025-01-19,VIP
1309,Sophie,Cook,sophie.cook5@example.com,Melbourne,2024-07-08,Regular
1310,Isla,Kelly,isla.kelly2@example.com,Other,2025-04-23,Lapsed
1311,Sophie,Campbell,sophie.campbell2@example.com,Perth,2024-10-10,Regular
1312,Liam,Walker,liam.walker5@example.com,Sydney,2024-09-20,VIP
1313,Isla,Jones,isla.jones3@example.com,Perth,2025-01-26,New
1314,Jack,Chen,jack.chen2@example.com,Sydney,2024-09-28,Regular
1315,Henry,Nguyen,henry.nguyen6@example.com,Perth,2025-09-16,New
1316,Henry,Brown,henry.brown1@example.com,Adelaide,2024-05-27,VIP
1317,Ava,Bell,ava.bell2@example.com,Melbourne,2025-10-20,Lapsed
1318,Emily,Chen,emily.chen2@example.com,Melbourne,2024-04-15,New
1319,Ruby,Chen,ruby.chen1@example.com,Melbourne,2025-04-01,VIP
1320,Amelia,Smith,amelia.smith5@example.com,Other,2024-02-08,Regular
1321,Amelia,Walker,amelia.walker1@example.com,Adelaide,2025-02-04,New
1322,Emily,Anderson,emily.anderson2@example.com,Perth,2025-05-04,Regular
1323,Jacob,Williams,jacob.williams4@example.com,Sydney,2025-07-07,New
1324,Emily,Anderson,emily.anderson3@example.com,Adelaide,2024-05-04,Regular
1325,Oliver,Walker,oliver.walker2@example.com,Brisbane,2025-11-29,Regular
1326,Sophie,Williams,sophie.williams3@example.com,Adelaide,2025-01-09,VIP
1327,Mia,Williams,mia.williams4@example.com,Brisbane,2025-04-15,Regular
1328,Noah,Murphy,noah.murphy3@example.com,Perth,2024-02-10,Regular
1329,James,Clarke,james.clarke@example.com,Other,2024-04-19,Regular
1330,Henry,Williams,henry.williams3@example.com,Perth,2025-10-09,Regular
1331,Amelia,Jones,amelia.jones4@example.com,Melbourne,2024-07-16,Regular
1332,Ruby,Lee,ruby.lee5@example.com,Perth,2025-05-15,New
1333,Ethan,Kelly,ethan.kelly5@example.com,Adelaide,2025-05-26,Lapsed
1334,Chloe,Smith,chloe.smith1@example.com,Brisbane,2024-02-07,New
1335,Jacob,Jones,jacob.jones5@example.com,Melbourne,2025-02-19,New
1336,Sophie,Stewart,sophie.stewart1@example.com,Other,2025-04-14,VIP
1337,Ethan,Wilson,ethan.wilson2@example.com,Sydney,2025-08-16,Lapsed
1338,Jack,Wilson,jack.wilson5@example.com,Other,2025-05-15,New
1339,Alexander,Jones,alexander.jones5@example.com,Other,2024-09-05,Regular
1340,Olivia,Taylor,olivia.taylor1@example.com,Melbourne,2025-10-09,Lapsed
1341,William,Campbell,william.campbell4@example.com,Sydney,2025-09-17,VIP
1342,Charlotte,Brown,charlotte.brown1@example.com,Perth,2024-04-26,Regular
1343,Alexander,Lee,alexander.lee4@example.com,Sydney,2024-03-05,Regular
1344,Jacob,Clarke,jacob.clarke1@example.com,Melbourne,2024-11-28,Lapsed
1345,Ruby,Murphy,ruby.murphy3@example.com,Brisbane,2024-05-20,VIP
1346,Ava,Jones,ava.jones3@example.com,Sydney,2025-08-30,New
1347,William,Chen,william.chen4@example.com,Perth,2024-05-24,New
1348,Oliver,Murphy,oliver.murphy3@example.com,Perth,2024-06-17,New
1349,Ruby,Jones,ruby.jones3@example.com,Melbourne,2024-05-16,VIP
1350,Sophie,Bell,sophie.bell4@example.com,Sydney,2025-01-20,New
1351,Henry,Williams,henry.williams4@example.com,Melbourne,2024-01-07,New
1352,Charlotte,Cook,charlotte.cook1@example.com,Perth,2024-10-17,Regular
1353,Ella,Anderson,ella.anderson5@example.com,Sydney,2025-12-09,New
1354,Sophie,Chen,sophie.chen3@example.com,Perth,2025-06-19,Regular
1355,Noah,Bell,noah.bell@example.com,Melbourne,2025-12-09,Regular
1356,Emily,Anderson,emily.anderson4@example.com,Melbourne,2025-09-18,Regular
1357,James,Robinson,james.robinson2@example.com,Melbourne,2025-03-04,Regular
1358,Ava,Brown,ava.brown3@example.com,Melbourne,2025-06-26,Regular
1359,Ella,Murphy,ella.murphy2@example.com,Sydney,2025-06-03,Regular
1360,Sophie,Nguyen,sophie.nguyen1@example.com,Melbourne,2024-10-10,New
1361,Amelia,Anderson,amelia.anderson4@example.com,Sydney,2025-05-24,New
1362,Jack,Jones,jack.jones2@example.com,Brisbane,2025-10-22,New
1363,Lucas,Chen,lucas.chen3@example.com,Adelaide,2024-12-08,VIP
1364,Ella,Campbell,ella.campbell1@example.com,Melbourne,2024-02-14,Regular
1365,Ethan,Taylor,ethan.taylor1@example.com,Melbourne,2024-06-10,Regular
1366,William,Williams,william.williams4@example.com,Other,2024-08-28,Regular
1367,Ruby,Walker,ruby.walker2@example.com,Sydney,2025-03-05,Regular
1368,Mia,Lee,mia.lee5@example.com,Brisbane,2024-04-22,New
1369,Thomas,Mitchell,thomas.mitchell4@example.com,Perth,2024-07-23,VIP
1370,Charlotte,Anderson,charlotte.anderson6@example.com,Perth,2025-08-22,New
1371,Lucas,Wilson,lucas.wilson6@example.com,Adelaide,2024-08-09,Regular
1372,Grace,Robinson,grace.robinson5@example.com,Perth,2024-05-19,Regular
1373,Sophie,Robinson,sophie.robinson2@example.com,Sydney,2024-10-03,New
1374,Jack,Cook,jack.cook2@example.com,Brisbane,2024-03-02,New
1375,Chloe,Campbell,chloe.campbell8@example.com,Sydney,2025-03-04,VIP
1376,Thomas,Kelly,thomas.kelly4@example.com,Sydney,2025-09-10,VIP
1377,Sophie,Bell,sophie.bell5@example.com,Adelaide,2024-06-23,Lapsed
1378,Thomas,Williams,thomas.williams2@example.com,Adelaide,2025-02-25,Regular
1379,Ava,Cook,ava.cook4@example.com,Perth,2025-04-29,New
1380,Jacob,Mitchell,jacob.mitchell1@example.com,Sydney,2024-09-09,New
1381,Ruby,Lee,ruby.lee6@example.com,Sydney,2025-08-28,Lapsed
1382,Olivia,Mitchell,olivia.mitchell1@example.com,Melbourne,2024-02-15,Lapsed
1383,Jacob,Stewart,jacob.stewart3@example.com,Perth,2024-02-04,Regular
1384,Henry,Brown,henry.brown2@example.com,Perth,2025-04-08,New
1385,Ethan,Smith,ethan.smith3@example.com,Other,2025-12-10,Regular
1386,Ava,Wilson,ava.wilson2@example.com,Brisbane,2025-01-02,New
1387,Charlotte,Smith,charlotte.smith4@example.com,Other,2025-05-06,New
1388,Emily,Campbell,emily.campbell2@example.com,Other,2025-08-07,Regular
1389,Chloe,Campbell,chloe.campbell9@example.com,Other,2024-05-21,Regular
1390,Oliver,Campbell,oliver.campbell1@example.com,Other,2025-12-21,New
1391,Sophie,Williams,sophie.williams4@example.com,Other,2025-01-29,New
1392,Jack,Kelly,jack.kelly1@example.com,Brisbane,2025-03-12,Regular
1393,Alexander,Murphy,alexander.murphy3@example.com,Sydney,2025-08-12,VIP
1394,Charlotte,Bell,charlotte.bell2@example.com,Other,2024-12-09,Lapsed
1395,Zoe,Robinson,zoe.robinson4@example.com,Melbourne,2024-02-22,Regular
1396,Chloe,Bell,chloe.bell4@example.com,Brisbane,2024-02-11,Regular
1397,Sophie,Murphy,sophie.murphy5@example.com,Melbourne,2025-12-22,Regular
1398,Ella,Nguyen,ella.nguyen1@example.com,Brisbane,2024-05-21,New
1399,William,Anderson,william.anderson3@example.com,Other,2025-08-17,New
1400,Jacob,Lee,jacob.lee4@example.com,Brisbane,2024-11-24,VIP
1401,Zoe,Mitchell,zoe.mitchell4@example.com,Melbourne,2024-10-10,New
1402,Oliver,Campbell,oliver.campbell2@example.com,Adelaide,2025-05-12,Regular
1403,William,Anderson,william.anderson4@example.com,Adelaide,2025-12-27,Regular
1404,Ethan,Kelly,ethan.kelly6@example.com,Adelaide,2025-04-07,Regular
1405,Liam,Williams,liam.williams4@example.com,Perth,2024-07-11,New
1406,Grace,Taylor,grace.taylor@example.com,Melbourne,2024-10-22,New
1407,Isla,Brown,isla.brown2@example.com,Sydney,2025-12-14,Regular
1408,Ava,Stewart,ava.stewart4@example.com,Melbourne,2025-10-04,New
1409,Liam,Murphy,liam.murphy3@example.com,Perth,2024-05-15,New
1410,Chloe,Smith,chloe.smith2@example.com,Sydney,2024-10-25,New
1411,Thomas,Stewart,thomas.stewart3@example.com,Brisbane,2025-10-22,Regular
1412,Mia,Walker,mia.walker@example.com,Adelaide,2025-05-12,Regular
1413,Zoe,Murphy,zoe.murphy6@example.com,Perth,2025-03-31,New
1414,Amelia,Kelly,amelia.kelly3@example.com,Brisbane,2024-06-24,New
1415,Oliver,Kelly,oliver.kelly1@example.com,Sydney,2024-02-18,Regular
1416,Chloe,Taylor,chloe.taylor4@example.com,Sydney,2025-09-25,Regular
1417,James,Taylor,james.taylor2@example.com,Other,2024-06-28,Regular
1418,Liam,Wilson,liam.wilson5@example.com,Sydney,2024-06-14,New
1419,Mia,Cook,mia.cook1@example.com,Perth,2024-05-09,New
1420,Noah,Nguyen,noah.nguyen2@example.com,Other,2025-07-29,New
1421,Mia,Robinson,mia.robinson4@example.com,Brisbane,2024-05-31,Regular
1422,Noah,Murphy,noah.murphy4@example.com,Melbourne,2024-11-04,Lapsed
1423,Grace,Anderson,grace.anderson5@example.com,Perth,2024-05-28,Lapsed
1424,Amelia,Smith,amelia.smith6@example.com,Adelaide,2025-07-13,New
1425,Emily,Kelly,emily.kelly4@example.com,Brisbane,2025-04-30,Lapsed
1426,Ella,Cook,ella.cook3@example.com,Sydney,2025-11-13,VIP
1427,Jacob,Campbell,jacob.campbell3@example.com,Other,2024-12-12,New
1428,Henry,Jones,henry.jones@example.com,Other,2024-05-22,Regular
1429,James,Smith,james.smith4@example.com,Adelaide,2025-02-15,VIP
1430,Chloe,Robinson,chloe.robinson4@example.com,Brisbane,2024-04-04,New
1431,Sophie,Nguyen,sophie.nguyen2@example.com,Adelaide,2025-08-20,New
1432,Ella,Chen,ella.chen4@example.com,Melbourne,2024-07-19,New
1433,Chloe,Williams,chloe.williams3@example.com,Perth,2025-06-08,New
1434,Mia,Bell,mia.bell2@example.com,Adelaide,2025-09-11,Lapsed
1435,Liam,Robinson,liam.robinson2@example.com,Sydney,2025-02-11,Regular
1436,Lucas,Robinson,lucas.robinson1@example.com,Brisbane,2025-01-30,New
1437,Oliver,Robinson,oliver.robinson2@example.com,Perth,2024-11-11,VIP
1438,Charlotte,Nguyen,charlotte.nguyen1@example.com,Other,2025-03-30,Lapsed
1439,Chloe,Kelly,chloe.kelly3@example.com,Other,2024-06-16,Lapsed
1440,Lucas,Mitchell,lucas.mitchell@example.com,Adelaide,2024-05-22,Regular
1441,Amelia,Nguyen,amelia.nguyen1@example.com,Perth,2024-11-06,Lapsed
1442,Zoe,Walker,zoe.walker2@example.com,Adelaide,2024-03-08,VIP
1443,Charlotte,Smith,charlotte.smith5@example.com,Other,2025-02-23,Lapsed
1444,Lucas,Taylor,lucas.taylor9@example.com,Perth,2025-07-23,Regular
1445,Ella,Wilson,ella.wilson4@example.com,Sydney,2024-07-23,VIP
1446,James,Murphy,james.murphy1@example.com,Melbourne,2025-05-17,VIP
1447,James,Cook,james.cook1@example.com,Perth,2024-11-07,Regular
1448,Chloe,Lee,chloe.lee2@example.com,Melbourne,2024-01-28,New
1449,James,Anderson,james.anderson4@example.com,Other,2024-05-07,Regular
1450,James,Mitchell,james.mitchell3@example.com,Perth,2024-07-02,Lapsed
1451,Sophie,Lee,sophie.lee1@example.com,Melbourne,2024-01-30,VIP
1452,Henry,Williams,henry.williams5@example.com,Other,2025-09-05,Regular
1453,Henry,Cook,henry.cook4@example.com,Brisbane,2025-03-22,Regular
1454,Henry,Brown,henry.brown3@example.com,Adelaide,2025-01-17,Regular
1455,Olivia,Chen,olivia.chen3@example.com,Adelaide,2024-06-15,New
1456,Mia,Campbell,mia.campbell@example.com,Sydney,2025-12-10,Regular
1457,Jack,Chen,jack.chen3@example.com,Perth,2025-01-04,Regular
1458,Oliver,Jones,oliver.jones3@example.com,Brisbane,2024-10-23,Regular
1459,Charlotte,Stewart,charlotte.stewart3@example.com,Other,2024-07-17,New
1460,William,Bell,william.bell1@example.com,Adelaide,2024-06-20,New
1461,Mia,Kelly,mia.kelly2@example.com,Other,2024-10-04,Regular
1462,Oliver,Brown,oliver.brown3@example.com,Adelaide,2025-07-01,Regular
1463,Amelia,Smith,amelia.smith7@example.com,Adelaide,2024-05-20,New
1464,Ella,Anderson,ella.anderson6@example.com,Brisbane,2025-02-25,Lapsed
1465,Noah,Brown,noah.brown3@example.com,Sydney,2024-08-11,Regular
1466,Ava,Murphy,ava.murphy3@example.com,Other,2025-09-20,VIP
1467,Zoe,Murphy,zoe.murphy7@example.com,Adelaide,2025-12-30,Regular
1468,William,Mitchell,william.mitchell3@example.com,Melbourne,2025-04-16,New
1469,Amelia,Smith,amelia.smith8@example.com,Brisbane,2025-05-06,New
1470,Oliver,Wilson,oliver.wilson4@example.com,Adelaide,2025-03-28,Regular
1471,Mia,Taylor,mia.taylor1@example.com,Brisbane,2025-12-27,New
1472,William,Lee,william.lee2@example.com,Other,2024-05-11,New
1473,Thomas,Kelly,thomas.kelly5@example.com,Sydney,2024-05-08,New
1474,Charlotte,Mitchell,charlotte.mitchell1@example.com,Melbourne,2025-12-08,New
1475,Ella,Anderson,ella.anderson7@example.com,Melbourne,2025-03-17,New
1476,Jack,Stewart,jack.stewart1@example.com,Melbourne,2025-08-30,Regular
1477,Isla,Jones,isla.jones4@example.com,Brisbane,2024-03-08,Regular
1478,Ella,Brown,ella.brown@example.com,Adelaide,2024-05-06,New
1479,Ava,Taylor,ava.taylor2@example.com,Brisbane,2025-11-17,New
1480,Amelia,Chen,amelia.chen3@example.com,Brisbane,2025-08-16,Regular
1481,Zoe,Bell,zoe.bell3@example.com,Adelaide,2024-09-04,Regular
1482,William,Cook,william.cook@example.com,Adelaide,2024-01-15,New
1483,Ava,Kelly,ava.kelly3@example.com,Adelaide,2024-06-24,New
1484,Jacob,Brown,jacob.brown5@example.com,Adelaide,2024-08-07,VIP
1485,Henry,Robinson,henry.robinson3@example.com,Adelaide,2025-12-15,New
1486,Liam,Brown,liam.brown2@example.com,Brisbane,2024-07-04,Lapsed
1487,Lucas,Nguyen,lucas.nguyen3@example.com,Sydney,2025-06-10,Regular
1488,Ella,Walker,ella.walker4@example.com,Perth,2024-05-06,New
1489,Amelia,Anderson,amelia.anderson5@example.com,Other,2025-01-04,New
1490,Jacob,Jones,jacob.jones6@example.com,Brisbane,2024-03-25,Regular
1491,Grace,Kelly,grace.kelly1@example.com,Adelaide,2025-04-12,Regular
1492,Liam,Campbell,liam.campbell3@example.com,Adelaide,2024-08-19,Regular
1493,Lucas,Nguyen,lucas.nguyen4@example.com,Perth,2024-03-12,Lapsed
1494,Oliver,Taylor,oliver.taylor2@example.com,Other,2024-01-14,Regular
1495,William,Clarke,william.clarke2@example.com,Adelaide,2025-03-24,Regular
1496,Charlotte,Brown,charlotte.brown2@example.com,Perth,2024-05-26,Regular
1497,Ruby,Brown,ruby.brown2@example.com,Melbourne,2024-06-21,Regular
1498,Ava,Walker,ava.walker5@example.com,Adelaide,2024-07-24,VIP
1499,Grace,Brown,grace.brown1@example.com,Perth,2024-08-26,Regular
1500,Isla,Cook,isla.cook3@example.com,Brisbane,2025-08-30,VIP
1501,Sophie,Clarke,sophie.clarke5@example.com,Perth,2024-12-30,Regular
1502,Grace,Anderson,grace.anderson6@example.com,Brisbane,2025-06-07,New
1503,Chloe,Brown,chloe.brown2@example.com,Brisbane,2024-05-05,Regular
1504,Thomas,Wilson,thomas.wilson1@example.com,Melbourne,2024-01-31,Regular
1505,Charlotte,Anderson,charlotte.anderson7@example.com,Melbourne,2025-11-25,Lapsed
1506,Grace,Bell,grace.bell4@example.com,Brisbane,2025-11-26,New
1507,Alexander,Bell,alexander.bell5@example.com,Melbourne,2024-04-08,Regular
1508,Zoe,Anderson,zoe.anderson@example.com,Sydney,2025-04-22,New
1509,Henry,Anderson,henry.anderson5@example.com,Brisbane,2025-05-31,Regular
1510,Ethan,Murphy,ethan.murphy6@example.com,Melbourne,2024-01-19,Lapsed
1511,William,Clarke,william.clarke3@example.com,Brisbane,2025-04-05,VIP
1512,Chloe,Campbell,chloe.campbell10@example.com,Melbourne,2024-02-06,New
1513,Liam,Kelly,liam.kelly3@example.com,Sydney,2025-12-24,Regular
1514,Amelia,Kelly,amelia.kelly4@example.com,Perth,2025-02-02,VIP
1515,Ruby,Anderson,ruby.anderson3@example.com,Adelaide,2025-11-06,Regular
1516,Ruby,Anderson,ruby.anderson4@example.com,Adelaide,2025-05-02,VIP
1517,Zoe,Jones,zoe.jones4@example.com,Brisbane,2025-02-04,Regular
1518,Grace,Bell,grace.bell5@example.com,Brisbane,2025-11-23,VIP
1519,James,Walker,james.walker8@example.com,Melbourne,2024-03-03,Regular
1520,Amelia,Robinson,amelia.robinson@example.com,Other,2024-12-23,Regular
1521,Ella,Walker,ella.walker5@example.com,Melbourne,2025-01-24,Regular
1522,Oliver,Mitchell,oliver.mitchell2@example.com,Melbourne,2024-12-25,Regular
1523,Thomas,Lee,thomas.lee2@example.com,Brisbane,2025-10-25,Regular
1524,Emily,Williams,emily.williams2@example.com,Melbourne,2024-11-08,New
1525,Olivia,Murphy,olivia.murphy2@example.com,Melbourne,2024-11-29,Regular
1526,Lucas,Cook,lucas.cook2@example.com,Perth,2025-06-11,New
1527,Emily,Anderson,emily.anderson5@example.com,Melbourne,2025-08-25,Lapsed
1528,Grace,Cook,grace.cook2@example.com,Brisbane,2025-02-03,Regular
1529,Henry,Brown,henry.brown4@example.com,Other,2025-12-08,New
1530,Henry,Stewart,henry.stewart2@example.com,Brisbane,2025-11-14,New
1531,James,Robinson,james.robinson3@example.com,Sydney,2025-03-22,Regular
1532,Charlotte,Murphy,charlotte.murphy@example.com,Brisbane,2024-08-07,New
1533,James,Cook,james.cook2@example.com,Sydney,2025-02-15,Regular
1534,Charlotte,Cook,charlotte.cook2@example.com,Adelaide,2024-04-07,New
1535,Charlotte,Cook,charlotte.cook3@example.com,Perth,2025-06-27,Regular
1536,Oliver,Williams,oliver.williams6@example.com,Brisbane,2025-10-29,Regular
1537,James,Mitchell,james.mitchell4@example.com,Adelaide,2025-11-10,New
1538,Lucas,Clarke,lucas.clarke3@example.com,Adelaide,2024-09-14,Regular
1539,Liam,Murphy,liam.murphy4@example.com,Melbourne,2024-07-03,Regular
1540,Zoe,Taylor,zoe.taylor4@example.com,Perth,2025-08-13,New
1541,Jacob,Campbell,jacob.campbell4@example.com,Other,2024-10-01,Regular
1542,Alexander,Mitchell,alexander.mitchell2@example.com,Other,2025-08-02,Regular
1543,Zoe,Nguyen,zoe.nguyen1@example.com,Perth,2025-01-08,New
1544,Amelia,Kelly,amelia.kelly5@example.com,Perth,2025-03-21,New
1545,Charlotte,Nguyen,charlotte.nguyen2@example.com,Brisbane,2025-02-26,VIP
1546,Sophie,Taylor,sophie.taylor3@example.com,Other,2024-09-19,Regular
1547,Grace,Lee,grace.lee3@example.com,Sydney,2024-04-26,New
1548,Thomas,Kelly,thomas.kelly6@example.com,Perth,2025-04-20,Regular
1549,Lucas,Mitchell,lucas.mitchell1@example.com,Melbourne,2025-10-24,New
1550,Isla,Wilson,isla.wilson3@example.com,Brisbane,2024-01-30,VIP
1551,Isla,Murphy,isla.murphy@example.com,Other,2024-06-29,VIP
1552,Jacob,Anderson,jacob.anderson@example.com,Melbourne,2024-01-21,VIP
1553,Charlotte,Walker,charlotte.walker3@example.com,Brisbane,2025-09-08,VIP
1554,Lucas,Robinson,lucas.robinson2@example.com,Other,2025-11-18,VIP
1555,Grace,Wilson,grace.wilson2@example.com,Melbourne,2024-08-29,Regular
1556,Zoe,Brown,zoe.brown4@example.com,Other,2025-06-18,VIP
1557,Ella,Stewart,ella.stewart1@example.com,Perth,2024-09-14,VIP
1558,Thomas,Bell,thomas.bell2@example.com,Brisbane,2024-05-05,New
1559,Ruby,Clarke,ruby.clarke3@example.com,Perth,2024-08-29,New
1560,William,Taylor,william.taylor1@example.com,Brisbane,2024-08-07,Regular
1561,Isla,Cook,isla.cook4@example.com,Perth,2024-02-27,Regular
1562,Emily,Brown,emily.brown2@example.com,Adelaide,2024-11-20,Regular
1563,Liam,Lee,liam.lee4@example.com,Sydney,2024-10-11,Regular
1564,Emily,Robinson,emily.robinson2@example.com,Melbourne,2024-11-11,Regular
1565,Alexander,Jones,alexander.jones6@example.com,Melbourne,2025-11-09,Regular
1566,Liam,Lee,liam.lee5@example.com,Adelaide,2024-09-16,Regular
1567,Sophie,Robinson,sophie.robinson3@example.com,Melbourne,2025-12-02,Regular
1568,Thomas,Campbell,thomas.campbell2@example.com,Melbourne,2025-02-01,Lapsed
1569,Grace,Chen,grace.chen1@example.com,Melbourne,2024-11-04,Lapsed
1570,Ella,Lee,ella.lee1@example.com,Sydney,2024-10-31,VIP
1571,Noah,Campbell,noah.campbell3@example.com,Brisbane,2025-10-08,VIP
1572,Ella,Mitchell,ella.mitchell4@example.com,Brisbane,2024-02-04,VIP
1573,Ella,Anderson,ella.anderson8@example.com,Other,2025-04-27,Regular
1574,Mia,Mitchell,mia.mitchell2@example.com,Sydney,2024-04-12,Regular
1575,Zoe,Williams,zoe.williams3@example.com,Perth,2024-12-26,Regular
1576,Ethan,Walker,ethan.walker2@example.com,Other,2025-04-09,New
1577,Jack,Taylor,jack.taylor@example.com,Perth,2025-10-07,VIP
1578,Amelia,Smith,amelia.smith9@example.com,Sydney,2025-02-14,Regular
1579,Mia,Cook,mia.cook2@example.com,Melbourne,2024-03-25,New
1580,Zoe,Wilson,zoe.wilson9@example.com,Other,2025-08-31,Regular
1581,Mia,Campbell,mia.campbell1@example.com,Other,2025-05-04,New
1582,Noah,Cook,noah.cook2@example.com,Brisbane,2024-12-01,New
1583,Lucas,Robinson,lucas.robinson3@example.com,Perth,2024-07-05,VIP
1584,Ruby,Lee,ruby.lee7@example.com,Melbourne,2024-01-22,Lapsed
1585,Sophie,Bell,sophie.bell6@example.com,Sydney,2025-10-03,Lapsed
1586,Chloe,Nguyen,chloe.nguyen@example.com,Other,2024-09-25,VIP
1587,Jack,Clarke,jack.clarke3@example.com,Perth,2025-09-24,Regular
1588,Amelia,Williams,amelia.williams6@example.com,Sydney,2025-01-11,Lapsed
1589,William,Smith,william.smith4@example.com,Perth,2025-06-22,VIP
1590,Chloe,Anderson,chloe.anderson1@example.com,Sydney,2024-05-01,Regular
1591,Ava,Chen,ava.chen5@example.com,Other,2024-10-21,Regular
1592,Amelia,Mitchell,amelia.mitchell2@example.com,Adelaide,2024-07-30,New
1593,James,Nguyen,james.nguyen1@example.com,Sydney,2025-03-04,Regular
1594,Amelia,Smith,amelia.smith10@example.com,Brisbane,2024-10-24,New
1595,Chloe,Lee,chloe.lee3@example.com,Adelaide,2025-01-13,Regular
1596,Chloe,Williams,chloe.williams4@example.com,Perth,2024-01-11,New
1597,Mia,Clarke,mia.clarke3@example.com,Sydney,2025-12-04,Regular
1598,Emily,Mitchell,emily.mitchell7@example.com,Brisbane,2025-09-03,New
1599,Ethan,Jones,ethan.jones3@example.com,Brisbane,2024-02-23,Lapsed
1600,Henry,Robinson,henry.robinson4@example.com,Other,2025-09-12,Lapsed
1601,Alexander,Jones,alexander.jones7@example.com,Brisbane,2024-01-06,Regular
1602,Grace,Kelly,grace.kelly2@example.com,Other,2025-02-08,Regular
1603,Ethan,Jones,ethan.jones4@example.com,Sydney,2025-08-17,New
1604,Zoe,Anderson,zoe.anderson1@example.com,Perth,2024-12-13,New
1605,Mia,Stewart,mia.stewart2@example.com,Sydney,2025-03-19,New
1606,Mia,Jones,mia.jones2@example.com,Perth,2024-05-10,VIP
1607,Isla,Robinson,isla.robinson4@example.com,Brisbane,2025-03-16,Lapsed
1608,Isla,Bell,isla.bell5@example.com,Adelaide,2024-09-27,New
1609,Noah,Walker,noah.walker5@example.com,Sydney,2025-05-18,Regular
1610,Liam,Campbell,liam.campbell4@example.com,Sydney,2024-02-24,New
1611,Thomas,Taylor,thomas.taylor1@example.com,Perth,2024-02-06,New
1612,Emily,Campbell,emily.campbell3@example.com,Melbourne,2025-03-22,Lapsed
1613,Henry,Jones,henry.jones1@example.com,Brisbane,2025-03-28,Lapsed
1614,Ethan,Anderson,ethan.anderson5@example.com,Perth,2025-04-13,New
1615,Jacob,Wilson,jacob.wilson4@example.com,Brisbane,2024-05-06,New
1616,James,Taylor,james.taylor3@example.com,Other,2024-06-21,Regular
1617,Isla,Cook,isla.cook5@example.com,Adelaide,2025-11-10,New
1618,Olivia,Stewart,olivia.stewart3@example.com,Sydney,2025-08-07,Regular
1619,Charlotte,Lee,charlotte.lee2@example.com,Other,2025-05-25,New
1620,Mia,Smith,mia.smith4@example.com,Other,2024-10-18,Lapsed
1621,William,Clarke,william.clarke4@example.com,Adelaide,2025-01-17,Lapsed
1622,William,Walker,william.walker4@example.com,Melbourne,2024-06-06,New
1623,Emily,Anderson,emily.anderson6@example.com,Other,2025-04-09,Lapsed
1624,Alexander,Smith,alexander.smith2@example.com,Melbourne,2024-12-03,Regular
1625,Chloe,Walker,chloe.walker2@example.com,Sydney,2025-08-05,New
1626,Jack,Kelly,jack.kelly2@example.com,Melbourne,2024-11-26,Regular
1627,Ethan,Bell,ethan.bell3@example.com,Melbourne,2025-01-25,Regular
1628,Noah,Lee,noah.lee1@example.com,Melbourne,2025-02-12,New
1629,Ava,Taylor,ava.taylor3@example.com,Perth,2025-02-01,New
1630,Ella,Wilson,ella.wilson5@example.com,Brisbane,2024-05-03,Regular
1631,Lucas,Kelly,lucas.kelly3@example.com,Adelaide,2025-12-02,New
1632,Liam,Brown,liam.brown3@example.com,Adelaide,2025-01-11,New
1633,Chloe,Clarke,chloe.clarke2@example.com,Brisbane,2025-05-02,Regular
1634,Lucas,Williams,lucas.williams1@example.com,Brisbane,2025-03-08,Regular
1635,Lucas,Mitchell,lucas.mitchell2@example.com,Melbourne,2024-04-05,Regular
1636,Chloe,Lee,chloe.lee4@example.com,Other,2025-10-25,Regular
1637,Henry,Stewart,henry.stewart3@example.com,Other,2025-10-06,Regular
1638,James,Campbell,james.campbell7@example.com,Melbourne,2025-03-23,Lapsed
1639,Henry,Kelly,henry.kelly3@example.com,Sydney,2024-06-01,Regular
1640,James,Lee,james.lee2@example.com,Perth,2025-06-19,New
1641,Jack,Murphy,jack.murphy2@example.com,Melbourne,2024-03-19,Regular
1642,Zoe,Mitchell,zoe.mitchell5@example.com,Melbourne,2025-02-26,Regular
1643,Jacob,Cook,jacob.cook5@example.com,Brisbane,2024-09-16,New
1644,Charlotte,Stewart,charlotte.stewart4@example.com,Melbourne,2024-01-17,Regular
1645,Chloe,Taylor,chloe.taylor5@example.com,Perth,2024-07-05,New
1646,Lucas,Kelly,lucas.kelly4@example.com,Adelaide,2024-11-17,Regular
1647,Ella,Campbell,ella.campbell2@example.com,Brisbane,2025-09-30,New
1648,Noah,Nguyen,noah.nguyen3@example.com,Melbourne,2024-07-08,Regular
1649,Alexander,Chen,alexander.chen3@example.com,Melbourne,2025-11-20,Regular
1650,Olivia,Smith,olivia.smith@example.com,Melbourne,2025-02-08,New
1651,Sophie,Anderson,sophie.anderson4@example.com,Other,2025-04-16,Regular
1652,Liam,Bell,liam.bell7@example.com,Brisbane,2025-05-13,Regular
1653,Alexander,Robinson,alexander.robinson1@example.com,Other,2025-12-08,Lapsed
1654,Liam,Clarke,liam.clarke5@example.com,Melbourne,2024-11-05,New
1655,Olivia,Nguyen,olivia.nguyen1@example.com,Melbourne,2024-04-24,Regular
1656,Ava,Smith,ava.smith@example.com,Perth,2024-08-02,Regular
1657,Sophie,Lee,sophie.lee2@example.com,Other,2025-03-22,VIP
1658,Ethan,Nguyen,ethan.nguyen2@example.com,Brisbane,2024-03-29,VIP
1659,Amelia,Anderson,amelia.anderson6@example.com,Melbourne,2025-03-08,New
1660,Amelia,Campbell,amelia.campbell2@example.com,Perth,2025-05-11,New
1661,Chloe,Cook,chloe.cook3@example.com,Sydney,2024-09-05,New
1662,Grace,Jones,grace.jones3@example.com,Melbourne,2024-12-07,New
1663,Emily,Mitchell,emily.mitchell8@example.com,Perth,2025-03-01,Regular
1664,Alexander,Murphy,alexander.murphy4@example.com,Melbourne,2024-10-24,Regular
1665,Henry,Stewart,henry.stewart4@example.com,Other,2025-08-28,Regular
1666,Liam,Anderson,liam.anderson4@example.com,Other,2024-08-25,New
1667,Olivia,Mitchell,olivia.mitchell2@example.com,Brisbane,2025-08-13,Regular
1668,Isla,Mitchell,isla.mitchell3@example.com,Melbourne,2025-04-29,Regular
1669,Sophie,Robinson,sophie.robinson4@example.com,Other,2025-04-04,Regular
1670,Noah,Kelly,noah.kelly2@example.com,Perth,2024-07-15,New
1671,Thomas,Stewart,thomas.stewart4@example.com,Adelaide,2024-08-12,Lapsed
1672,Mia,Bell,mia.bell3@example.com,Perth,2025-11-03,New
1673,James,Clarke,james.clarke1@example.com,Other,2025-03-02,Regular
1674,Oliver,Anderson,oliver.anderson1@example.com,Adelaide,2024-06-14,New
1675,Emily,Williams,emily.williams3@example.com,Perth,2025-11-14,New
1676,Ava,Taylor,ava.taylor4@example.com,Perth,2025-09-12,New
1677,Lucas,Anderson,lucas.anderson2@example.com,Sydney,2024-11-06,New
1678,Jack,Smith,jack.smith1@example.com,Brisbane,2025-01-02,Regular
1679,Noah,Taylor,noah.taylor@example.com,Melbourne,2025-05-30,VIP
1680,Mia,Mitchell,mia.mitchell3@example.com,Adelaide,2024-04-26,New
1681,Ethan,Lee,ethan.lee2@example.com,Brisbane,2025-05-13,Lapsed
1682,Oliver,Jones,oliver.jones4@example.com,Brisbane,2025-07-24,VIP
1683,Emily,Stewart,emily.stewart1@example.com,Other,2025-09-10,New
1684,Jack,Campbell,jack.campbell4@example.com,Melbourne,2025-04-13,Lapsed
1685,Alexander,Bell,alexander.bell6@example.com,Adelaide,2024-04-14,New
1686,William,Taylor,william.taylor2@example.com,Melbourne,2025-10-07,VIP
1687,Oliver,Taylor,oliver.taylor3@example.com,Other,2024-10-26,Regular
1688,Zoe,Anderson,zoe.anderson2@example.com,Sydney,2024-04-11,Regular
1689,Mia,Wilson,mia.wilson3@example.com,Sydney,2024-05-05,Regular
1690,Lucas,Smith,lucas.smith3@example.com,Perth,2024-09-08,New
1691,Zoe,Taylor,zoe.taylor5@example.com,Brisbane,2024-03-28,Regular
1692,Ella,Mitchell,ella.mitchell5@example.com,Other,2025-01-04,Regular
1693,Amelia,Stewart,amelia.stewart3@example.com,Sydney,2025-03-07,New
1694,Lucas,Mitchell,lucas.mitchell3@example.com,Perth,2025-02-23,Lapsed
1695,Zoe,Robinson,zoe.robinson5@example.com,Perth,2024-01-31,New
1696,Olivia,Stewart,olivia.stewart4@example.com,Melbourne,2024-03-12,New
1697,Grace,Taylor,grace.taylor1@example.com,Melbourne,2025-03-20,Regular
1698,Jack,Wilson,jack.wilson6@example.com,Melbourne,2025-08-11,Lapsed
1699,Emily,Stewart,emily.stewart2@example.com,Perth,2024-10-29,Regular
1700,Liam,Murphy,liam.murphy5@example.com,Other,2024-11-07,Regular
1701,Oliver,Smith,oliver.smith1@example.com,Adelaide,2024-10-13,Regular
1702,Amelia,Clarke,amelia.clarke2@example.com,Other,2025-04-01,New
1703,Ethan,Bell,ethan.bell4@example.com,Other,2025-09-25,Regular
1704,Oliver,Clarke,oliver.clarke6@example.com,Brisbane,2024-07-21,New
1705,Ethan,Walker,ethan.walker3@example.com,Other,2025-02-03,Regular
1706,Amelia,Stewart,amelia.stewart4@example.com,Brisbane,2025-07-07,New
1707,Zoe,Murphy,zoe.murphy8@example.com,Adelaide,2024-11-15,New
1708,Sophie,Taylor,sophie.taylor4@example.com,Melbourne,2024-01-24,VIP
1709,Ethan,Cook,ethan.cook4@example.com,Sydney,2024-09-21,VIP
1710,James,Mitchell,james.mitchell5@example.com,Melbourne,2025-06-01,Regular
1711,Oliver,Chen,oliver.chen3@example.com,Adelaide,2025-10-04,Regular
1712,Jack,Brown,jack.brown2@example.com,Brisbane,2025-04-04,Regular
1713,Olivia,Campbell,olivia.campbell1@example.com,Sydney,2024-12-13,VIP
1714,Ruby,Cook,ruby.cook3@example.com,Other,2025-10-04,Regular
1715,Alexander,Lee,alexander.lee5@example.com,Brisbane,2024-12-24,New
1716,Emily,Cook,emily.cook2@example.com,Sydney,2025-11-19,Regular
1717,Zoe,Lee,zoe.lee3@example.com,Brisbane,2024-04-17,Regular
1718,Ava,Robinson,ava.robinson1@example.com,Melbourne,2025-04-10,New
1719,Lucas,Mitchell,lucas.mitchell4@example.com,Melbourne,2024-03-24,New
1720,Amelia,Anderson,amelia.anderson7@example.com,Perth,2024-08-07,New
1721,Liam,Stewart,liam.stewart2@example.com,Adelaide,2025-02-16,Regular
1722,Ella,Clarke,ella.clarke3@example.com,Adelaide,2024-09-27,Regular
1723,Lucas,Campbell,lucas.campbell1@example.com,Perth,2025-12-06,Regular
1724,Lucas,Taylor,lucas.taylor10@example.com,Adelaide,2024-05-27,New
1725,Emily,Campbell,emily.campbell4@example.com,Other,2024-05-12,Regular
1726,Zoe,Brown,zoe.brown5@example.com,Sydney,2025-12-12,Regular
1727,Jack,Taylor,jack.taylor1@example.com,Brisbane,2025-07-26,Lapsed
1728,William,Bell,william.bell2@example.com,Melbourne,2025-02-22,New
1729,Ruby,Kelly,ruby.kelly2@example.com,Adelaide,2024-02-11,New
1730,Oliver,Kelly,oliver.kelly2@example.com,Brisbane,2025-01-18,New
1731,Olivia,Wilson,olivia.wilson1@example.com,Adelaide,2024-05-25,Regular
1732,James,Kelly,james.kelly6@example.com,Sydney,2024-08-08,VIP
1733,Henry,Smith,henry.smith1@example.com,Adelaide,2024-05-05,New
1734,Jack,Mitchell,jack.mitchell1@example.com,Adelaide,2025-05-07,New
1735,Chloe,Walker,chloe.walker3@example.com,Perth,2025-01-21,VIP
1736,Alexander,Wilson,alexander.wilson2@example.com,Adelaide,2024-05-21,Regular
1737,Ella,Campbell,ella.campbell3@example.com,Perth,2025-11-14,New
1738,Jacob,Walker,jacob.walker2@example.com,Adelaide,2024-04-01,Regular
1739,Lucas,Clarke,lucas.clarke4@example.com,Perth,2024-08-26,New
1740,Jack,Campbell,jack.campbell5@example.com,Other,2024-10-11,New
1741,Noah,Smith,noah.smith3@example.com,Other,2025-08-08,VIP
1742,Emily,Kelly,emily.kelly5@example.com,Other,2025-07-28,New
1743,Ethan,Williams,ethan.williams2@example.com,Adelaide,2024-07-16,Regular
1744,Ella,Jones,ella.jones2@example.com,Adelaide,2025-08-06,New
1745,Henry,Stewart,henry.stewart5@example.com,Melbourne,2024-01-20,Regular
1746,Ethan,Taylor,ethan.taylor2@example.com,Brisbane,2024-01-20,VIP
1747,Thomas,Cook,thomas.cook2@example.com,Melbourne,2025-03-30,VIP
1748,Alexander,Walker,alexander.walker4@example.com,Adelaide,2025-02-15,New
1749,Olivia,Walker,olivia.walker3@example.com,Sydney,2025-03-23,Regular
1750,Zoe,Walker,zoe.walker3@example.com,Brisbane,2025-01-26,New
1751,William,Murphy,william.murphy1@example.com,Brisbane,2024-06-21,New
1752,Isla,Williams,isla.williams2@example.com,Brisbane,2024-06-06,Lapsed
1753,Liam,Taylor,liam.taylor4@example.com,Adelaide,2024-03-01,Lapsed
1754,Noah,Smith,noah.smith4@example.com,Melbourne,2025-12-31,New
1755,William,Walker,william.walker5@example.com,Perth,2024-05-25,VIP
1756,Isla,Clarke,isla.clarke1@example.com,Melbourne,2024-05-03,New
1757,Ella,Bell,ella.bell1@example.com,Sydney,2025-08-23,Regular
1758,Ella,Stewart,ella.stewart2@example.com,Melbourne,2025-01-29,New
1759,Mia,Campbell,mia.campbell2@example.com,Perth,2025-07-20,New
1760,Olivia,Mitchell,olivia.mitchell3@example.com,Sydney,2025-10-10,Lapsed
1761,Olivia,Chen,olivia.chen4@example.com,Adelaide,2025-07-21,Regular
1762,Thomas,Murphy,thomas.murphy@example.com,Sydney,2025-10-29,New
1763,Lucas,Campbell,lucas.campbell2@example.com,Other,2024-03-26,Regular
1764,Amelia,Robinson,amelia.robinson1@example.com,Sydney,2025-07-07,VIP
1765,Ethan,Mitchell,ethan.mitchell1@example.com,Perth,2025-07-22,New
1766,Chloe,Bell,chloe.bell5@example.com,Other,2024-10-23,Lapsed
1767,Olivia,Jones,olivia.jones2@example.com,Brisbane,2025-05-08,Regular
1768,Liam,Clarke,liam.clarke6@example.com,Other,2024-12-25,New
1769,Zoe,Kelly,zoe.kelly1@example.com,Sydney,2024-02-16,Regular
1770,Ruby,Williams,ruby.williams2@example.com,Melbourne,2024-11-03,Regular
1771,William,Wilson,william.wilson1@example.com,Brisbane,2025-07-23,VIP
1772,Ava,Bell,ava.bell3@example.com,Brisbane,2025-05-31,VIP
1773,Mia,Chen,mia.chen2@example.com,Perth,2025-12-25,New
1774,Liam,Walker,liam.walker6@example.com,Sydney,2024-12-15,Regular
1775,Alexander,Walker,alexander.walker5@example.com,Other,2024-01-17,New
1776,Olivia,Bell,olivia.bell5@example.com,Melbourne,2025-05-02,Lapsed
1777,Liam,Taylor,liam.taylor5@example.com,Adelaide,2025-02-27,VIP
1778,Emily,Anderson,emily.anderson7@example.com,Adelaide,2025-02-06,New
1779,Sophie,Williams,sophie.williams5@example.com,Melbourne,2025-07-05,VIP
1780,Liam,Campbell,liam.campbell5@example.com,Melbourne,2025-11-19,Regular
1781,Grace,Bell,grace.bell6@example.com,Perth,2025-01-01,New
1782,Ella,Smith,ella.smith3@example.com,Perth,2024-05-07,Regular
1783,Ava,Campbell,ava.campbell3@example.com,Sydney,2024-01-10,Regular
1784,Ella,Chen,ella.chen5@example.com,Other,2025-11-27,Regular
1785,Charlotte,Bell,charlotte.bell3@example.com,Brisbane,2025-10-02,VIP
1786,Thomas,Lee,thomas.lee3@example.com,Brisbane,2025-05-20,New
1787,Henry,Bell,henry.bell@example.com,Melbourne,2024-08-02,New
1788,Sophie,Clarke,sophie.clarke6@example.com,Brisbane,2024-04-23,Regular
1789,Henry,Taylor,henry.taylor3@example.com,Sydney,2025-07-19,Regular
1790,Ruby,Bell,ruby.bell3@example.com,Sydney,2025-08-01,New
1791,Amelia,Williams,amelia.williams7@example.com,Brisbane,2024-05-10,Lapsed
1792,Thomas,Stewart,thomas.stewart5@example.com,Sydney,2024-10-07,VIP
1793,Olivia,Murphy,olivia.murphy3@example.com,Brisbane,2025-09-21,Regular
1794,Chloe,Smith,chloe.smith3@example.com,Other,2025-03-13,Regular
1795,Sophie,Jones,sophie.jones5@example.com,Perth,2024-11-26,VIP
1796,Lucas,Chen,lucas.chen4@example.com,Other,2024-05-04,Regular
1797,Henry,Robinson,henry.robinson5@example.com,Melbourne,2025-06-13,VIP
1798,Thomas,Jones,thomas.jones4@example.com,Perth,2024-10-11,Regular
1799,Mia,Smith,mia.smith5@example.com,Sydney,2025-02-05,New
1800,Ruby,Smith,ruby.smith2@example.com,Other,2024-08-19,Regular
1801,Charlotte,Lee,charlotte.lee3@example.com,Sydney,2024-07-20,New
1802,Charlotte,Brown,charlotte.brown3@example.com,Perth,2024-01-29,Regular
1803,Olivia,Cook,olivia.cook@example.com,Brisbane,2025-10-03,VIP
1804,Thomas,Brown,thomas.brown2@example.com,Sydney,2025-04-29,Lapsed
1805,Jack,Walker,jack.walker3@example.com,Sydney,2025-06-16,Lapsed
1806,Ella,Bell,ella.bell2@example.com,Perth,2025-09-26,VIP
1807,Sophie,Campbell,sophie.campbell3@example.com,Melbourne,2025-08-15,New
1808,Jack,Jones,jack.jones3@example.com,Brisbane,2025-01-21,VIP
1809,Emily,Williams,emily.williams4@example.com,Melbourne,2024-05-10,Lapsed
1810,Chloe,Jones,chloe.jones3@example.com,Adelaide,2024-11-04,Regular
1811,Charlotte,Brown,charlotte.brown4@example.com,Melbourne,2025-11-24,Regular
1812,James,Clarke,james.clarke2@example.com,Melbourne,2025-02-15,Regular
1813,Lucas,Lee,lucas.lee2@example.com,Other,2025-09-05,Regular
1814,Chloe,Clarke,chloe.clarke3@example.com,Perth,2025-04-20,VIP
1815,Alexander,Brown,alexander.brown2@example.com,Other,2024-12-13,Lapsed
1816,Olivia,Campbell,olivia.campbell2@example.com,Brisbane,2025-06-13,Regular
1817,William,Brown,william.brown2@example.com,Adelaide,2024-01-13,Regular
1818,Ruby,Nguyen,ruby.nguyen3@example.com,Sydney,2025-08-09,Regular
1819,Isla,Robinson,isla.robinson5@example.com,Perth,2025-03-07,Regular
1820,Chloe,Taylor,chloe.taylor6@example.com,Sydney,2024-09-05,VIP
1821,Jack,Wilson,jack.wilson7@example.com,Adelaide,2024-11-15,Regular
1822,Sophie,Robinson,sophie.robinson5@example.com,Adelaide,2024-11-14,VIP
1823,Ella,Wilson,ella.wilson6@example.com,Perth,2024-05-30,New
1824,Mia,Kelly,mia.kelly3@example.com,Melbourne,2025-01-12,Regular
1825,Liam,Wilson,liam.wilson6@example.com,Sydney,2024-02-28,Regular
1826,Ethan,Jones,ethan.jones5@example.com,Brisbane,2025-03-08,New
1827,Ava,Nguyen,ava.nguyen5@example.com,Brisbane,2024-03-11,New
1828,Henry,Campbell,henry.campbell2@example.com,Other,2025-09-06,New
1829,Ruby,Cook,ruby.cook4@example.com,Adelaide,2024-12-09,New
1830,Mia,Taylor,mia.taylor2@example.com,Perth,2024-04-17,VIP
1831,Jack,Anderson,jack.anderson2@example.com,Melbourne,2024-08-12,Regular
1832,Emily,Lee,emily.lee5@example.com,Adelaide,2025-04-22,New
1833,Henry,Walker,henry.walker2@example.com,Sydney,2025-01-19,Regular
1834,Olivia,Robinson,olivia.robinson3@example.com,Melbourne,2024-01-11,Regular
1835,Ethan,Brown,ethan.brown1@example.com,Brisbane,2024-05-25,Regular
1836,Sophie,Cook,sophie.cook6@example.com,Melbourne,2025-01-03,Lapsed
1837,Ava,Nguyen,ava.nguyen6@example.com,Sydney,2024-10-17,New
1838,Isla,Taylor,isla.taylor3@example.com,Adelaide,2024-12-13,New
1839,Ava,Smith,ava.smith1@example.com,Brisbane,2024-06-29,Lapsed
1840,Olivia,Wilson,olivia.wilson2@example.com,Other,2025-01-23,VIP
1841,William,Walker,william.walker6@example.com,Brisbane,2024-08-03,Regular
1842,Oliver,Robinson,oliver.robinson3@example.com,Sydney,2025-11-07,Lapsed
1843,Alexander,Mitchell,alexander.mitchell3@example.com,Melbourne,2025-12-29,New
1844,Amelia,Nguyen,amelia.nguyen2@example.com,Adelaide,2024-07-15,Regular
1845,Oliver,Walker,oliver.walker3@example.com,Perth,2025-09-05,Lapsed
1846,Thomas,Jones,thomas.jones5@example.com,Adelaide,2025-09-22,New
1847,Ethan,Kelly,ethan.kelly7@example.com,Brisbane,2024-06-01,New
1848,Sophie,Chen,sophie.chen4@example.com,Adelaide,2024-05-09,Lapsed
1849,Henry,Nguyen,henry.nguyen7@example.com,Perth,2024-03-24,VIP
1850,Alexander,Williams,alexander.williams4@example.com,Adelaide,2024-06-20,Regular
1851,Sophie,Stewart,sophie.stewart2@example.com,Perth,2025-01-18,Regular
1852,Noah,Walker,noah.walker6@example.com,Brisbane,2025-12-30,Regular
1853,Henry,Anderson,henry.anderson6@example.com,Brisbane,2025-04-30,Regular
1854,Sophie,Cook,sophie.cook7@example.com,Melbourne,2025-10-27,New
1855,Ava,Campbell,ava.campbell4@example.com,Perth,2024-08-28,New
1856,Lucas,Clarke,lucas.clarke5@example.com,Sydney,2025-08-08,Lapsed
1857,Oliver,Chen,oliver.chen4@example.com,Melbourne,2025-07-17,New
1858,Charlotte,Kelly,charlotte.kelly6@example.com,Adelaide,2025-03-31,Regular
1859,Ruby,Jones,ruby.jones4@example.com,Adelaide,2025-04-21,Regular
1860,Lucas,Campbell,lucas.campbell3@example.com,Perth,2025-04-23,Regular
1861,Henry,Walker,henry.walker3@example.com,Perth,2024-10-06,New
1862,Chloe,Lee,chloe.lee5@example.com,Other,2024-09-28,New
1863,Charlotte,Kelly,charlotte.kelly7@example.com,Adelaide,2025-05-28,Regular
1864,Charlotte,Chen,charlotte.chen2@example.com,Melbourne,2024-08-21,New
1865,Oliver,Jones,oliver.jones5@example.com,Sydney,2025-07-13,New
1866,Liam,Walker,liam.walker7@example.com,Brisbane,2024-09-13,Regular
1867,Ella,Chen,ella.chen6@example.com,Other,2024-07-14,Regular
1868,Amelia,Murphy,amelia.murphy3@example.com,Melbourne,2024-09-24,VIP
1869,James,Robinson,james.robinson4@example.com,Perth,2025-02-17,VIP
1870,Ella,Smith,ella.smith4@example.com,Other,2025-04-28,Regular
1871,Ella,Wilson,ella.wilson7@example.com,Sydney,2025-02-11,New
1872,Jacob,Nguyen,jacob.nguyen2@example.com,Sydney,2025-04-30,Regular
1873,Ethan,Campbell,ethan.campbell2@example.com,Brisbane,2025-04-17,VIP
1874,Mia,Nguyen,mia.nguyen2@example.com,Other,2025-03-15,Regular
1875,Chloe,Campbell,chloe.campbell11@example.com,Melbourne,2025-07-25,Regular
1876,Ruby,Wilson,ruby.wilson6@example.com,Other,2024-11-08,New
1877,Liam,Robinson,liam.robinson3@example.com,Sydney,2024-12-13,Regular
1878,Liam,Clarke,liam.clarke7@example.com,Adelaide,2025-12-08,New
1879,Ruby,Smith,ruby.smith3@example.com,Melbourne,2025-08-04,Lapsed
1880,Amelia,Walker,amelia.walker2@example.com,Other,2025-08-04,VIP
1881,Alexander,Cook,alexander.cook1@example.com,Perth,2025-02-04,New
1882,Grace,Williams,grace.williams4@example.com,Perth,2025-07-01,New
1883,William,Walker,william.walker7@example.com,Perth,2025-08-06,Regular
1884,James,Williams,james.williams6@example.com,Melbourne,2024-06-24,Regular
1885,Noah,Jones,noah.jones3@example.com,Adelaide,2025-12-06,Regular
1886,Noah,Nguyen,noah.nguyen4@example.com,Perth,2024-03-12,New
1887,Thomas,Kelly,thomas.kelly7@example.com,Adelaide,2025-11-06,New
1888,Jack,Robinson,jack.robinson2@example.com,Melbourne,2025-06-14,New
1889,Lucas,Clarke,lucas.clarke6@example.com,Melbourne,2024-06-09,New
1890,Lucas,Anderson,lucas.anderson3@example.com,Perth,2024-03-11,Lapsed
1891,Ava,Wilson,ava.wilson3@example.com,Brisbane,2024-07-29,Regular
1892,Emily,Anderson,emily.anderson8@example.com,Adelaide,2024-06-11,Regular
1893,James,Cook,james.cook3@example.com,Adelaide,2024-07-26,Regular
1894,Chloe,Chen,chloe.chen3@example.com,Melbourne,2024-07-25,Lapsed
1895,Chloe,Williams,chloe.williams5@example.com,Adelaide,2025-02-12,VIP
1896,Zoe,Walker,zoe.walker4@example.com,Perth,2025-08-05,Regular
1897,Ruby,Jones,ruby.jones5@example.com,Brisbane,2024-04-03,Regular
1898,Chloe,Robinson,chloe.robinson5@example.com,Other,2025-12-18,VIP
1899,Grace,Bell,grace.bell7@example.com,Perth,2024-06-28,New
1900,Alexander,Mitchell,alexander.mitchell4@example.com,Perth,2025-04-13,Lapsed
1901,Noah,Cook,noah.cook3@example.com,Perth,2024-04-07,Regular
1902,Jack,Lee,jack.lee3@example.com,Brisbane,2024-06-10,VIP
1903,Ethan,Kelly,ethan.kelly8@example.com,Melbourne,2025-11-13,Regular
1904,Jacob,Nguyen,jacob.nguyen3@example.com,Perth,2025-05-20,Lapsed
1905,Ethan,Brown,ethan.brown2@example.com,Melbourne,2025-01-12,VIP
1906,Zoe,Walker,zoe.walker5@example.com,Perth,2025-02-23,New
1907,Ava,Stewart,ava.stewart5@example.com,Perth,2024-02-15,New
1908,Sophie,Campbell,sophie.campbell4@example.com,Brisbane,2025-01-25,Regular
1909,Ava,Clarke,ava.clarke2@example.com,Melbourne,2024-02-08,New
1910,Emily,Wilson,emily.wilson5@example.com,Other,2024-11-30,Regular
1911,Henry,Campbell,henry.campbell3@example.com,Melbourne,2024-03-10,Regular
1912,Thomas,Campbell,thomas.campbell3@example.com,Perth,2024-05-23,VIP
1913,Noah,Taylor,noah.taylor1@example.com,Adelaide,2024-01-19,New
1914,James,Brown,james.brown2@example.com,Other,2025-07-01,Regular
1915,Charlotte,Smith,charlotte.smith6@example.com,Brisbane,2025-11-24,New
1916,Oliver,Taylor,oliver.taylor4@example.com,Other,2024-08-09,New
1917,Liam,Murphy,liam.murphy6@example.com,Perth,2024-08-09,Regular
1918,Sophie,Stewart,sophie.stewart3@example.com,Other,2025-10-18,Regular
1919,William,Clarke,william.clarke5@example.com,Brisbane,2025-12-07,Regular
1920,Alexander,Smith,alexander.smith3@example.com,Perth,2024-02-19,VIP
1921,Thomas,Robinson,thomas.robinson@example.com,Sydney,2024-09-01,New
1922,Lucas,Smith,lucas.smith4@example.com,Brisbane,2024-01-15,VIP
1923,Liam,Williams,liam.williams5@example.com,Melbourne,2024-08-13,VIP
1924,Liam,Taylor,liam.taylor6@example.com,Melbourne,2024-06-20,Regular
1925,William,Walker,william.walker8@example.com,Adelaide,2024-11-26,Regular
1926,Alexander,Nguyen,alexander.nguyen1@example.com,Perth,2025-07-08,Lapsed
1927,William,Lee,william.lee3@example.com,Melbourne,2024-08-06,Regular
1928,Noah,Smith,noah.smith5@example.com,Other,2025-02-15,New
1929,Grace,Nguyen,grace.nguyen2@example.com,Sydney,2025-04-14,New
1930,Isla,Bell,isla.bell6@example.com,Melbourne,2025-01-12,New
1931,Ava,Mitchell,ava.mitchell1@example.com,Adelaide,2024-11-04,Regular
1932,William,Murphy,william.murphy2@example.com,Sydney,2025-08-05,New
1933,William,Bell,william.bell3@example.com,Other,2024-11-28,Regular
1934,Liam,Wilson,liam.wilson7@example.com,Sydney,2024-12-06,Regular
1935,Emily,Walker,emily.walker2@example.com,Perth,2025-11-13,New
1936,Olivia,Bell,olivia.bell6@example.com,Perth,2025-08-22,Regular
1937,Sophie,Lee,sophie.lee3@example.com,Adelaide,2025-05-30,Regular
1938,Olivia,Lee,olivia.lee3@example.com,Adelaide,2024-01-22,VIP
1939,William,Kelly,william.kelly3@example.com,Other,2024-08-30,Regular
1940,Thomas,Bell,thomas.bell3@example.com,Melbourne,2024-03-22,New
1941,Henry,Kelly,henry.kelly4@example.com,Sydney,2024-07-25,Regular
1942,Sophie,Jones,sophie.jones6@example.com,Other,2024-08-31,Regular
1943,Chloe,Walker,chloe.walker4@example.com,Brisbane,2024-05-17,New
1944,Ella,Jones,ella.jones3@example.com,Perth,2025-06-17,Regular
1945,James,Smith,james.smith5@example.com,Other,2024-08-22,New
1946,Thomas,Nguyen,thomas.nguyen2@example.com,Melbourne,2025-07-06,Lapsed
1947,Liam,Lee,liam.lee6@example.com,Other,2025-12-04,Regular
1948,Alexander,Clarke,alexander.clarke3@example.com,Brisbane,2025-06-17,New
1949,Sophie,Smith,sophie.smith5@example.com,Perth,2024-03-07,New
1950,Ava,Jones,ava.jones4@example.com,Sydney,2025-10-11,Lapsed
1951,Amelia,Williams,amelia.williams8@example.com,Adelaide,2024-06-26,Regular
1952,Ava,Lee,ava.lee1@example.com,Melbourne,2025-06-03,Regular
1953,Chloe,Kelly,chloe.kelly4@example.com,Other,2024-06-17,New
1954,Lucas,Taylor,lucas.taylor11@example.com,Sydney,2025-09-12,New
1955,Ruby,Campbell,ruby.campbell2@example.com,Sydney,2025-10-12,New
1956,Henry,Williams,henry.williams6@example.com,Perth,2025-01-03,Regular
1957,Henry,Campbell,henry.campbell4@example.com,Adelaide,2025-03-08,Regular
1958,Lucas,Wilson,lucas.wilson7@example.com,Melbourne,2025-05-08,VIP
1959,Lucas,Williams,lucas.williams2@example.com,Adelaide,2024-11-03,Regular
1960,Ethan,Taylor,ethan.taylor3@example.com,Perth,2024-09-20,Regular
1961,Chloe,Kelly,chloe.kelly5@example.com,Adelaide,2025-01-19,Regular
1962,Charlotte,Walker,charlotte.walker4@example.com,Other,2024-05-19,Regular
1963,Amelia,Nguyen,amelia.nguyen3@example.com,Melbourne,2024-01-05,VIP
1964,Jacob,Robinson,jacob.robinson3@example.com,Perth,2025-05-18,Lapsed
1965,Grace,Robinson,grace.robinson6@example.com,Perth,2025-01-28,New
1966,Ruby,Williams,ruby.williams3@example.com,Melbourne,2025-02-22,Lapsed
1967,William,Clarke,william.clarke6@example.com,Sydney,2025-08-02,New
1968,Lucas,Chen,lucas.chen5@example.com,Adelaide,2024-12-22,Regular
1969,Sophie,Robinson,sophie.robinson6@example.com,Melbourne,2025-12-14,Regular
1970,Lucas,Lee,lucas.lee3@example.com,Perth,2024-09-05,New
1971,Oliver,Smith,oliver.smith2@example.com,Other,2025-12-15,Regular
1972,Isla,Bell,isla.bell7@example.com,Other,2025-04-11,New
1973,Thomas,Bell,thomas.bell4@example.com,Other,2025-08-15,VIP
1974,Olivia,Brown,olivia.brown@example.com,Other,2024-04-04,Regular
1975,Grace,Clarke,grace.clarke5@example.com,Adelaide,2025-12-24,Lapsed
1976,Charlotte,Stewart,charlotte.stewart5@example.com,Perth,2024-07-12,New
1977,Lucas,Chen,lucas.chen6@example.com,Brisbane,2025-12-09,Regular
1978,Ethan,Clarke,ethan.clarke4@example.com,Brisbane,2025-08-23,Regular
1979,Ella,Williams,ella.williams5@example.com,Other,2024-04-21,Regular
1980,Oliver,Wilson,oliver.wilson5@example.com,Other,2024-10-02,New
1981,Jacob,Clarke,jacob.clarke2@example.com,Brisbane,2025-12-16,New
1982,Noah,Anderson,noah.anderson1@example.com,Melbourne,2024-01-02,New
1983,Emily,Mitchell,emily.mitchell9@example.com,Perth,2025-06-21,Regular
1984,Jacob,Mitchell,jacob.mitchell2@example.com,Sydney,2024-06-23,Regular
1985,Emily,Wilson,emily.wilson6@example.com,Perth,2024-07-21,New
1986,William,Campbell,william.campbell5@example.com,Sydney,2025-08-03,New
1987,Jack,Taylor,jack.taylor2@example.com,Brisbane,2024-07-15,Lapsed
1988,Lucas,Campbell,lucas.campbell4@example.com,Adelaide,2025-10-03,New
1989,Sophie,Taylor,sophie.taylor5@example.com,Brisbane,2024-03-22,New
1990,William,Chen,william.chen5@example.com,Brisbane,2024-03-06,New
1991,Thomas,Anderson,thomas.anderson1@example.com,Other,2025-05-11,VIP
1992,Olivia,Jones,olivia.jones3@example.com,Melbourne,2024-09-29,Regular
1993,Jack,Brown,jack.brown3@example.com,Adelaide,2024-08-04,VIP
1994,Grace,Bell,grace.bell8@example.com,Brisbane,2025-06-16,Lapsed
1995,Henry,Walker,henry.walker4@example.com,Perth,2025-09-10,New
1996,Liam,Walker,liam.walker8@example.com,Sydney,2024-11-18,Lapsed
1997,Liam,Clarke,liam.clarke8@example.com,Adelaide,2025-01-22,New
1998,Oliver,Walker,oliver.walker4@example.com,Melbourne,2024-04-12,Regular
1999,Emily,Clarke,emily.clarke6@example.com,Melbourne,2024-05-22,Regular
2000,Zoe,Chen,zoe.chen2@example.com,Sydney,2025-12-17,Regular
