order_item_id,order_id,product_id,quantity,unit_price,line_total
1,1,96,2,167.08,334.16
2,1,126,1,50.25,50.25
3,2,131,3,156.36,469.08
4,3,3,1,29.93,29.93
5,4,81,2,48.07,96.14
6,4,112,1,51.13,51.13
7,4,68,1,25.01,25.01
8,4,141,1,33.34,33.34
9,5,14,1,153.24,153.24
10,5,99,3,115.68,347.04
11,6,124,2,19.86,39.72
12,6,69,3,101.23,303.69
13,6,91,2,72.73,145.46
14,6,57,1,43.25,43.25
15,7,50,2,24.92,49.84
16,7,19,2,69.78,139.56
17,8,123,1,90.9,90.9
18,9,20,1,43.77,43.77
19,10,123,1,90.9,90.9
20,10,41,2,135.53,271.06
21,10,2,3,127.2,381.6
22,10,46,1,77.71,77.71
23,11,30,1,112.19,112.19
24,12,81,1,48.07,48.07
25,12,41,3,135.53,406.59
26,13,14,3,153.24,459.72
27,14,25,1,102.53,102.53
28,14,146,1,135.82,135.82
29,15,120,1,108.5,108.5
30,15,91,1,72.73,72.73
31,15,94,3,114.63,343.89
32,15,118,1,49.84,49.84
33,16,97,1,167.71,167.71
34,17,51,2,38.0,76.0
35,17,39,1,159.15,159.15
36,17,9,1,31.04,31.04
37,18,69,2,101.23,202.46
38,18,42,2,94.67,189.34
39,18,120,1,108.5,108.5
40,19,92,1,107.96,107.96
41,19,118,1,49.84,49.84
42,19,128,1,102.12,102.12
43,19,50,1,24.92,24.92
44,20,134,2,115.02,230.04
45,21,37,1,104.19,104.19
46,21,45,1,106.3,106.3
47,22,88,1,30.63,30.63
48,22,86,1,94.49,94.49
49,22,57,1,43.25,43.25
50,22,113,1,110.24,110.24
51,23,135,1,113.07,113.07
52,23,53,1,34.65,34.65
53,23,60,1,34.01,34.01
54,23,139,2,56.23,112.46
55,24,20,1,43.77,43.77
56,24,72,1,90.43,90.43
57,25,72,1,90.43,90.43
58,25,126,1,50.25,50.25
59,26,47,1,44.74,44.74
60,26,66,1,105.26,105.26
61,26,136,1,70.88,70.88
62,27,98,2,98.76,197.52
63,27,15,2,123.75,247.5
64,28,1,1,20.32,20.32
65,28,147,3,77.95,233.85
66,29,17,2,122.66,245.32
67,30,135,2,113.07,226.14
68,31,140,3,66.92,200.76
69,32,69,1,101.23,101.23
70,32,96,2,167.08,334.16
71,32,117,1,88.88,88.88
72,32,131,2,156.36,312.72
73,33,58,1,65.57,65.57
74,33,97,2,167.71,335.42
75,34,57,2,43.25,86.5
76,34,47,1,44.74,44.74
77,34,86,2,94.49,188.98
78,35,3,1,29.93,29.93
79,35,140,1,66.92,66.92
80,35,90,1,39.66,39.66
81,35,58,3,65.57,196.71
82,36,136,1,70.88,70.88
83,37,27,3,96.2,288.6
84,38,26,1,60.62,60.62
85,39,7,1,96.04,96.04
86,39,49,3,61.05,183.15
87,39,148,1,135.92,135.92
88,40,107,1,121.33,121.33
89,41,140,2,66.92,133.84
90,42,54,2,73.69,147.38
91,43,82,2,126.68,253.36
92,44,125,2,99.26,198.52
93,45,93,3,56.41,169.23
94,46,63,1,111.53,111.53
95,46,118,3,49.84,149.52
96,46,136,1,70.88,70.88
97,47,117,1,88.88,88.88
98,48,102,3,123.35,370.05
99,48,34,1,167.82,167.82
100,49,50,1,24.92,24.92
101,50,148,1,135.92,135.92
102,51,38,1,97.25,97.25
103,51,9,1,31.04,31.04
104,52,146,2,135.82,271.64
105,52,105,2,66.0,132.0
106,53,98,1,98.76,98.76
107,54,142,1,104.52,104.52
108,55,103,1,53.36,53.36
109,56,55,1,136.68,136.68
110,57,43,1,42.12,42.12
111,57,39,1,159.15,159.15
112,58,79,1,90.2,90.2
113,59,118,1,49.84,49.84
114,60,88,3,30.63,91.89
115,61,81,2,48.07,96.14
116,62,24,2,30.79,61.58
117,63,131,1,156.36,156.36
118,64,42,2,94.67,189.34
119,64,30,1,112.19,112.19
120,65,110,2,113.16,226.32
121,65,2,1,127.2,127.2
122,65,132,1,111.89,111.89
123,65,105,1,66.0,66.0
124,66,5,1,49.7,49.7
125,67,97,1,167.71,167.71
126,68,81,1,48.07,48.07
127,69,148,1,135.92,135.92
128,70,60,1,34.01,34.01
129,71,43,1,42.12,42.12
130,71,14,1,153.24,153.24
131,71,86,1,94.49,94.49
132,71,142,3,104.52,313.56
133,72,81,1,48.07,48.07
134,72,139,1,56.23,56.23
135,73,83,3,110.09,330.27
136,74,82,1,126.68,126.68
137,74,81,1,48.07,48.07
138,75,49,1,61.05,61.05
139,75,94,1,114.63,114.63
140,75,136,1,70.88,70.88
141,76,93,1,56.41,56.41
142,76,35,1,118.14,118.14
143,76,44,1,180.29,180.29
144,76,30,1,112.19,112.19
145,77,147,1,77.95,77.95
146,78,129,3,82.98,248.94
147,79,17,3,122.66,367.98
148,80,20,1,43.77,43.77
149,81,136,1,70.88,70.88
150,82,70,1,27.52,27.52
151,82,107,1,121.33,121.33
152,82,93,1,56.41,56.41
153,82,94,1,114.63,114.63
154,83,4,1,48.57,48.57
155,83,31,1,85.02,85.02
156,84,133,3,131.41,394.23
157,85,104,1,42.67,42.67
158,86,71,1,21.91,21.91
159,86,101,1,160.16,160.16
160,87,115,1,114.0,114.0
161,88,116,2,99.25,198.5
162,89,37,1,104.19,104.19
163,90,33,1,47.02,47.02
164,91,84,2,112.96,225.92
165,92,17,2,122.66,245.32
166,92,77,1,69.72,69.72
167,93,24,2,30.79,61.58
168,93,45,1,106.3,106.3
169,94,58,3,65.57,196.71
170,95,71,2,21.91,43.82
171,96,111,1,25.05,25.05
172,96,33,1,47.02,47.02
173,96,37,2,104.19,208.38
174,96,94,1,114.63,114.63
175,97,35,1,118.14,118.14
176,98,96,1,167.08,167.08
177,99,101,1,160.16,160.16
178,99,8,3,47.18,141.54
179,100,114,2,93.96,187.92
180,100,96,1,167.08,167.08
181,100,11,1,113.47,113.47
182,100,119,2,89.03,178.06
183,101,125,1,99.26,99.26
184,102,53,1,34.65,34.65
185,102,68,1,25.01,25.01
186,103,85,2,94.04,188.08
187,104,40,1,33.35,33.35
188,105,106,1,111.49,111.49
189,105,23,1,47.63,47.63
190,106,108,1,89.12,89.12
191,107,97,1,167.71,167.71
192,107,147,2,77.95,155.9
193,108,143,3,50.23,150.69
194,108,101,1,160.16,160.16
195,109,148,3,135.92,407.76
196,109,61,2,180.83,361.66
197,110,143,1,50.23,50.23
198,111,10,2,115.41,230.82
199,111,99,2,115.68,231.36
200,111,89,2,23.55,47.1
201,112,115,2,114.0,228.0
202,113,53,1,34.65,34.65
203,113,80,1,163.07,163.07
204,114,121,2,92.86,185.72
205,114,86,1,94.49,94.49
206,115,37,1,104.19,104.19
207,116,95,3,68.19,204.57
208,116,131,1,156.36,156.36
209,117,95,3,68.19,204.57
210,118,59,1,93.3,93.3
211,118,125,1,99.26,99.26
212,118,72,2,90.43,180.86
213,119,125,1,99.26,99.26
214,120,130,2,92.74,185.48
215,121,145,3,101.8,305.4
216,122,129,2,82.98,165.96
217,122,5,3,49.7,149.1
218,123,113,1,110.24,110.24
219,123,78,1,101.79,101.79
220,123,40,1,33.35,33.35
221,124,96,1,167.08,167.08
222,125,34,1,167.82,167.82
223,126,102,1,123.35,123.35
224,127,85,1,94.04,94.04
225,127,44,3,180.29,540.87
226,127,6,1,51.08,51.08
227,128,57,1,43.25,43.25
228,129,119,1,89.03,89.03
229,130,124,1,19.86,19.86
230,130,146,3,135.82,407.46
231,131,97,1,167.71,167.71
232,131,53,1,34.65,34.65
233,131,22,1,45.93,45.93
234,132,29,2,91.23,182.46
235,132,120,1,108.5,108.5
236,132,95,1,68.19,68.19
237,133,145,2,101.8,203.6
238,134,131,1,156.36,156.36
239,135,141,3,33.34,100.02
240,135,13,1,105.94,105.94
241,135,82,1,126.68,126.68
242,135,103,1,53.36,53.36
243,136,142,2,104.52,209.04
244,137,72,3,90.43,271.29
245,137,136,2,70.88,141.76
246,138,17,3,122.66,367.98
247,139,99,1,115.68,115.68
248,140,63,1,111.53,111.53
249,140,81,1,48.07,48.07
250,141,94,1,114.63,114.63
251,142,92,1,107.96,107.96
252,143,46,1,77.71,77.71
253,144,83,1,110.09,110.09
254,145,137,3,95.99,287.97
255,145,114,1,93.96,93.96
256,145,65,2,94.21,188.42
257,146,142,2,104.52,209.04
258,147,42,1,94.67,94.67
259,147,30,1,112.19,112.19
260,148,71,1,21.91,21.91
261,148,144,1,141.3,141.3
262,149,94,3,114.63,343.89
263,150,145,1,101.8,101.8
264,151,63,1,111.53,111.53
265,151,13,1,105.94,105.94
266,151,116,2,99.25,198.5
267,152,104,1,42.67,42.67
268,153,58,1,65.57,65.57
269,153,20,1,43.77,43.77
270,154,58,3,65.57,196.71
271,155,76,1,78.32,78.32
272,156,83,1,110.09,110.09
273,157,29,1,91.23,91.23
274,157,95,1,68.19,68.19
275,158,11,1,113.47,113.47
276,159,1,1,20.32,20.32
277,160,118,2,49.84,99.68
278,160,146,1,135.82,135.82
279,161,30,1,112.19,112.19
280,161,24,2,30.79,61.58
281,162,122,1,74.91,74.91
282,162,144,1,141.3,141.3
283,163,32,2,135.32,270.64
284,164,81,1,48.07,48.07
285,164,136,1,70.88,70.88
286,165,17,1,122.66,122.66
287,165,3,1,29.93,29.93
288,165,124,1,19.86,19.86
289,166,148,1,135.92,135.92
290,166,8,1,47.18,47.18
291,167,17,1,122.66,122.66
292,167,124,1,19.86,19.86
293,168,72,1,90.43,90.43
294,168,94,2,114.63,229.26
295,169,43,1,42.12,42.12
296,169,41,2,135.53,271.06
297,169,12,3,108.7,326.1
298,170,5,1,49.7,49.7
299,171,117,1,88.88,88.88
300,171,80,1,163.07,163.07
301,172,85,3,94.04,282.12
302,173,72,1,90.43,90.43
303,173,125,2,99.26,198.52
304,174,103,1,53.36,53.36
305,175,112,1,51.13,51.13
306,175,95,2,68.19,136.38
307,175,114,1,93.96,93.96
308,175,130,2,92.74,185.48
309,176,126,1,50.25,50.25
310,176,6,1,51.08,51.08
311,177,36,1,79.89,79.89
312,178,116,2,99.25,198.5
313,179,29,2,91.23,182.46
314,180,115,1,114.0,114.0
315,180,83,1,110.09,110.09
316,181,69,1,101.23,101.23
317,181,134,1,115.02,115.02
318,182,100,1,63.47,63.47
319,182,110,2,113.16,226.32
320,182,60,1,34.01,34.01
321,183,54,1,73.69,73.69
322,183,86,1,94.49,94.49
323,183,38,1,97.25,97.25
324,183,136,1,70.88,70.88
325,184,40,3,33.35,100.05
326,185,139,1,56.23,56.23
327,186,46,1,77.71,77.71
328,186,64,1,63.14,63.14
329,187,16,3,37.81,113.43
330,188,94,2,114.63,229.26
331,188,78,3,101.79,305.37
332,189,49,2,61.05,122.1
333,190,148,1,135.92,135.92
334,190,119,1,89.03,89.03
335,190,116,1,99.25,99.25
336,191,127,1,56.25,56.25
337,191,98,1,98.76,98.76
338,191,32,1,135.32,135.32
339,192,21,1,36.73,36.73
340,193,18,3,104.51,313.53
341,194,67,1,36.36,36.36
342,195,82,1,126.68,126.68
343,196,148,1,135.92,135.92
344,196,7,1,96.04,96.04
345,197,90,1,39.66,39.66
346,197,143,1,50.23,50.23
347,197,60,1,34.01,34.01
348,198,101,3,160.16,480.48
349,199,83,1,110.09,110.09
350,200,75,1,52.19,52.19
351,200,50,1,24.92,24.92
352,201,109,1,97.53,97.53
353,201,139,1,56.23,56.23
354,202,50,1,24.92,24.92
355,202,32,3,135.32,405.96
356,203,96,1,167.08,167.08
357,203,21,2,36.73,73.46
358,203,2,1,127.2,127.2
359,203,77,2,69.72,139.44
360,204,90,2,39.66,79.32
361,205,101,1,160.16,160.16
362,205,111,1,25.05,25.05
363,205,18,1,104.51,104.51
364,206,100,1,63.47,63.47
365,206,92,1,107.96,107.96
366,207,147,1,77.95,77.95
367,208,135,1,113.07,113.07
368,208,32,1,135.32,135.32
369,208,104,1,42.67,42.67
370,209,123,1,90.9,90.9
371,210,100,3,63.47,190.41
372,211,51,2,38.0,76.0
373,212,79,3,90.2,270.6
374,213,31,3,85.02,255.06
375,214,7,1,96.04,96.04
376,215,71,3,21.91,65.73
377,215,107,2,121.33,242.66
378,215,144,1,141.3,141.3
379,216,1,1,20.32,20.32
380,217,101,1,160.16,160.16
381,217,74,1,109.3,109.3
382,218,87,1,73.76,73.76
383,218,42,2,94.67,189.34
384,219,142,1,104.52,104.52
385,219,77,3,69.72,209.16
386,219,38,2,97.25,194.5
387,220,109,2,97.53,195.06
388,220,7,2,96.04,192.08
389,221,58,1,65.57,65.57
390,221,83,1,110.09,110.09
391,222,116,2,99.25,198.5
392,222,49,1,61.05,61.05
393,223,17,1,122.66,122.66
394,224,59,1,93.3,93.3
395,225,99,1,115.68,115.68
396,226,77,1,69.72,69.72
397,227,37,1,104.19,104.19
398,227,96,1,167.08,167.08
399,228,26,1,60.62,60.62
400,228,114,1,93.96,93.96
401,228,7,1,96.04,96.04
402,229,19,2,69.78,139.56
403,229,79,1,90.2,90.2
404,230,86,2,94.49,188.98
405,230,64,2,63.14,126.28
406,231,134,1,115.02,115.02
407,231,67,1,36.36,36.36
408,232,72,1,90.43,90.43
409,233,84,1,112.96,112.96
410,233,147,1,77.95,77.95
411,233,72,2,90.43,180.86
412,234,109,1,97.53,97.53
413,235,8,3,47.18,141.54
414,235,87,1,73.76,73.76
415,235,106,2,111.49,222.98
416,235,50,1,24.92,24.92
417,236,70,1,27.52,27.52
418,237,113,1,110.24,110.24
419,238,128,2,102.12,204.24
420,239,114,1,93.96,93.96
421,239,121,1,92.86,92.86
422,240,82,1,126.68,126.68
423,241,102,1,123.35,123.35
424,242,121,1,92.86,92.86
425,243,9,1,31.04,31.04
426,243,25,1,102.53,102.53
427,244,124,1,19.86,19.86
428,244,23,1,47.63,47.63
429,245,101,1,160.16,160.16
430,246,38,2,97.25,194.5
431,247,147,1,77.95,77.95
432,248,93,2,56.41,112.82
433,248,147,1,77.95,77.95
434,249,47,1,44.74,44.74
435,249,92,2,107.96,215.92
436,249,94,1,114.63,114.63
437,250,62,1,41.29,41.29
438,251,137,1,95.99,95.99
439,251,120,1,108.5,108.5
440,251,136,1,70.88,70.88
441,251,63,1,111.53,111.53
442,252,51,3,38.0,114.0
443,252,148,1,135.92,135.92
444,252,147,1,77.95,77.95
445,253,38,1,97.25,97.25
446,254,123,2,90.9,181.8
447,255,143,1,50.23,50.23
448,256,71,1,21.91,21.91
449,257,141,1,33.34,33.34
450,258,83,1,110.09,110.09
451,259,2,1,127.2,127.2
452,259,148,1,135.92,135.92
453,260,30,1,112.19,112.19
454,260,135,1,113.07,113.07
455,260,92,1,107.96,107.96
456,261,25,2,102.53,205.06
457,261,32,1,135.32,135.32
458,262,143,1,50.23,50.23
459,263,45,3,106.3,318.9
460,263,30,1,112.19,112.19
461,264,97,2,167.71,335.42
462,264,65,3,94.21,282.63
463,265,23,2,47.63,95.26
464,266,142,2,104.52,209.04
465,267,145,2,101.8,203.6
466,268,25,2,102.53,205.06
467,268,66,1,105.26,105.26
468,269,41,1,135.53,135.53
469,269,102,1,123.35,123.35
470,270,80,2,163.07,326.14
471,270,108,1,89.12,89.12
472,270,100,2,63.47,126.94
473,271,56,1,65.84,65.84
474,271,87,3,73.76,221.28
475,271,44,1,180.29,180.29
476,271,57,1,43.25,43.25
477,272,112,1,51.13,51.13
478,273,104,2,42.67,85.34
479,274,60,2,34.01,68.02
480,275,83,1,110.09,110.09
481,276,140,3,66.92,200.76
482,276,22,1,45.93,45.93
483,277,79,1,90.2,90.2
484,278,125,3,99.26,297.78
485,278,144,2,141.3,282.6
486,279,97,1,167.71,167.71
487,280,109,1,97.53,97.53
488,280,86,1,94.49,94.49
489,280,123,1,90.9,90.9
490,281,101,2,160.16,320.32
491,282,36,1,79.89,79.89
492,283,75,1,52.19,52.19
493,283,133,3,131.41,394.23
494,284,71,1,21.91,21.91
495,284,135,1,113.07,113.07
496,284,128,1,102.12,102.12
497,284,112,1,51.13,51.13
498,285,78,1,101.79,101.79
499,286,7,1,96.04,96.04
500,286,111,1,25.05,25.05
501,286,65,1,94.21,94.21
502,286,43,1,42.12,42.12
503,287,148,3,135.92,407.76
504,288,44,1,180.29,180.29
505,288,83,2,110.09,220.18
506,289,144,1,141.3,141.3
507,290,7,1,96.04,96.04
508,291,87,2,73.76,147.52
509,292,35,1,118.14,118.14
510,293,68,2,25.01,50.02
511,293,4,1,48.57,48.57
512,294,134,3,115.02,345.06
513,294,34,3,167.82,503.46
514,295,65,1,94.21,94.21
515,296,87,1,73.76,73.76
516,297,73,1,70.7,70.7
517,297,63,1,111.53,111.53
518,298,116,3,99.25,297.75
519,298,147,1,77.95,77.95
520,299,23,1,47.63,47.63
521,300,89,1,23.55,23.55
522,300,5,2,49.7,99.4
523,301,99,1,115.68,115.68
524,301,130,1,92.74,92.74
525,301,15,1,123.75,123.75
526,301,31,2,85.02,170.04
527,302,58,1,65.57,65.57
528,303,79,1,90.2,90.2
529,304,17,2,122.66,245.32
530,305,3,1,29.93,29.93
531,305,144,1,141.3,141.3
532,306,69,3,101.23,303.69
533,307,66,1,105.26,105.26
534,307,138,1,104.13,104.13
535,307,135,3,113.07,339.21
536,307,114,1,93.96,93.96
537,308,124,1,19.86,19.86
538,309,57,1,43.25,43.25
539,309,141,2,33.34,66.68
540,309,133,1,131.41,131.41
541,310,90,2,39.66,79.32
542,311,42,1,94.67,94.67
543,311,72,3,90.43,271.29
544,312,76,2,78.32,156.64
545,313,27,1,96.2,96.2
546,314,60,1,34.01,34.01
547,315,89,3,23.55,70.65
548,315,64,2,63.14,126.28
549,315,2,1,127.2,127.2
550,315,143,1,50.23,50.23
551,316,131,1,156.36,156.36
552,317,138,1,104.13,104.13
553,318,142,1,104.52,104.52
554,318,112,1,51.13,51.13
555,319,107,1,121.33,121.33
556,319,77,1,69.72,69.72
557,319,58,2,65.57,131.14
558,319,95,1,68.19,68.19
559,320,76,2,78.32,156.64
560,320,130,1,92.74,92.74
561,321,80,1,163.07,163.07
562,321,118,1,49.84,49.84
563,321,126,2,50.25,100.5
564,321,61,1,180.83,180.83
565,322,106,1,111.49,111.49
566,323,55,1,136.68,136.68
567,324,120,1,108.5,108.5
568,324,103,2,53.36,106.72
569,325,68,1,25.01,25.01
570,325,136,2,70.88,141.76
571,326,39,2,159.15,318.3
572,326,30,1,112.19,112.19
573,326,103,1,53.36,53.36
574,326,3,1,29.93,29.93
575,327,136,2,70.88,141.76
576,328,129,1,82.98,82.98
577,328,79,1,90.2,90.2
578,328,19,1,69.78,69.78
579,329,52,2,81.24,162.48
580,329,104,1,42.67,42.67
581,330,7,1,96.04,96.04
582,330,28,2,32.28,64.56
583,331,108,2,89.12,178.24
584,332,3,2,29.93,59.86
585,333,58,1,65.57,65.57
586,333,84,3,112.96,338.88
587,334,136,1,70.88,70.88
588,334,108,1,89.12,89.12
589,335,108,2,89.12,178.24
590,335,7,1,96.04,96.04
591,335,39,1,159.15,159.15
592,336,127,1,56.25,56.25
593,337,34,1,167.82,167.82
594,337,48,2,42.1,84.2
595,337,103,1,53.36,53.36
596,338,64,3,63.14,189.42
597,338,47,1,44.74,44.74
598,338,113,3,110.24,330.72
599,338,139,1,56.23,56.23
600,339,128,1,102.12,102.12
601,340,40,3,33.35,100.05
602,341,79,1,90.2,90.2
603,341,2,3,127.2,381.6
604,341,12,1,108.7,108.7
605,341,4,1,48.57,48.57
606,342,61,1,180.83,180.83
607,342,14,1,153.24,153.24
608,343,147,2,77.95,155.9
609,343,139,1,56.23,56.23
610,344,100,1,63.47,63.47
611,344,83,1,110.09,110.09
612,344,108,1,89.12,89.12
613,345,32,1,135.32,135.32
614,346,148,1,135.92,135.92
615,347,84,1,112.96,112.96
616,348,9,1,31.04,31.04
617,348,143,2,50.23,100.46
618,348,34,1,167.82,167.82
619,348,111,1,25.05,25.05
620,349,125,1,99.26,99.26
621,350,57,2,43.25,86.5
622,350,100,1,63.47,63.47
623,351,114,1,93.96,93.96
624,351,6,3,51.08,153.24
625,352,102,3,123.35,370.05
626,353,111,3,25.05,75.15
627,354,56,1,65.84,65.84
628,355,92,1,107.96,107.96
629,356,126,1,50.25,50.25
630,356,8,1,47.18,47.18
631,356,97,2,167.71,335.42
632,357,94,3,114.63,343.89
633,358,86,1,94.49,94.49
634,359,124,1,19.86,19.86
635,359,82,1,126.68,126.68
636,360,20,1,43.77,43.77
637,361,129,2,82.98,165.96
638,361,48,1,42.1,42.1
639,362,137,1,95.99,95.99
640,362,148,1,135.92,135.92
641,362,76,1,78.32,78.32
642,362,58,1,65.57,65.57
643,363,52,1,81.24,81.24
644,363,78,1,101.79,101.79
645,363,56,1,65.84,65.84
646,364,27,1,96.2,96.2
647,364,8,1,47.18,47.18
648,365,99,1,115.68,115.68
649,366,46,3,77.71,233.13
650,366,117,1,88.88,88.88
651,367,86,1,94.49,94.49
652,368,133,1,131.41,131.41
653,368,4,2,48.57,97.14
654,369,16,3,37.81,113.43
655,370,34,1,167.82,167.82
656,371,125,1,99.26,99.26
657,371,17,2,122.66,245.32
658,371,26,1,60.62,60.62
659,371,16,1,37.81,37.81
660,372,10,1,115.41,115.41
661,372,19,2,69.78,139.56
662,372,77,1,69.72,69.72
663,372,65,2,94.21,188.42
664,373,141,1,33.34,33.34
665,373,57,1,43.25,43.25
666,374,112,2,51.13,102.26
667,375,34,2,167.82,335.64
668,376,3,1,29.93,29.93
669,377,74,3,109.3,327.9
670,377,76,1,78.32,78.32
671,378,83,2,110.09,220.18
672,379,118,1,49.84,49.84
673,379,44,1,180.29,180.29
674,380,52,1,81.24,81.24
675,381,101,1,160.16,160.16
676,382,139,1,56.23,56.23
677,382,67,1,36.36,36.36
678,383,79,1,90.2,90.2
679,383,8,1,47.18,47.18
680,383,58,1,65.57,65.57
681,384,10,1,115.41,115.41
682,385,9,1,31.04,31.04
683,385,37,1,104.19,104.19
684,385,20,1,43.77,43.77
685,386,106,1,111.49,111.49
686,386,21,1,36.73,36.73
687,387,57,1,43.25,43.25
688,388,144,1,141.3,141.3
689,388,52,1,81.24,81.24
690,388,40,1,33.35,33.35
691,388,104,1,42.67,42.67
692,389,105,1,66.0,66.0
693,390,138,2,104.13,208.26
694,390,57,3,43.25,129.75
695,391,131,2,156.36,312.72
696,392,136,1,70.88,70.88
697,393,99,1,115.68,115.68
698,394,49,2,61.05,122.1
699,395,77,1,69.72,69.72
700,395,93,2,56.41,112.82
701,396,147,2,77.95,155.9
702,397,75,1,52.19,52.19
703,397,97,1,167.71,167.71
704,398,75,1,52.19,52.19
705,399,143,3,50.23,150.69
706,399,71,1,21.91,21.91
707,399,96,1,167.08,167.08
708,400,61,3,180.83,542.49
709,401,26,1,60.62,60.62
710,401,87,1,73.76,73.76
711,402,30,1,112.19,112.19
712,402,2,1,127.2,127.2
713,402,95,1,68.19,68.19
714,403,6,2,51.08,102.16
715,404,57,1,43.25,43.25
716,405,26,1,60.62,60.62
717,406,70,1,27.52,27.52
718,407,125,1,99.26,99.26
719,407,70,1,27.52,27.52
720,408,38,2,97.25,194.5
721,408,112,3,51.13,153.39
722,409,49,1,61.05,61.05
723,409,117,1,88.88,88.88
724,410,102,1,123.35,123.35
725,410,33,3,47.02,141.06
726,411,99,1,115.68,115.68
727,411,35,1,118.14,118.14
728,412,52,1,81.24,81.24
729,412,12,2,108.7,217.4
730,413,57,2,43.25,86.5
731,413,148,1,135.92,135.92
732,414,103,1,53.36,53.36
733,415,12,1,108.7,108.7
734,416,27,1,96.2,96.2
735,417,20,2,43.77,87.54
736,417,82,1,126.68,126.68
737,417,55,1,136.68,136.68
738,418,41,1,135.53,135.53
739,418,69,2,101.23,202.46
740,419,129,1,82.98,82.98
741,419,47,1,44.74,44.74
742,419,126,3,50.25,150.75
743,420,22,2,45.93,91.86
744,420,108,1,89.12,89.12
745,421,32,1,135.32,135.32
746,422,77,1,69.72,69.72
747,422,118,2,49.84,99.68
748,423,130,2,92.74,185.48
749,424,115,1,114.0,114.0
750,425,16,1,37.81,37.81
751,426,120,1,108.5,108.5
752,427,94,1,114.63,114.63
753,428,46,1,77.71,77.71
754,429,124,1,19.86,19.86
755,430,23,1,47.63,47.63
756,431,92,1,107.96,107.96
757,431,101,1,160.16,160.16
758,432,108,1,89.12,89.12
759,433,50,1,24.92,24.92
760,433,20,1,43.77,43.77
761,433,40,1,33.35,33.35
762,433,90,1,39.66,39.66
763,434,21,1,36.73,36.73
764,434,124,2,19.86,39.72
765,435,115,1,114.0,114.0
766,436,147,1,77.95,77.95
767,437,52,1,81.24,81.24
768,438,11,1,113.47,113.47
769,439,88,2,30.63,61.26
770,439,10,1,115.41,115.41
771,440,43,1,42.12,42.12
772,440,39,1,159.15,159.15
773,440,148,1,135.92,135.92
774,441,108,2,89.12,178.24
775,442,24,1,30.79,30.79
776,442,146,1,135.82,135.82
777,442,79,1,90.2,90.2
778,442,82,3,126.68,380.04
779,443,119,2,89.03,178.06
780,444,50,3,24.92,74.76
781,444,25,1,102.53,102.53
782,445,147,1,77.95,77.95
783,445,67,1,36.36,36.36
784,445,84,1,112.96,112.96
785,446,141,2,33.34,66.68
786,446,64,1,63.14,63.14
787,446,49,1,61.05,61.05
788,446,37,1,104.19,104.19
789,447,64,2,63.14,126.28
790,448,130,2,92.74,185.48
791,449,50,1,24.92,24.92
792,450,86,1,94.49,94.49
793,451,93,2,56.41,112.82
794,451,36,3,79.89,239.67
795,452,110,1,113.16,113.16
796,453,9,1,31.04,31.04
797,453,78,3,101.79,305.37
798,454,135,1,113.07,113.07
799,454,118,1,49.84,49.84
800,455,133,1,131.41,131.41
801,455,88,1,30.63,30.63
802,456,132,1,111.89,111.89
803,456,100,3,63.47,190.41
804,457,46,1,77.71,77.71
805,458,92,2,107.96,215.92
806,458,98,1,98.76,98.76
807,459,25,3,102.53,307.59
808,460,66,1,105.26,105.26
809,460,128,1,102.12,102.12
810,460,117,3,88.88,266.64
811,461,123,1,90.9,90.9
812,462,127,1,56.25,56.25
813,463,131,1,156.36,156.36
814,463,138,2,104.13,208.26
815,464,124,3,19.86,59.58
816,465,91,1,72.73,72.73
817,465,18,1,104.51,104.51
818,465,9,1,31.04,31.04
819,466,146,1,135.82,135.82
820,466,92,1,107.96,107.96
821,467,62,1,41.29,41.29
822,468,93,1,56.41,56.41
823,469,114,1,93.96,93.96
824,470,140,1,66.92,66.92
825,471,59,1,93.3,93.3
826,472,85,1,94.04,94.04
827,472,139,3,56.23,168.69
828,473,119,1,89.03,89.03
829,474,50,2,24.92,49.84
830,475,79,1,90.2,90.2
831,475,119,1,89.03,89.03
832,476,117,1,88.88,88.88
833,476,122,1,74.91,74.91
834,476,31,1,85.02,85.02
835,477,146,1,135.82,135.82
836,477,41,1,135.53,135.53
837,477,140,1,66.92,66.92
838,477,111,1,25.05,25.05
839,478,79,2,90.2,180.4
840,479,146,2,135.82,271.64
841,480,57,1,43.25,43.25
842,481,96,1,167.08,167.08
843,482,13,1,105.94,105.94
844,483,30,1,112.19,112.19
845,484,75,3,52.19,156.57
846,485,15,1,123.75,123.75
847,486,128,3,102.12,306.36
848,487,140,1,66.92,66.92
849,487,137,2,95.99,191.98
850,487,108,1,89.12,89.12
851,487,128,1,102.12,102.12
852,488,136,1,70.88,70.88
853,488,117,1,88.88,88.88
854,489,29,1,91.23,91.23
855,489,76,2,78.32,156.64
856,489,38,1,97.25,97.25
857,490,94,2,114.63,229.26
858,491,107,1,121.33,121.33
859,492,76,3,78.32,234.96
860,493,49,1,61.05,61.05
861,494,119,1,89.03,89.03
862,494,34,2,167.82,335.64
863,495,81,1,48.07,48.07
864,495,139,2,56.23,112.46
865,496,114,1,93.96,93.96
866,496,42,1,94.67,94.67
867,497,122,2,74.91,149.82
868,498,7,1,96.04,96.04
869,498,23,1,47.63,47.63
870,498,125,3,99.26,297.78
871,499,66,1,105.26,105.26
872,499,128,1,102.12,102.12
873,499,9,1,31.04,31.04
874,500,90,1,39.66,39.66
875,500,9,1,31.04,31.04
876,501,84,1,112.96,112.96
877,502,144,1,141.3,141.3
878,503,131,1,156.36,156.36
879,504,53,2,34.65,69.3
880,504,6,1,51.08,51.08
881,504,116,2,99.25,198.5
882,505,136,1,70.88,70.88
883,506,20,1,43.77,43.77
884,507,135,2,113.07,226.14
885,508,60,2,34.01,68.02
886,509,11,1,113.47,113.47
887,510,115,1,114.0,114.0
888,511,2,2,127.2,254.4
889,512,82,1,126.68,126.68
890,513,125,1,99.26,99.26
891,514,119,1,89.03,89.03
892,515,42,1,94.67,94.67
893,515,86,3,94.49,283.47
894,516,43,1,42.12,42.12
895,516,128,2,102.12,204.24
896,516,2,1,127.2,127.2
897,516,117,3,88.88,266.64
898,517,65,2,94.21,188.42
899,517,79,1,90.2,90.2
900,518,115,1,114.0,114.0
901,518,100,1,63.47,63.47
902,519,69,2,101.23,202.46
903,520,123,2,90.9,181.8
904,521,140,2,66.92,133.84
905,522,27,1,96.2,96.2
906,522,80,2,163.07,326.14
907,522,64,1,63.14,63.14
908,523,133,1,131.41,131.41
909,523,12,2,108.7,217.4
910,524,81,1,48.07,48.07
911,524,140,1,66.92,66.92
912,525,15,1,123.75,123.75
913,525,33,1,47.02,47.02
914,526,83,1,110.09,110.09
915,527,109,1,97.53,97.53
916,528,108,1,89.12,89.12
917,528,76,2,78.32,156.64
918,528,127,3,56.25,168.75
919,529,82,2,126.68,253.36
920,530,91,1,72.73,72.73
921,530,122,1,74.91,74.91
922,531,111,1,25.05,25.05
923,532,58,1,65.57,65.57
924,533,94,1,114.63,114.63
925,533,63,1,111.53,111.53
926,533,146,1,135.82,135.82
927,534,12,1,108.7,108.7
928,534,55,1,136.68,136.68
929,535,70,1,27.52,27.52
930,535,64,2,63.14,126.28
931,536,147,2,77.95,155.9
932,536,71,1,21.91,21.91
933,536,148,1,135.92,135.92
934,537,119,1,89.03,89.03
935,537,5,1,49.7,49.7
936,537,6,1,51.08,51.08
937,537,134,1,115.02,115.02
938,538,106,2,111.49,222.98
939,538,73,1,70.7,70.7
940,539,142,3,104.52,313.56
941,539,94,1,114.63,114.63
942,540,23,1,47.63,47.63
943,541,25,1,102.53,102.53
944,541,126,2,50.25,100.5
945,542,53,1,34.65,34.65
946,542,97,1,167.71,167.71
947,542,99,2,115.68,231.36
948,543,129,2,82.98,165.96
949,544,44,1,180.29,180.29
950,545,23,1,47.63,47.63
951,545,4,1,48.57,48.57
952,546,66,1,105.26,105.26
953,546,7,2,96.04,192.08
954,546,50,1,24.92,24.92
955,547,49,1,61.05,61.05
956,547,29,1,91.23,91.23
957,547,123,2,90.9,181.8
958,547,22,3,45.93,137.79
959,548,113,1,110.24,110.24
960,549,109,1,97.53,97.53
961,549,128,1,102.12,102.12
962,550,69,1,101.23,101.23
963,550,141,1,33.34,33.34
964,551,49,2,61.05,122.1
965,552,104,2,42.67,85.34
966,553,74,1,109.3,109.3
967,553,126,2,50.25,100.5
968,553,109,1,97.53,97.53
969,554,39,1,159.15,159.15
970,554,75,1,52.19,52.19
971,554,124,2,19.86,39.72
972,555,65,1,94.21,94.21
973,556,113,1,110.24,110.24
974,556,85,1,94.04,94.04
975,557,45,1,106.3,106.3
976,558,137,1,95.99,95.99
977,559,87,1,73.76,73.76
978,559,73,1,70.7,70.7
979,560,11,1,113.47,113.47
980,561,47,2,44.74,89.48
981,561,42,1,94.67,94.67
982,562,144,1,141.3,141.3
983,562,134,2,115.02,230.04
984,563,111,2,25.05,50.1
985,564,65,1,94.21,94.21
986,565,99,1,115.68,115.68
987,565,93,1,56.41,56.41
988,565,37,1,104.19,104.19
989,565,50,1,24.92,24.92
990,566,36,1,79.89,79.89
991,567,32,2,135.32,270.64
992,567,100,2,63.47,126.94
993,568,129,2,82.98,165.96
994,569,52,1,81.24,81.24
995,569,78,1,101.79,101.79
996,569,140,1,66.92,66.92
997,570,112,1,51.13,51.13
998,571,108,1,89.12,89.12
999,571,7,1,96.04,96.04
1000,571,27,1,96.2,96.2
1001,571,148,1,135.92,135.92
1002,572,37,1,104.19,104.19
1003,573,33,2,47.02,94.04
1004,573,46,2,77.71,155.42
1005,574,136,1,70.88,70.88
1006,575,58,1,65.57,65.57
1007,575,119,1,89.03,89.03
1008,576,120,1,108.5,108.5
1009,576,101,1,160.16,160.16
1010,576,37,1,104.19,104.19
1011,577,126,2,50.25,100.5
1012,577,42,1,94.67,94.67
1013,577,94,1,114.63,114.63
1014,578,72,2,90.43,180.86
1015,578,136,1,70.88,70.88
1016,578,7,1,96.04,96.04
1017,579,27,1,96.2,96.2
1018,580,18,1,104.51,104.51
1019,581,26,1,60.62,60.62
1020,581,101,1,160.16,160.16
1021,582,19,1,69.78,69.78
1022,582,145,1,101.8,101.8
1023,582,4,1,48.57,48.57
1024,583,30,2,112.19,224.38
1025,584,102,2,123.35,246.7
1026,585,40,1,33.35,33.35
1027,586,130,1,92.74,92.74
1028,587,130,1,92.74,92.74
1029,587,49,2,61.05,122.1
1030,588,147,2,77.95,155.9
1031,588,110,1,113.16,113.16
1032,588,57,2,43.25,86.5
1033,589,5,1,49.7,49.7
1034,589,28,2,32.28,64.56
1035,589,26,1,60.62,60.62
1036,590,139,1,56.23,56.23
1037,591,79,1,90.2,90.2
1038,591,60,3,34.01,102.03
1039,591,41,3,135.53,406.59
1040,592,22,3,45.93,137.79
1041,592,70,1,27.52,27.52
1042,592,27,1,96.2,96.2
1043,593,114,1,93.96,93.96
1044,593,69,3,101.23,303.69
1045,594,110,3,113.16,339.48
1046,594,42,1,94.67,94.67
1047,595,127,1,56.25,56.25
1048,596,133,1,131.41,131.41
1049,597,74,1,109.3,109.3
1050,598,47,1,44.74,44.74
1051,598,92,1,107.96,107.96
1052,599,112,1,51.13,51.13
1053,599,115,1,114.0,114.0
1054,600,39,2,159.15,318.3
1055,600,38,1,97.25,97.25
1056,600,77,1,69.72,69.72
1057,601,51,3,38.0,114.0
1058,602,111,1,25.05,25.05
1059,602,4,1,48.57,48.57
1060,603,95,1,68.19,68.19
1061,603,3,1,29.93,29.93
1062,603,40,1,33.35,33.35
1063,604,71,1,21.91,21.91
1064,605,135,1,113.07,113.07
1065,606,86,1,94.49,94.49
1066,606,67,1,36.36,36.36
1067,607,86,1,94.49,94.49
1068,608,70,2,27.52,55.04
1069,608,135,1,113.07,113.07
1070,609,83,1,110.09,110.09
1071,609,56,3,65.84,197.52
1072,610,47,1,44.74,44.74
1073,610,23,2,47.63,95.26
1074,610,24,2,30.79,61.58
1075,610,53,1,34.65,34.65
1076,611,59,1,93.3,93.3
1077,611,63,1,111.53,111.53
1078,612,131,1,156.36,156.36
1079,613,26,1,60.62,60.62
1080,614,113,1,110.24,110.24
1081,615,50,1,24.92,24.92
1082,616,73,1,70.7,70.7
1083,617,112,3,51.13,153.39
1084,618,1,1,20.32,20.32
1085,618,138,1,104.13,104.13
1086,619,52,1,81.24,81.24
1087,619,105,1,66.0,66.0
1088,619,120,2,108.5,217.0
1089,620,103,2,53.36,106.72
1090,620,123,2,90.9,181.8
1091,621,54,1,73.69,73.69
1092,622,140,2,66.92,133.84
1093,623,105,1,66.0,66.0
1094,623,118,3,49.84,149.52
1095,624,78,3,101.79,305.37
1096,624,52,1,81.24,81.24
1097,625,123,1,90.9,90.9
1098,625,64,2,63.14,126.28
1099,626,147,1,77.95,77.95
1100,626,46,1,77.71,77.71
1101,627,65,2,94.21,188.42
1102,628,109,1,97.53,97.53
1103,628,65,2,94.21,188.42
1104,628,97,3,167.71,503.13
1105,629,68,2,25.01,50.02
1106,630,5,1,49.7,49.7
1107,630,59,3,93.3,279.9
1108,631,119,1,89.03,89.03
1109,632,122,1,74.91,74.91
1110,633,104,1,42.67,42.67
1111,633,8,1,47.18,47.18
1112,634,141,3,33.34,100.02
1113,634,28,3,32.28,96.84
1114,634,97,1,167.71,167.71
1115,635,45,1,106.3,106.3
1116,635,51,1,38.0,38.0
1117,636,125,1,99.26,99.26
1118,637,63,3,111.53,334.59
1119,638,45,2,106.3,212.6
1120,639,15,2,123.75,247.5
1121,639,13,1,105.94,105.94
1122,639,62,1,41.29,41.29
1123,640,35,2,118.14,236.28
1124,640,92,1,107.96,107.96
1125,641,94,1,114.63,114.63
1126,642,14,1,153.24,153.24
1127,643,96,2,167.08,334.16
1128,644,34,1,167.82,167.82
1129,644,29,1,91.23,91.23
1130,644,83,1,110.09,110.09
1131,645,32,1,135.32,135.32
1132,646,58,1,65.57,65.57
1133,646,142,3,104.52,313.56
1134,647,45,3,106.3,318.9
1135,648,125,1,99.26,99.26
1136,648,120,2,108.5,217.0
1137,648,38,1,97.25,97.25
1138,649,57,2,43.25,86.5
1139,649,121,2,92.86,185.72
1140,650,26,3,60.62,181.86
1141,650,102,1,123.35,123.35
1142,650,85,2,94.04,188.08
1143,651,4,1,48.57,48.57
1144,651,14,1,153.24,153.24
1145,652,39,1,159.15,159.15
1146,653,8,1,47.18,47.18
1147,654,124,2,19.86,39.72
1148,654,69,1,101.23,101.23
1149,655,122,1,74.91,74.91
1150,656,54,1,73.69,73.69
1151,656,89,3,23.55,70.65
1152,656,26,2,60.62,121.24
1153,656,127,2,56.25,112.5
1154,657,12,1,108.7,108.7
1155,657,124,1,19.86,19.86
1156,658,8,1,47.18,47.18
1157,659,19,1,69.78,69.78
1158,660,129,3,82.98,248.94
1159,661,27,1,96.2,96.2
1160,661,142,1,104.52,104.52
1161,661,17,1,122.66,122.66
1162,662,44,1,180.29,180.29
1163,662,121,3,92.86,278.58
1164,663,76,1,78.32,78.32
1165,663,78,1,101.79,101.79
1166,664,74,1,109.3,109.3
1167,665,130,1,92.74,92.74
1168,666,46,1,77.71,77.71
1169,666,130,1,92.74,92.74
1170,666,55,2,136.68,273.36
1171,667,62,1,41.29,41.29
1172,668,7,1,96.04,96.04
1173,669,102,1,123.35,123.35
1174,669,70,1,27.52,27.52
1175,670,139,1,56.23,56.23
1176,670,3,1,29.93,29.93
1177,671,105,1,66.0,66.0
1178,671,144,1,141.3,141.3
1179,672,117,1,88.88,88.88
1180,672,96,1,167.08,167.08
1181,673,123,3,90.9,272.7
1182,674,74,2,109.3,218.6
1183,675,146,1,135.82,135.82
1184,675,106,3,111.49,334.47
1185,675,83,1,110.09,110.09
1186,676,77,1,69.72,69.72
1187,677,113,1,110.24,110.24
1188,677,112,1,51.13,51.13
1189,678,83,1,110.09,110.09
1190,678,146,1,135.82,135.82
1191,679,147,2,77.95,155.9
1192,679,26,2,60.62,121.24
1193,679,84,1,112.96,112.96
1194,679,72,1,90.43,90.43
1195,680,13,1,105.94,105.94
1196,680,52,1,81.24,81.24
1197,681,94,1,114.63,114.63
1198,682,81,1,48.07,48.07
1199,683,52,2,81.24,162.48
1200,683,94,2,114.63,229.26
1201,683,97,1,167.71,167.71
1202,684,24,1,30.79,30.79
1203,684,86,1,94.49,94.49
1204,685,123,1,90.9,90.9
1205,686,112,1,51.13,51.13
1206,687,78,1,101.79,101.79
1207,687,15,1,123.75,123.75
1208,688,11,1,113.47,113.47
1209,688,46,1,77.71,77.71
1210,689,22,1,45.93,45.93
1211,689,76,2,78.32,156.64
1212,690,99,1,115.68,115.68
1213,690,80,1,163.07,163.07
1214,691,84,2,112.96,225.92
1215,691,85,2,94.04,188.08
1216,692,138,1,104.13,104.13
1217,692,72,1,90.43,90.43
1218,693,36,1,79.89,79.89
1219,694,74,1,109.3,109.3
1220,695,34,1,167.82,167.82
1221,695,30,2,112.19,224.38
1222,696,48,1,42.1,42.1
1223,697,16,2,37.81,75.62
1224,697,135,1,113.07,113.07
1225,698,88,1,30.63,30.63
1226,698,11,1,113.47,113.47
1227,699,112,1,51.13,51.13
1228,699,16,2,37.81,75.62
1229,699,69,3,101.23,303.69
1230,700,96,1,167.08,167.08
1231,701,62,1,41.29,41.29
1232,702,51,1,38.0,38.0
1233,702,109,2,97.53,195.06
1234,702,104,1,42.67,42.67
1235,703,34,1,167.82,167.82
1236,703,9,1,31.04,31.04
1237,703,97,2,167.71,335.42
1238,704,5,1,49.7,49.7
1239,705,103,1,53.36,53.36
1240,706,140,1,66.92,66.92
1241,707,31,2,85.02,170.04
1242,708,46,2,77.71,155.42
1243,709,51,1,38.0,38.0
1244,709,46,2,77.71,155.42
1245,710,132,1,111.89,111.89
1246,710,70,1,27.52,27.52
1247,710,54,2,73.69,147.38
1248,711,134,2,115.02,230.04
1249,712,122,1,74.91,74.91
1250,712,55,2,136.68,273.36
1251,713,101,1,160.16,160.16
1252,714,104,1,42.67,42.67
1253,714,33,2,47.02,94.04
1254,715,23,1,47.63,47.63
1255,716,61,1,180.83,180.83
1256,716,131,1,156.36,156.36
1257,716,74,1,109.3,109.3
1258,716,125,1,99.26,99.26
1259,717,95,1,68.19,68.19
1260,717,63,3,111.53,334.59
1261,718,76,1,78.32,78.32
1262,718,92,3,107.96,323.88
1263,719,145,2,101.8,203.6
1264,719,98,2,98.76,197.52
1265,719,108,1,89.12,89.12
1266,719,60,1,34.01,34.01
1267,720,82,1,126.68,126.68
1268,721,139,1,56.23,56.23
1269,722,65,2,94.21,188.42
1270,723,97,1,167.71,167.71
1271,724,35,1,118.14,118.14
1272,724,16,1,37.81,37.81
1273,725,77,2,69.72,139.44
1274,725,10,2,115.41,230.82
1275,726,139,1,56.23,56.23
1276,726,112,1,51.13,51.13
1277,727,79,1,90.2,90.2
1278,727,31,1,85.02,85.02
1279,727,66,1,105.26,105.26
1280,728,106,1,111.49,111.49
1281,729,21,1,36.73,36.73
1282,729,1,1,20.32,20.32
1283,730,112,1,51.13,51.13
1284,731,124,1,19.86,19.86
1285,731,134,1,115.02,115.02
1286,731,78,1,101.79,101.79
1287,731,58,1,65.57,65.57
1288,732,34,2,167.82,335.64
1289,733,10,2,115.41,230.82
1290,734,50,1,24.92,24.92
1291,735,127,1,56.25,56.25
1292,735,57,1,43.25,43.25
1293,736,29,1,91.23,91.23
1294,737,58,1,65.57,65.57
1295,738,50,1,24.92,24.92
1296,739,109,1,97.53,97.53
1297,739,55,1,136.68,136.68
1298,740,103,1,53.36,53.36
1299,741,135,1,113.07,113.07
1300,741,99,1,115.68,115.68
1301,742,8,2,47.18,94.36
1302,742,61,2,180.83,361.66
1303,742,68,1,25.01,25.01
1304,743,62,1,41.29,41.29
1305,743,42,1,94.67,94.67
1306,744,140,1,66.92,66.92
1307,745,122,1,74.91,74.91
1308,746,98,1,98.76,98.76
1309,747,126,1,50.25,50.25
1310,748,53,1,34.65,34.65
1311,749,132,1,111.89,111.89
1312,750,55,2,136.68,273.36
1313,751,6,1,51.08,51.08
1314,751,66,1,105.26,105.26
1315,752,147,1,77.95,77.95
1316,752,137,1,95.99,95.99
1317,752,71,1,21.91,21.91
1318,753,68,2,25.01,50.02
1319,754,15,1,123.75,123.75
1320,755,86,1,94.49,94.49
1321,755,91,2,72.73,145.46
1322,756,128,2,102.12,204.24
1323,756,137,1,95.99,95.99
1324,757,136,1,70.88,70.88
1325,757,55,1,136.68,136.68
1326,758,86,1,94.49,94.49
1327,758,19,2,69.78,139.56
1328,758,125,1,99.26,99.26
1329,758,138,1,104.13,104.13
1330,759,39,2,159.15,318.3
1331,760,46,2,77.71,155.42
1332,761,43,1,42.12,42.12
1333,761,66,1,105.26,105.26
1334,762,85,1,94.04,94.04
1335,763,84,1,112.96,112.96
1336,763,134,2,115.02,230.04
1337,764,110,2,113.16,226.32
1338,764,12,2,108.7,217.4
1339,765,97,2,167.71,335.42
1340,765,45,2,106.3,212.6
1341,765,22,2,45.93,91.86
1342,766,128,1,102.12,102.12
1343,767,66,1,105.26,105.26
1344,767,32,1,135.32,135.32
1345,768,63,2,111.53,223.06
1346,769,106,1,111.49,111.49
1347,769,3,1,29.93,29.93
1348,770,82,3,126.68,380.04
1349,770,28,3,32.28,96.84
1350,771,58,3,65.57,196.71
1351,772,1,1,20.32,20.32
1352,773,87,1,73.76,73.76
1353,774,30,3,112.19,336.57
1354,774,49,1,61.05,61.05
1355,774,12,1,108.7,108.7
1356,775,123,1,90.9,90.9
1357,776,65,3,94.21,282.63
1358,777,131,1,156.36,156.36
1359,778,46,2,77.71,155.42
1360,778,100,3,63.47,190.41
1361,778,105,3,66.0,198.0
1362,779,119,2,89.03,178.06
1363,780,29,2,91.23,182.46
1364,780,20,1,43.77,43.77
1365,781,126,2,50.25,100.5
1366,781,95,2,68.19,136.38
1367,782,35,1,118.14,118.14
1368,782,34,1,167.82,167.82
1369,782,130,2,92.74,185.48
1370,783,96,2,167.08,334.16
1371,784,38,1,97.25,97.25
1372,785,108,2,89.12,178.24
1373,785,11,1,113.47,113.47
1374,786,49,1,61.05,61.05
1375,786,67,2,36.36,72.72
1376,786,70,3,27.52,82.56
1377,787,17,1,122.66,122.66
1378,787,36,1,79.89,79.89
1379,788,47,1,44.74,44.74
1380,788,43,2,42.12,84.24
1381,789,121,1,92.86,92.86
1382,790,25,1,102.53,102.53
1383,791,24,1,30.79,30.79
1384,791,71,1,21.91,21.91
1385,792,128,1,102.12,102.12
1386,793,106,1,111.49,111.49
1387,794,48,3,42.1,126.3
1388,795,117,1,88.88,88.88
1389,795,76,1,78.32,78.32
1390,796,5,2,49.7,99.4
1391,796,94,1,114.63,114.63
1392,797,72,2,90.43,180.86
1393,798,9,1,31.04,31.04
1394,799,36,2,79.89,159.78
1395,799,50,1,24.92,24.92
1396,800,45,1,106.3,106.3
1397,800,92,1,107.96,107.96
1398,801,94,2,114.63,229.26
1399,802,68,1,25.01,25.01
1400,802,51,1,38.0,38.0
1401,802,77,1,69.72,69.72
1402,803,70,1,27.52,27.52
1403,804,28,1,32.28,32.28
1404,805,52,1,81.24,81.24
1405,805,115,1,114.0,114.0
1406,805,119,3,89.03,267.09
1407,806,140,1,66.92,66.92
1408,807,67,1,36.36,36.36
1409,807,96,1,167.08,167.08
1410,807,44,1,180.29,180.29
1411,807,27,1,96.2,96.2
1412,808,55,1,136.68,136.68
1413,808,31,2,85.02,170.04
1414,809,24,2,30.79,61.58
1415,810,19,1,69.78,69.78
1416,811,125,1,99.26,99.26
1417,811,2,1,127.2,127.2
1418,812,21,1,36.73,36.73
1419,812,30,1,112.19,112.19
1420,813,84,1,112.96,112.96
1421,813,134,1,115.02,115.02
1422,813,10,1,115.41,115.41
1423,814,52,1,81.24,81.24
1424,815,146,1,135.82,135.82
1425,815,78,3,101.79,305.37
1426,816,23,1,47.63,47.63
1427,817,45,1,106.3,106.3
1428,818,69,1,101.23,101.23
1429,818,87,1,73.76,73.76
1430,819,31,1,85.02,85.02
1431,820,142,1,104.52,104.52
1432,821,135,2,113.07,226.14
1433,821,108,2,89.12,178.24
1434,821,111,3,25.05,75.15
1435,821,106,1,111.49,111.49
1436,822,87,1,73.76,73.76
1437,823,122,1,74.91,74.91
1438,824,44,1,180.29,180.29
1439,825,61,3,180.83,542.49
1440,825,89,1,23.55,23.55
1441,825,60,3,34.01,102.03
1442,825,94,2,114.63,229.26
1443,826,125,2,99.26,198.52
1444,826,46,1,77.71,77.71
1445,827,94,2,114.63,229.26
1446,828,124,1,19.86,19.86
1447,829,129,1,82.98,82.98
1448,829,147,1,77.95,77.95
1449,830,50,1,24.92,24.92
1450,831,22,2,45.93,91.86
1451,832,33,2,47.02,94.04
1452,832,104,1,42.67,42.67
1453,833,8,1,47.18,47.18
1454,834,65,1,94.21,94.21
1455,834,82,3,126.68,380.04
1456,835,46,1,77.71,77.71
1457,836,89,1,23.55,23.55
1458,836,122,1,74.91,74.91
1459,837,54,1,73.69,73.69
1460,838,56,2,65.84,131.68
1461,838,125,1,99.26,99.26
1462,838,76,1,78.32,78.32
1463,839,130,1,92.74,92.74
1464,840,61,2,180.83,361.66
1465,841,99,1,115.68,115.68
1466,841,83,1,110.09,110.09
1467,842,113,2,110.24,220.48
1468,842,75,3,52.19,156.57
1469,843,143,1,50.23,50.23
1470,844,119,1,89.03,89.03
1471,845,25,1,102.53,102.53
1472,846,48,1,42.1,42.1
1473,846,8,1,47.18,47.18
1474,847,148,1,135.92,135.92
1475,848,1,1,20.32,20.32
1476,848,82,1,126.68,126.68
1477,848,32,1,135.32,135.32
1478,849,119,1,89.03,89.03
1479,849,66,2,105.26,210.52
1480,850,45,1,106.3,106.3
1481,851,116,1,99.25,99.25
1482,851,87,1,73.76,73.76
1483,852,110,2,113.16,226.32
1484,853,134,2,115.02,230.04
1485,854,145,2,101.8,203.6
1486,854,146,1,135.82,135.82
1487,855,20,2,43.77,87.54
1488,855,52,2,81.24,162.48
1489,856,56,1,65.84,65.84
1490,857,41,1,135.53,135.53
1491,857,84,1,112.96,112.96
1492,858,121,3,92.86,278.58
1493,859,2,1,127.2,127.2
1494,859,92,2,107.96,215.92
1495,860,99,1,115.68,115.68
1496,861,71,1,21.91,21.91
1497,862,140,1,66.92,66.92
1498,863,63,1,111.53,111.53
1499,864,14,1,153.24,153.24
1500,864,90,1,39.66,39.66
1501,865,99,1,115.68,115.68
1502,866,116,1,99.25,99.25
1503,867,96,1,167.08,167.08
1504,868,62,1,41.29,41.29
1505,869,23,1,47.63,47.63
1506,870,70,1,27.52,27.52
1507,871,72,1,90.43,90.43
1508,871,91,2,72.73,145.46
1509,872,65,1,94.21,94.21
1510,872,125,1,99.26,99.26
1511,873,46,3,77.71,233.13
1512,874,128,1,102.12,102.12
1513,874,85,1,94.04,94.04
1514,874,108,2,89.12,178.24
1515,875,135,2,113.07,226.14
1516,875,95,1,68.19,68.19
1517,875,88,1,30.63,30.63
1518,876,124,2,19.86,39.72
1519,876,102,1,123.35,123.35
1520,877,57,2,43.25,86.5
1521,877,104,1,42.67,42.67
1522,877,42,3,94.67,284.01
1523,877,97,1,167.71,167.71
1524,878,2,2,127.2,254.4
1525,879,78,1,101.79,101.79
1526,879,56,3,65.84,197.52
1527,880,78,2,101.79,203.58
1528,880,99,1,115.68,115.68
1529,881,133,1,131.41,131.41
1530,882,143,1,50.23,50.23
1531,882,140,1,66.92,66.92
1532,883,140,1,66.92,66.92
1533,883,101,1,160.16,160.16
1534,884,131,3,156.36,469.08
1535,884,57,1,43.25,43.25
1536,885,67,2,36.36,72.72
1537,886,86,1,94.49,94.49
1538,887,49,1,61.05,61.05
1539,887,28,1,32.28,32.28
1540,888,46,1,77.71,77.71
1541,889,77,1,69.72,69.72
1542,890,12,1,108.7,108.7
1543,890,121,2,92.86,185.72
1544,890,124,1,19.86,19.86
1545,891,68,1,25.01,25.01
1546,891,71,1,21.91,21.91
1547,892,56,1,65.84,65.84
1548,892,53,1,34.65,34.65
1549,893,109,1,97.53,97.53
1550,893,15,1,123.75,123.75
1551,894,32,1,135.32,135.32
1552,895,116,1,99.25,99.25
1553,896,135,1,113.07,113.07
1554,896,29,1,91.23,91.23
1555,897,16,2,37.81,75.62
1556,898,35,1,118.14,118.14
1557,898,104,1,42.67,42.67
1558,899,65,1,94.21,94.21
1559,899,90,1,39.66,39.66
1560,899,54,1,73.69,73.69
1561,900,117,1,88.88,88.88
1562,900,111,1,25.05,25.05
1563,901,17,1,122.66,122.66
1564,901,113,1,110.24,110.24
1565,902,48,1,42.1,42.1
1566,902,117,1,88.88,88.88
1567,903,94,1,114.63,114.63
1568,904,89,1,23.55,23.55
1569,905,44,3,180.29,540.87
1570,906,103,1,53.36,53.36
1571,906,84,1,112.96,112.96
1572,906,20,1,43.77,43.77
1573,907,143,1,50.23,50.23
1574,907,45,1,106.3,106.3
1575,908,9,1,31.04,31.04
1576,909,130,1,92.74,92.74
1577,910,34,1,167.82,167.82
1578,911,22,1,45.93,45.93
1579,911,132,2,111.89,223.78
1580,911,46,3,77.71,233.13
1581,911,7,1,96.04,96.04
1582,912,30,1,112.19,112.19
1583,913,26,1,60.62,60.62
1584,914,6,1,51.08,51.08
1585,914,145,1,101.8,101.8
1586,914,147,2,77.95,155.9
1587,915,135,2,113.07,226.14
1588,916,7,3,96.04,288.12
1589,917,64,1,63.14,63.14
1590,918,11,1,113.47,113.47
1591,919,57,1,43.25,43.25
1592,919,58,1,65.57,65.57
1593,920,84,1,112.96,112.96
1594,920,57,1,43.25,43.25
1595,920,53,1,34.65,34.65
1596,920,68,1,25.01,25.01
1597,921,109,2,97.53,195.06
1598,922,42,1,94.67,94.67
1599,923,129,1,82.98,82.98
1600,924,133,1,131.41,131.41
1601,924,45,1,106.3,106.3
1602,924,89,1,23.55,23.55
1603,925,140,2,66.92,133.84
1604,926,19,1,69.78,69.78
1605,926,38,2,97.25,194.5
1606,927,65,1,94.21,94.21
1607,928,48,2,42.1,84.2
1608,929,47,1,44.74,44.74
1609,929,102,2,123.35,246.7
1610,930,43,1,42.12,42.12
1611,931,23,1,47.63,47.63
1612,931,22,1,45.93,45.93
1613,932,31,1,85.02,85.02
1614,932,103,1,53.36,53.36
1615,933,37,1,104.19,104.19
1616,934,9,1,31.04,31.04
1617,934,76,2,78.32,156.64
1618,935,41,1,135.53,135.53
1619,935,141,1,33.34,33.34
1620,936,108,1,89.12,89.12
1621,936,15,1,123.75,123.75
1622,937,25,1,102.53,102.53
1623,938,13,1,105.94,105.94
1624,939,11,2,113.47,226.94
1625,939,96,1,167.08,167.08
1626,940,72,1,90.43,90.43
1627,940,11,2,113.47,226.94
1628,941,37,2,104.19,208.38
1629,942,98,1,98.76,98.76
1630,943,12,1,108.7,108.7
1631,944,57,1,43.25,43.25
1632,944,34,1,167.82,167.82
1633,945,59,2,93.3,186.6
1634,945,87,3,73.76,221.28
1635,946,66,3,105.26,315.78
1636,947,41,1,135.53,135.53
1637,947,56,1,65.84,65.84
1638,948,101,2,160.16,320.32
1639,949,100,2,63.47,126.94
1640,949,83,1,110.09,110.09
1641,950,59,1,93.3,93.3
1642,950,82,3,126.68,380.04
1643,950,15,1,123.75,123.75
1644,951,5,1,49.7,49.7
1645,952,44,2,180.29,360.58
1646,952,114,1,93.96,93.96
1647,953,54,1,73.69,73.69
1648,954,102,2,123.35,246.7
1649,954,36,2,79.89,159.78
1650,954,32,2,135.32,270.64
1651,955,63,2,111.53,223.06
1652,955,124,1,19.86,19.86
1653,955,75,1,52.19,52.19
1654,956,131,1,156.36,156.36
1655,956,49,3,61.05,183.15
1656,957,47,3,44.74,134.22
1657,957,65,1,94.21,94.21
1658,957,53,1,34.65,34.65
1659,958,83,2,110.09,220.18
1660,959,93,1,56.41,56.41
1661,959,60,1,34.01,34.01
1662,960,121,1,92.86,92.86
1663,960,18,3,104.51,313.53
1664,961,2,1,127.2,127.2
1665,961,38,1,97.25,97.25
1666,962,24,1,30.79,30.79
1667,962,130,1,92.74,92.74
1668,962,49,1,61.05,61.05
1669,963,140,1,66.92,66.92
1670,963,21,1,36.73,36.73
1671,964,105,1,66.0,66.0
1672,964,124,2,19.86,39.72
1673,964,1,1,20.32,20.32
1674,965,38,1,97.25,97.25
1675,966,51,1,38.0,38.0
1676,967,118,1,49.84,49.84
1677,968,130,3,92.74,278.22
1678,969,143,1,50.23,50.23
1679,969,129,2,82.98,165.96
1680,970,113,3,110.24,330.72
1681,970,84,1,112.96,112.96
1682,971,105,1,66.0,66.0
1683,971,56,1,65.84,65.84
1684,972,119,1,89.03,89.03
1685,973,122,2,74.91,149.82
1686,974,78,1,101.79,101.79
1687,975,18,1,104.51,104.51
1688,976,43,1,42.12,42.12
1689,977,110,1,113.16,113.16
1690,978,94,1,114.63,114.63
1691,978,84,1,112.96,112.96
1692,979,132,1,111.89,111.89
1693,980,31,1,85.02,85.02
1694,981,117,1,88.88,88.88
1695,982,38,1,97.25,97.25
1696,982,148,1,135.92,135.92
1697,983,123,1,90.9,90.9
1698,984,44,2,180.29,360.58
1699,985,86,1,94.49,94.49
1700,985,124,1,19.86,19.86
1701,985,15,3,123.75,371.25
1702,986,112,2,51.13,102.26
1703,986,1,2,20.32,40.64
1704,987,113,1,110.24,110.24
1705,988,114,1,93.96,93.96
1706,989,32,1,135.32,135.32
1707,989,69,1,101.23,101.23
1708,989,86,1,94.49,94.49
1709,990,104,3,42.67,128.01
1710,991,64,1,63.14,63.14
1711,991,29,2,91.23,182.46
1712,991,102,3,123.35,370.05
1713,991,141,2,33.34,66.68
1714,992,72,1,90.43,90.43
1715,992,21,1,36.73,36.73
1716,992,118,1,49.84,49.84
1717,993,136,1,70.88,70.88
1718,994,57,1,43.25,43.25
1719,995,139,1,56.23,56.23
1720,995,9,1,31.04,31.04
1721,996,23,1,47.63,47.63
1722,997,106,3,111.49,334.47
1723,997,49,1,61.05,61.05
1724,998,85,1,94.04,94.04
1725,998,18,3,104.51,313.53
1726,999,100,1,63.47,63.47
1727,1000,65,1,94.21,94.21
1728,1000,25,1,102.53,102.53
1729,1001,7,1,96.04,96.04
1730,1002,65,1,94.21,94.21
1731,1003,19,2,69.78,139.56
1732,1004,68,2,25.01,50.02
1733,1004,40,1,33.35,33.35
1734,1004,57,1,43.25,43.25
1735,1005,89,1,23.55,23.55
1736,1006,109,1,97.53,97.53
1737,1006,76,1,78.32,78.32
1738,1007,75,1,52.19,52.19
1739,1007,58,2,65.57,131.14
1740,1008,140,2,66.92,133.84
1741,1009,34,1,167.82,167.82
1742,1009,121,1,92.86,92.86
1743,1010,30,1,112.19,112.19
1744,1011,63,1,111.53,111.53
1745,1011,42,1,94.67,94.67
1746,1011,46,3,77.71,233.13
1747,1011,93,1,56.41,56.41
1748,1012,124,2,19.86,39.72
1749,1012,40,2,33.35,66.7
1750,1012,46,1,77.71,77.71
1751,1013,75,1,52.19,52.19
1752,1014,70,2,27.52,55.04
1753,1014,75,1,52.19,52.19
1754,1014,12,1,108.7,108.7
1755,1014,10,1,115.41,115.41
1756,1015,29,2,91.23,182.46
1757,1015,122,1,74.91,74.91
1758,1016,123,2,90.9,181.8
1759,1016,67,2,36.36,72.72
1760,1017,139,1,56.23,56.23
1761,1017,131,1,156.36,156.36
1762,1018,89,2,23.55,47.1
1763,1018,136,1,70.88,70.88
1764,1019,114,2,93.96,187.92
1765,1020,120,1,108.5,108.5
1766,1020,143,1,50.23,50.23
1767,1021,108,2,89.12,178.24
1768,1022,45,1,106.3,106.3
1769,1022,16,1,37.81,37.81
1770,1022,89,1,23.55,23.55
1771,1023,92,1,107.96,107.96
1772,1024,90,2,39.66,79.32
1773,1025,97,1,167.71,167.71
1774,1025,95,1,68.19,68.19
1775,1026,59,2,93.3,186.6
1776,1027,80,2,163.07,326.14
1777,1027,64,1,63.14,63.14
1778,1027,23,1,47.63,47.63
1779,1028,136,1,70.88,70.88
1780,1029,63,3,111.53,334.59
1781,1029,85,1,94.04,94.04
1782,1030,128,3,102.12,306.36
1783,1030,43,1,42.12,42.12
1784,1031,76,1,78.32,78.32
1785,1031,114,1,93.96,93.96
1786,1031,33,1,47.02,47.02
1787,1032,95,3,68.19,204.57
1788,1033,49,2,61.05,122.1
1789,1034,68,3,25.01,75.03
1790,1035,19,2,69.78,139.56
1791,1036,125,1,99.26,99.26
1792,1037,3,2,29.93,59.86
1793,1038,13,1,105.94,105.94
1794,1038,82,1,126.68,126.68
1795,1038,63,3,111.53,334.59
1796,1039,137,2,95.99,191.98
1797,1040,92,2,107.96,215.92
1798,1040,10,1,115.41,115.41
1799,1040,76,3,78.32,234.96
1800,1041,69,3,101.23,303.69
1801,1042,147,1,77.95,77.95
1802,1043,46,1,77.71,77.71
1803,1043,10,1,115.41,115.41
1804,1043,47,1,44.74,44.74
1805,1044,121,3,92.86,278.58
1806,1045,40,2,33.35,66.7
1807,1046,52,2,81.24,162.48
1808,1047,117,1,88.88,88.88
1809,1047,83,1,110.09,110.09
1810,1048,33,2,47.02,94.04
1811,1048,18,1,104.51,104.51
1812,1049,38,1,97.25,97.25
1813,1050,8,1,47.18,47.18
1814,1051,43,2,42.12,84.24
1815,1052,48,1,42.1,42.1
1816,1053,45,1,106.3,106.3
1817,1054,4,2,48.57,97.14
1818,1054,112,2,51.13,102.26
1819,1054,141,1,33.34,33.34
1820,1054,33,2,47.02,94.04
1821,1055,121,1,92.86,92.86
1822,1055,143,1,50.23,50.23
1823,1056,130,3,92.74,278.22
1824,1056,140,1,66.92,66.92
1825,1057,134,1,115.02,115.02
1826,1058,62,1,41.29,41.29
1827,1058,135,2,113.07,226.14
1828,1058,147,3,77.95,233.85
1829,1059,82,2,126.68,253.36
1830,1059,38,2,97.25,194.5
1831,1060,130,1,92.74,92.74
1832,1061,96,3,167.08,501.24
1833,1062,53,1,34.65,34.65
1834,1062,54,1,73.69,73.69
1835,1062,48,2,42.1,84.2
1836,1062,83,1,110.09,110.09
1837,1063,40,1,33.35,33.35
1838,1063,145,1,101.8,101.8
1839,1063,105,2,66.0,132.0
1840,1064,61,1,180.83,180.83
1841,1065,20,1,43.77,43.77
1842,1065,83,1,110.09,110.09
1843,1065,25,1,102.53,102.53
1844,1065,105,2,66.0,132.0
1845,1066,3,2,29.93,59.86
1846,1066,25,1,102.53,102.53
1847,1067,44,1,180.29,180.29
1848,1068,25,1,102.53,102.53
1849,1069,35,1,118.14,118.14
1850,1070,56,2,65.84,131.68
1851,1071,145,1,101.8,101.8
1852,1071,66,1,105.26,105.26
1853,1072,134,1,115.02,115.02
1854,1072,83,1,110.09,110.09
1855,1073,84,2,112.96,225.92
1856,1074,35,2,118.14,236.28
1857,1074,16,1,37.81,37.81
1858,1075,58,1,65.57,65.57
1859,1075,104,1,42.67,42.67
1860,1075,55,2,136.68,273.36
1861,1075,124,1,19.86,19.86
1862,1076,143,1,50.23,50.23
1863,1077,112,1,51.13,51.13
1864,1077,116,2,99.25,198.5
1865,1077,77,3,69.72,209.16
1866,1078,99,1,115.68,115.68
1867,1079,67,1,36.36,36.36
1868,1080,20,1,43.77,43.77
1869,1080,132,1,111.89,111.89
1870,1081,63,2,111.53,223.06
1871,1082,124,1,19.86,19.86
1872,1082,119,1,89.03,89.03
1873,1083,82,1,126.68,126.68
1874,1083,14,2,153.24,306.48
1875,1084,83,3,110.09,330.27
1876,1084,127,1,56.25,56.25
1877,1085,33,2,47.02,94.04
1878,1085,50,1,24.92,24.92
1879,1085,72,2,90.43,180.86
1880,1085,113,1,110.24,110.24
1881,1086,36,1,79.89,79.89
1882,1087,76,3,78.32,234.96
1883,1087,18,1,104.51,104.51
1884,1087,28,2,32.28,64.56
1885,1087,44,2,180.29,360.58
1886,1088,4,2,48.57,97.14
1887,1089,82,1,126.68,126.68
1888,1089,135,2,113.07,226.14
1889,1090,11,1,113.47,113.47
1890,1090,136,2,70.88,141.76
1891,1091,79,1,90.2,90.2
1892,1092,142,3,104.52,313.56
1893,1093,66,1,105.26,105.26
1894,1094,143,1,50.23,50.23
1895,1094,124,3,19.86,59.58
1896,1094,8,2,47.18,94.36
1897,1095,113,1,110.24,110.24
1898,1095,14,2,153.24,306.48
1899,1095,86,1,94.49,94.49
1900,1096,111,3,25.05,75.15
1901,1097,139,1,56.23,56.23
1902,1097,61,1,180.83,180.83
1903,1097,130,3,92.74,278.22
1904,1098,14,2,153.24,306.48
1905,1099,14,3,153.24,459.72
1906,1100,148,1,135.92,135.92
1907,1100,124,2,19.86,39.72
1908,1101,121,2,92.86,185.72
1909,1102,122,1,74.91,74.91
1910,1103,68,1,25.01,25.01
1911,1104,145,3,101.8,305.4
1912,1105,34,1,167.82,167.82
1913,1106,83,1,110.09,110.09
1914,1106,78,1,101.79,101.79
1915,1106,22,1,45.93,45.93
1916,1107,73,1,70.7,70.7
1917,1108,122,2,74.91,149.82
1918,1108,4,1,48.57,48.57
1919,1109,119,1,89.03,89.03
1920,1109,106,1,111.49,111.49
1921,1110,114,1,93.96,93.96
1922,1111,42,3,94.67,284.01
1923,1111,130,1,92.74,92.74
1924,1111,45,2,106.3,212.6
1925,1112,71,1,21.91,21.91
1926,1113,48,2,42.1,84.2
1927,1114,102,1,123.35,123.35
1928,1114,119,1,89.03,89.03
1929,1115,27,2,96.2,192.4
1930,1115,23,1,47.63,47.63
1931,1115,122,2,74.91,149.82
1932,1115,86,1,94.49,94.49
1933,1116,129,1,82.98,82.98
1934,1117,135,2,113.07,226.14
1935,1117,125,3,99.26,297.78
1936,1117,45,1,106.3,106.3
1937,1118,102,2,123.35,246.7
1938,1119,62,1,41.29,41.29
1939,1120,18,1,104.51,104.51
1940,1121,88,2,30.63,61.26
1941,1122,70,1,27.52,27.52
1942,1123,38,1,97.25,97.25
1943,1124,45,1,106.3,106.3
1944,1125,127,1,56.25,56.25
1945,1125,144,1,141.3,141.3
1946,1125,50,1,24.92,24.92
1947,1126,103,1,53.36,53.36
1948,1127,55,1,136.68,136.68
1949,1128,66,2,105.26,210.52
1950,1129,46,1,77.71,77.71
1951,1129,142,3,104.52,313.56
1952,1130,21,1,36.73,36.73
1953,1130,148,3,135.92,407.76
1954,1131,19,1,69.78,69.78
1955,1131,10,3,115.41,346.23
1956,1132,124,1,19.86,19.86
1957,1133,33,2,47.02,94.04
1958,1133,27,1,96.2,96.2
1959,1134,60,2,34.01,68.02
1960,1135,132,3,111.89,335.67
1961,1136,71,1,21.91,21.91
1962,1136,130,1,92.74,92.74
1963,1137,66,2,105.26,210.52
1964,1137,128,2,102.12,204.24
1965,1138,85,2,94.04,188.08
1966,1138,63,1,111.53,111.53
1967,1138,139,1,56.23,56.23
1968,1139,51,1,38.0,38.0
1969,1140,129,1,82.98,82.98
1970,1140,132,1,111.89,111.89
1971,1141,90,1,39.66,39.66
1972,1141,42,2,94.67,189.34
1973,1142,2,2,127.2,254.4
1974,1143,144,3,141.3,423.9
1975,1143,64,1,63.14,63.14
1976,1144,95,1,68.19,68.19
1977,1145,27,1,96.2,96.2
1978,1145,18,2,104.51,209.02
1979,1146,138,1,104.13,104.13
1980,1146,69,1,101.23,101.23
1981,1147,99,2,115.68,231.36
1982,1147,19,1,69.78,69.78
1983,1148,72,1,90.43,90.43
1984,1148,115,3,114.0,342.0
1985,1149,97,2,167.71,335.42
1986,1149,133,2,131.41,262.82
1987,1149,60,2,34.01,68.02
1988,1150,54,1,73.69,73.69
1989,1150,90,3,39.66,118.98
1990,1151,131,1,156.36,156.36
1991,1151,31,1,85.02,85.02
1992,1151,118,3,49.84,149.52
1993,1152,104,2,42.67,85.34
1994,1153,39,1,159.15,159.15
1995,1154,143,1,50.23,50.23
1996,1154,4,1,48.57,48.57
1997,1154,105,3,66.0,198.0
1998,1155,16,1,37.81,37.81
1999,1156,88,1,30.63,30.63
2000,1156,34,1,167.82,167.82
2001,1157,80,1,163.07,163.07
2002,1157,120,2,108.5,217.0
2003,1158,8,2,47.18,94.36
2004,1158,33,3,47.02,141.06
2005,1159,117,1,88.88,88.88
2006,1160,133,1,131.41,131.41
2007,1161,60,2,34.01,68.02
2008,1162,71,1,21.91,21.91
2009,1163,105,3,66.0,198.0
2010,1164,68,1,25.01,25.01
2011,1164,54,1,73.69,73.69
2012,1165,39,1,159.15,159.15
2013,1166,123,1,90.9,90.9
2014,1166,147,3,77.95,233.85
2015,1167,144,2,141.3,282.6
2016,1168,2,1,127.2,127.2
2017,1168,15,1,123.75,123.75
2018,1169,126,1,50.25,50.25
2019,1170,87,1,73.76,73.76
2020,1171,75,1,52.19,52.19
2021,1172,41,1,135.53,135.53
2022,1172,64,1,63.14,63.14
2023,1172,92,2,107.96,215.92
2024,1172,114,1,93.96,93.96
2025,1173,83,2,110.09,220.18
2026,1174,107,1,121.33,121.33
2027,1174,138,1,104.13,104.13
2028,1174,54,1,73.69,73.69
2029,1174,112,1,51.13,51.13
2030,1175,144,2,141.3,282.6
2031,1176,5,1,49.7,49.7
2032,1176,55,1,136.68,136.68
2033,1176,137,1,95.99,95.99
2034,1177,141,3,33.34,100.02
2035,1177,116,1,99.25,99.25
2036,1177,121,2,92.86,185.72
2037,1178,111,1,25.05,25.05
2038,1178,78,2,101.79,203.58
2039,1179,27,1,96.2,96.2
2040,1180,45,1,106.3,106.3
2041,1180,14,3,153.24,459.72
2042,1180,112,2,51.13,102.26
2043,1181,115,3,114.0,342.0
2044,1182,123,1,90.9,90.9
2045,1182,25,2,102.53,205.06
2046,1183,61,1,180.83,180.83
2047,1183,84,1,112.96,112.96
2048,1184,31,1,85.02,85.02
2049,1185,139,1,56.23,56.23
2050,1185,24,1,30.79,30.79
2051,1185,71,1,21.91,21.91
2052,1186,4,1,48.57,48.57
2053,1187,77,2,69.72,139.44
2054,1188,137,2,95.99,191.98
2055,1189,50,1,24.92,24.92
2056,1189,47,1,44.74,44.74
2057,1189,141,1,33.34,33.34
2058,1189,62,3,41.29,123.87
2059,1190,77,1,69.72,69.72
2060,1191,26,3,60.62,181.86
2061,1192,39,1,159.15,159.15
2062,1193,113,1,110.24,110.24
2063,1194,33,3,47.02,141.06
2064,1194,29,1,91.23,91.23
2065,1195,26,1,60.62,60.62
2066,1195,109,1,97.53,97.53
2067,1195,99,2,115.68,231.36
2068,1196,112,2,51.13,102.26
2069,1196,59,1,93.3,93.3
2070,1196,7,2,96.04,192.08
2071,1197,120,1,108.5,108.5
2072,1198,83,2,110.09,220.18
2073,1198,40,1,33.35,33.35
2074,1198,67,3,36.36,109.08
2075,1199,89,1,23.55,23.55
2076,1200,90,3,39.66,118.98
2077,1200,142,1,104.52,104.52
2078,1201,126,1,50.25,50.25
2079,1202,71,3,21.91,65.73
2080,1202,118,1,49.84,49.84
2081,1202,88,1,30.63,30.63
2082,1203,128,1,102.12,102.12
2083,1203,147,1,77.95,77.95
2084,1203,107,1,121.33,121.33
2085,1204,114,2,93.96,187.92
2086,1205,106,1,111.49,111.49
2087,1205,1,1,20.32,20.32
2088,1206,80,3,163.07,489.21
2089,1206,32,2,135.32,270.64
2090,1206,140,2,66.92,133.84
2091,1207,117,1,88.88,88.88
2092,1207,8,1,47.18,47.18
2093,1207,34,3,167.82,503.46
2094,1208,48,1,42.1,42.1
2095,1208,39,1,159.15,159.15
2096,1209,138,1,104.13,104.13
2097,1210,94,1,114.63,114.63
2098,1211,106,1,111.49,111.49
2099,1212,112,1,51.13,51.13
2100,1213,16,1,37.81,37.81
2101,1213,110,3,113.16,339.48
2102,1214,74,1,109.3,109.3
2103,1214,60,1,34.01,34.01
2104,1215,109,1,97.53,97.53
2105,1216,88,1,30.63,30.63
2106,1216,137,1,95.99,95.99
2107,1217,83,1,110.09,110.09
2108,1217,39,1,159.15,159.15
2109,1218,69,1,101.23,101.23
2110,1219,20,2,43.77,87.54
2111,1220,82,1,126.68,126.68
2112,1220,111,1,25.05,25.05
2113,1221,5,1,49.7,49.7
2114,1221,75,1,52.19,52.19
2115,1222,136,2,70.88,141.76
2116,1222,24,2,30.79,61.58
2117,1222,25,1,102.53,102.53
2118,1223,132,1,111.89,111.89
2119,1224,83,3,110.09,330.27
2120,1225,30,1,112.19,112.19
2121,1225,19,1,69.78,69.78
2122,1225,134,3,115.02,345.06
2123,1226,139,2,56.23,112.46
2124,1226,63,3,111.53,334.59
2125,1226,43,3,42.12,126.36
2126,1227,43,2,42.12,84.24
2127,1228,145,1,101.8,101.8
2128,1229,69,2,101.23,202.46
2129,1229,22,1,45.93,45.93
2130,1230,124,3,19.86,59.58
2131,1230,33,1,47.02,47.02
2132,1231,37,1,104.19,104.19
2133,1232,87,1,73.76,73.76
2134,1232,36,2,79.89,159.78
2135,1232,6,1,51.08,51.08
2136,1233,116,1,99.25,99.25
2137,1234,14,1,153.24,153.24
2138,1234,139,1,56.23,56.23
2139,1235,29,1,91.23,91.23
2140,1235,112,3,51.13,153.39
2141,1236,132,1,111.89,111.89
2142,1237,137,1,95.99,95.99
2143,1237,11,1,113.47,113.47
2144,1237,26,3,60.62,181.86
2145,1238,120,1,108.5,108.5
2146,1239,51,2,38.0,76.0
2147,1240,18,2,104.51,209.02
2148,1240,32,3,135.32,405.96
2149,1240,76,1,78.32,78.32
2150,1241,116,1,99.25,99.25
2151,1242,130,1,92.74,92.74
2152,1243,142,1,104.52,104.52
2153,1244,27,2,96.2,192.4
2154,1244,67,1,36.36,36.36
2155,1245,103,2,53.36,106.72
2156,1246,81,1,48.07,48.07
2157,1246,3,3,29.93,89.79
2158,1247,65,2,94.21,188.42
2159,1247,60,1,34.01,34.01
2160,1248,104,1,42.67,42.67
2161,1248,147,3,77.95,233.85
2162,1248,39,3,159.15,477.45
2163,1249,140,3,66.92,200.76
2164,1250,15,1,123.75,123.75
2165,1251,103,1,53.36,53.36
2166,1251,42,1,94.67,94.67
2167,1252,121,1,92.86,92.86
2168,1252,35,2,118.14,236.28
2169,1253,140,1,66.92,66.92
2170,1253,88,1,30.63,30.63
2171,1253,100,1,63.47,63.47
2172,1254,3,1,29.93,29.93
2173,1255,40,1,33.35,33.35
2174,1255,55,2,136.68,273.36
2175,1256,81,1,48.07,48.07
2176,1257,105,1,66.0,66.0
2177,1257,40,1,33.35,33.35
2178,1258,106,2,111.49,222.98
2179,1258,135,1,113.07,113.07
2180,1258,79,1,90.2,90.2
2181,1259,51,1,38.0,38.0
2182,1260,40,3,33.35,100.05
2183,1260,62,3,41.29,123.87
2184,1261,37,1,104.19,104.19
2185,1262,58,2,65.57,131.14
2186,1263,138,1,104.13,104.13
2187,1264,33,3,47.02,141.06
2188,1265,99,2,115.68,231.36
2189,1266,79,1,90.2,90.2
2190,1267,37,1,104.19,104.19
2191,1267,127,1,56.25,56.25
2192,1267,15,1,123.75,123.75
2193,1267,100,2,63.47,126.94
2194,1268,60,1,34.01,34.01
2195,1268,36,1,79.89,79.89
2196,1268,54,2,73.69,147.38
2197,1269,117,3,88.88,266.64
2198,1269,83,1,110.09,110.09
2199,1269,126,1,50.25,50.25
2200,1270,133,1,131.41,131.41
2201,1270,70,1,27.52,27.52
2202,1270,79,2,90.2,180.4
2203,1271,47,1,44.74,44.74
2204,1271,33,1,47.02,47.02
2205,1271,66,1,105.26,105.26
2206,1271,89,1,23.55,23.55
2207,1272,95,1,68.19,68.19
2208,1273,99,3,115.68,347.04
2209,1273,34,2,167.82,335.64
2210,1274,53,2,34.65,69.3
2211,1274,140,1,66.92,66.92
2212,1275,78,1,101.79,101.79
2213,1276,113,1,110.24,110.24
2214,1277,22,3,45.93,137.79
2215,1277,29,2,91.23,182.46
2216,1277,51,1,38.0,38.0
2217,1278,103,1,53.36,53.36
2218,1279,71,3,21.91,65.73
2219,1279,15,1,123.75,123.75
2220,1280,85,1,94.04,94.04
2221,1281,148,1,135.92,135.92
2222,1281,44,2,180.29,360.58
2223,1282,105,1,66.0,66.0
2224,1282,44,1,180.29,180.29
2225,1283,17,1,122.66,122.66
2226,1284,122,1,74.91,74.91
2227,1284,133,3,131.41,394.23
2228,1284,125,1,99.26,99.26
2229,1285,91,1,72.73,72.73
2230,1285,44,1,180.29,180.29
2231,1286,72,1,90.43,90.43
2232,1286,68,1,25.01,25.01
2233,1287,36,1,79.89,79.89
2234,1288,117,1,88.88,88.88
2235,1289,38,1,97.25,97.25
2236,1290,122,1,74.91,74.91
2237,1290,115,2,114.0,228.0
2238,1290,137,1,95.99,95.99
2239,1291,140,1,66.92,66.92
2240,1292,102,2,123.35,246.7
2241,1293,46,1,77.71,77.71
2242,1294,115,1,114.0,114.0
2243,1294,80,3,163.07,489.21
2244,1295,108,1,89.12,89.12
2245,1295,128,1,102.12,102.12
2246,1295,146,3,135.82,407.46
2247,1296,17,1,122.66,122.66
2248,1297,33,1,47.02,47.02
2249,1298,137,3,95.99,287.97
2250,1298,109,1,97.53,97.53
2251,1299,42,1,94.67,94.67
2252,1299,7,2,96.04,192.08
2253,1300,70,1,27.52,27.52
2254,1300,67,2,36.36,72.72
2255,1300,30,3,112.19,336.57
2256,1301,138,1,104.13,104.13
2257,1302,32,3,135.32,405.96
2258,1302,110,1,113.16,113.16
2259,1303,70,2,27.52,55.04
2260,1304,92,3,107.96,323.88
2261,1305,108,2,89.12,178.24
2262,1306,110,1,113.16,113.16
2263,1306,92,1,107.96,107.96
2264,1306,81,1,48.07,48.07
2265,1306,1,3,20.32,60.96
2266,1307,143,3,50.23,150.69
2267,1308,125,2,99.26,198.52
2268,1308,27,1,96.2,96.2
2269,1309,86,1,94.49,94.49
2270,1310,143,1,50.23,50.23
2271,1311,148,2,135.92,271.84
2272,1312,4,1,48.57,48.57
2273,1313,83,1,110.09,110.09
2274,1314,8,1,47.18,47.18
2275,1315,93,2,56.41,112.82
2276,1315,7,2,96.04,192.08
2277,1315,3,1,29.93,29.93
2278,1316,55,1,136.68,136.68
2279,1317,83,1,110.09,110.09
2280,1317,78,1,101.79,101.79
2281,1318,94,1,114.63,114.63
2282,1318,7,1,96.04,96.04
2283,1318,83,1,110.09,110.09
2284,1319,145,1,101.8,101.8
2285,1319,107,1,121.33,121.33
2286,1319,84,2,112.96,225.92
2287,1320,88,1,30.63,30.63
2288,1321,132,1,111.89,111.89
2289,1321,34,1,167.82,167.82
2290,1322,77,1,69.72,69.72
2291,1323,14,1,153.24,153.24
2292,1323,145,1,101.8,101.8
2293,1323,101,1,160.16,160.16
2294,1324,103,1,53.36,53.36
2295,1324,13,1,105.94,105.94
2296,1325,5,2,49.7,99.4
2297,1326,142,3,104.52,313.56
2298,1326,110,1,113.16,113.16
2299,1326,46,2,77.71,155.42
2300,1327,124,2,19.86,39.72
2301,1328,115,2,114.0,228.0
2302,1329,96,1,167.08,167.08
2303,1330,21,2,36.73,73.46
2304,1330,35,1,118.14,118.14
2305,1330,51,2,38.0,76.0
2306,1331,128,1,102.12,102.12
2307,1332,29,1,91.23,91.23
2308,1333,6,1,51.08,51.08
2309,1334,46,1,77.71,77.71
2310,1334,43,1,42.12,42.12
2311,1334,122,1,74.91,74.91
2312,1335,1,2,20.32,40.64
2313,1336,119,1,89.03,89.03
2314,1337,106,1,111.49,111.49
2315,1338,137,1,95.99,95.99
2316,1339,71,1,21.91,21.91
2317,1339,11,1,113.47,113.47
2318,1340,57,1,43.25,43.25
2319,1341,64,1,63.14,63.14
2320,1341,129,2,82.98,165.96
2321,1341,147,1,77.95,77.95
2322,1342,93,1,56.41,56.41
2323,1342,127,2,56.25,112.5
2324,1343,61,2,180.83,361.66
2325,1344,52,1,81.24,81.24
2326,1344,107,3,121.33,363.99
2327,1345,15,2,123.75,247.5
2328,1346,99,2,115.68,231.36
2329,1347,69,2,101.23,202.46
2330,1348,87,2,73.76,147.52
2331,1348,57,1,43.25,43.25
2332,1349,14,1,153.24,153.24
2333,1350,24,1,30.79,30.79
2334,1350,60,2,34.01,68.02
2335,1350,84,3,112.96,338.88
2336,1351,41,2,135.53,271.06
2337,1352,94,2,114.63,229.26
2338,1353,130,1,92.74,92.74
2339,1354,74,1,109.3,109.3
2340,1354,106,2,111.49,222.98
2341,1355,87,1,73.76,73.76
2342,1356,58,1,65.57,65.57
2343,1356,116,3,99.25,297.75
2344,1356,39,1,159.15,159.15
2345,1357,18,1,104.51,104.51
2346,1358,114,1,93.96,93.96
2347,1359,143,3,50.23,150.69
2348,1360,137,1,95.99,95.99
2349,1361,128,1,102.12,102.12
2350,1361,68,3,25.01,75.03
2351,1362,129,1,82.98,82.98
2352,1363,145,1,101.8,101.8
2353,1363,146,1,135.82,135.82
2354,1363,142,1,104.52,104.52
2355,1363,85,1,94.04,94.04
2356,1364,148,1,135.92,135.92
2357,1364,97,1,167.71,167.71
2358,1365,47,1,44.74,44.74
2359,1366,118,1,49.84,49.84
2360,1367,122,1,74.91,74.91
2361,1368,114,1,93.96,93.96
2362,1368,136,1,70.88,70.88
2363,1369,9,3,31.04,93.12
2364,1370,19,1,69.78,69.78
2365,1371,126,1,50.25,50.25
2366,1372,120,3,108.5,325.5
2367,1372,148,1,135.92,135.92
2368,1372,40,3,33.35,100.05
2369,1373,41,1,135.53,135.53
2370,1373,16,1,37.81,37.81
2371,1374,102,3,123.35,370.05
2372,1374,105,3,66.0,198.0
2373,1375,32,3,135.32,405.96
2374,1375,146,2,135.82,271.64
2375,1376,145,2,101.8,203.6
2376,1377,69,2,101.23,202.46
2377,1377,61,1,180.83,180.83
2378,1378,132,1,111.89,111.89
2379,1379,129,1,82.98,82.98
2380,1380,37,3,104.19,312.57
2381,1380,95,2,68.19,136.38
2382,1380,106,1,111.49,111.49
2383,1381,135,2,113.07,226.14
2384,1381,143,1,50.23,50.23
2385,1382,53,2,34.65,69.3
2386,1383,133,1,131.41,131.41
2387,1384,148,1,135.92,135.92
2388,1385,115,1,114.0,114.0
2389,1386,138,1,104.13,104.13
2390,1387,143,2,50.23,100.46
2391,1388,10,1,115.41,115.41
2392,1388,127,1,56.25,56.25
2393,1388,134,2,115.02,230.04
2394,1388,146,2,135.82,271.64
2395,1389,130,1,92.74,92.74
2396,1389,91,1,72.73,72.73
2397,1390,16,2,37.81,75.62
2398,1391,13,1,105.94,105.94
2399,1392,91,1,72.73,72.73
2400,1393,77,1,69.72,69.72
2401,1394,139,1,56.23,56.23
2402,1395,23,2,47.63,95.26
2403,1395,95,1,68.19,68.19
2404,1396,99,1,115.68,115.68
2405,1397,104,1,42.67,42.67
2406,1398,91,1,72.73,72.73
2407,1399,89,1,23.55,23.55
2408,1399,106,1,111.49,111.49
2409,1399,47,1,44.74,44.74
2410,1400,43,1,42.12,42.12
2411,1400,97,1,167.71,167.71
2412,1401,91,1,72.73,72.73
2413,1402,11,1,113.47,113.47
2414,1402,140,2,66.92,133.84
2415,1403,122,1,74.91,74.91
2416,1403,15,2,123.75,247.5
2417,1403,106,1,111.49,111.49
2418,1404,121,1,92.86,92.86
2419,1404,33,1,47.02,47.02
2420,1404,144,1,141.3,141.3
2421,1405,125,2,99.26,198.52
2422,1406,118,1,49.84,49.84
2423,1407,52,1,81.24,81.24
2424,1408,9,2,31.04,62.08
2425,1409,5,2,49.7,99.4
2426,1410,120,1,108.5,108.5
2427,1411,17,1,122.66,122.66
2428,1412,46,1,77.71,77.71
2429,1412,1,2,20.32,40.64
2430,1413,18,1,104.51,104.51
2431,1414,38,3,97.25,291.75
2432,1414,121,1,92.86,92.86
2433,1414,141,1,33.34,33.34
2434,1415,76,1,78.32,78.32
2435,1415,122,1,74.91,74.91
2436,1416,88,1,30.63,30.63
2437,1417,3,1,29.93,29.93
2438,1418,16,1,37.81,37.81
2439,1418,33,1,47.02,47.02
2440,1419,113,1,110.24,110.24
2441,1420,26,2,60.62,121.24
2442,1420,1,1,20.32,20.32
2443,1421,135,3,113.07,339.21
2444,1421,38,2,97.25,194.5
2445,1422,11,1,113.47,113.47
2446,1423,1,1,20.32,20.32
2447,1424,100,1,63.47,63.47
2448,1425,35,1,118.14,118.14
2449,1426,75,1,52.19,52.19
2450,1427,116,2,99.25,198.5
2451,1427,58,1,65.57,65.57
2452,1428,5,2,49.7,99.4
2453,1429,26,1,60.62,60.62
2454,1430,24,1,30.79,30.79
2455,1430,29,2,91.23,182.46
2456,1430,25,2,102.53,205.06
2457,1431,1,1,20.32,20.32
2458,1432,37,2,104.19,208.38
2459,1432,133,1,131.41,131.41
2460,1433,140,1,66.92,66.92
2461,1434,32,1,135.32,135.32
2462,1434,50,3,24.92,74.76
2463,1434,97,1,167.71,167.71
2464,1435,30,1,112.19,112.19
2465,1436,65,1,94.21,94.21
2466,1436,55,1,136.68,136.68
2467,1436,99,2,115.68,231.36
2468,1437,72,1,90.43,90.43
2469,1437,120,1,108.5,108.5
2470,1437,68,2,25.01,50.02
2471,1438,28,2,32.28,64.56
2472,1438,65,3,94.21,282.63
2473,1439,139,1,56.23,56.23
2474,1440,11,1,113.47,113.47
2475,1441,5,1,49.7,49.7
2476,1442,46,1,77.71,77.71
2477,1443,13,1,105.94,105.94
2478,1444,109,1,97.53,97.53
2479,1445,94,1,114.63,114.63
2480,1446,65,2,94.21,188.42
2481,1446,97,3,167.71,503.13
2482,1447,34,1,167.82,167.82
2483,1448,99,2,115.68,231.36
2484,1449,145,1,101.8,101.8
2485,1449,32,2,135.32,270.64
2486,1450,90,1,39.66,39.66
2487,1451,22,1,45.93,45.93
2488,1452,63,1,111.53,111.53
2489,1453,43,3,42.12,126.36
2490,1454,24,1,30.79,30.79
2491,1454,84,3,112.96,338.88
2492,1454,46,2,77.71,155.42
2493,1455,31,1,85.02,85.02
2494,1456,67,1,36.36,36.36
2495,1457,103,1,53.36,53.36
2496,1458,17,1,122.66,122.66
2497,1458,36,1,79.89,79.89
2498,1458,25,2,102.53,205.06
2499,1458,86,1,94.49,94.49
2500,1459,35,1,118.14,118.14
2501,1460,118,1,49.84,49.84
2502,1461,120,1,108.5,108.5
2503,1462,31,3,85.02,255.06
2504,1463,14,1,153.24,153.24
2505,1463,81,1,48.07,48.07
2506,1464,22,1,45.93,45.93
2507,1465,10,2,115.41,230.82
2508,1465,133,1,131.41,131.41
2509,1465,83,1,110.09,110.09
2510,1465,15,2,123.75,247.5
2511,1466,121,1,92.86,92.86
2512,1466,112,1,51.13,51.13
2513,1467,131,1,156.36,156.36
2514,1468,25,1,102.53,102.53
2515,1468,79,1,90.2,90.2
2516,1469,63,1,111.53,111.53
2517,1470,124,3,19.86,59.58
2518,1470,88,1,30.63,30.63
2519,1470,138,1,104.13,104.13
2520,1471,133,1,131.41,131.41
2521,1471,77,2,69.72,139.44
2522,1471,116,1,99.25,99.25
2523,1472,104,1,42.67,42.67
2524,1472,44,2,180.29,360.58
2525,1472,77,2,69.72,139.44
2526,1473,140,1,66.92,66.92
2527,1473,19,1,69.78,69.78
2528,1474,136,1,70.88,70.88
2529,1474,121,1,92.86,92.86
2530,1474,27,1,96.2,96.2
2531,1475,73,1,70.7,70.7
2532,1475,40,1,33.35,33.35
2533,1476,30,1,112.19,112.19
2534,1476,144,1,141.3,141.3
2535,1477,50,1,24.92,24.92
2536,1478,71,3,21.91,65.73
2537,1478,79,1,90.2,90.2
2538,1479,24,2,30.79,61.58
2539,1480,139,2,56.23,112.46
2540,1480,9,3,31.04,93.12
2541,1481,98,3,98.76,296.28
2542,1482,68,1,25.01,25.01
2543,1482,59,1,93.3,93.3
2544,1482,67,2,36.36,72.72
2545,1482,31,1,85.02,85.02
2546,1483,138,1,104.13,104.13
2547,1483,121,1,92.86,92.86
2548,1483,122,1,74.91,74.91
2549,1483,72,1,90.43,90.43
2550,1484,72,1,90.43,90.43
2551,1485,108,1,89.12,89.12
2552,1486,103,1,53.36,53.36
2553,1487,132,1,111.89,111.89
2554,1488,62,3,41.29,123.87
2555,1488,80,1,163.07,163.07
2556,1489,101,1,160.16,160.16
2557,1490,20,1,43.77,43.77
2558,1491,35,2,118.14,236.28
2559,1491,148,1,135.92,135.92
2560,1492,13,1,105.94,105.94
2561,1492,64,1,63.14,63.14
2562,1493,38,1,97.25,97.25
2563,1493,40,3,33.35,100.05
2564,1493,75,1,52.19,52.19
2565,1494,109,1,97.53,97.53
2566,1494,33,1,47.02,47.02
2567,1495,104,2,42.67,85.34
2568,1496,37,1,104.19,104.19
2569,1496,124,2,19.86,39.72
2570,1496,18,1,104.51,104.51
2571,1497,147,1,77.95,77.95
2572,1498,5,1,49.7,49.7
2573,1498,43,1,42.12,42.12
2574,1498,106,1,111.49,111.49
2575,1499,12,1,108.7,108.7
2576,1499,135,1,113.07,113.07
2577,1500,93,1,56.41,56.41
2578,1501,92,1,107.96,107.96
2579,1502,117,1,88.88,88.88
2580,1502,96,1,167.08,167.08
2581,1503,67,1,36.36,36.36
2582,1503,29,1,91.23,91.23
2583,1504,34,1,167.82,167.82
2584,1505,108,1,89.12,89.12
2585,1506,94,1,114.63,114.63
2586,1507,37,2,104.19,208.38
2587,1508,148,2,135.92,271.84
2588,1508,72,1,90.43,90.43
2589,1508,79,1,90.2,90.2
2590,1509,68,1,25.01,25.01
2591,1509,148,1,135.92,135.92
2592,1509,145,2,101.8,203.6
2593,1510,3,1,29.93,29.93
2594,1511,34,3,167.82,503.46
2595,1511,143,1,50.23,50.23
2596,1512,44,2,180.29,360.58
2597,1513,124,1,19.86,19.86
2598,1514,55,1,136.68,136.68
2599,1515,19,1,69.78,69.78
2600,1516,136,1,70.88,70.88
2601,1516,52,1,81.24,81.24
2602,1517,60,1,34.01,34.01
2603,1518,109,2,97.53,195.06
2604,1518,80,1,163.07,163.07
2605,1518,78,1,101.79,101.79
2606,1519,86,1,94.49,94.49
2607,1520,58,1,65.57,65.57
2608,1521,2,1,127.2,127.2
2609,1521,128,1,102.12,102.12
2610,1521,114,1,93.96,93.96
2611,1521,39,1,159.15,159.15
2612,1522,76,1,78.32,78.32
2613,1523,122,1,74.91,74.91
2614,1524,9,1,31.04,31.04
2615,1524,97,1,167.71,167.71
2616,1525,96,1,167.08,167.08
2617,1525,103,2,53.36,106.72
2618,1526,80,2,163.07,326.14
2619,1526,3,2,29.93,59.86
2620,1526,2,1,127.2,127.2
2621,1527,24,1,30.79,30.79
2622,1528,105,1,66.0,66.0
2623,1529,141,1,33.34,33.34
2624,1530,78,2,101.79,203.58
2625,1531,130,3,92.74,278.22
2626,1531,145,1,101.8,101.8
2627,1532,73,1,70.7,70.7
2628,1532,22,1,45.93,45.93
2629,1533,9,1,31.04,31.04
2630,1533,82,2,126.68,253.36
2631,1533,94,1,114.63,114.63
2632,1534,87,1,73.76,73.76
2633,1534,51,1,38.0,38.0
2634,1535,9,1,31.04,31.04
2635,1536,80,1,163.07,163.07
2636,1536,87,1,73.76,73.76
2637,1537,140,1,66.92,66.92
2638,1537,46,2,77.71,155.42
2639,1537,41,1,135.53,135.53
2640,1538,146,1,135.82,135.82
2641,1539,104,1,42.67,42.67
2642,1540,68,2,25.01,50.02
2643,1540,111,2,25.05,50.1
2644,1541,147,1,77.95,77.95
2645,1542,142,3,104.52,313.56
2646,1542,147,1,77.95,77.95
2647,1543,135,3,113.07,339.21
2648,1543,103,2,53.36,106.72
2649,1544,34,1,167.82,167.82
2650,1544,7,2,96.04,192.08
2651,1545,66,1,105.26,105.26
2652,1545,48,1,42.1,42.1
2653,1546,51,1,38.0,38.0
2654,1546,36,1,79.89,79.89
2655,1547,50,3,24.92,74.76
2656,1547,131,1,156.36,156.36
2657,1548,92,1,107.96,107.96
2658,1548,64,1,63.14,63.14
2659,1549,124,1,19.86,19.86
2660,1549,47,1,44.74,44.74
2661,1549,54,3,73.69,221.07
2662,1550,125,1,99.26,99.26
2663,1550,87,1,73.76,73.76
2664,1550,74,1,109.3,109.3
2665,1551,42,1,94.67,94.67
2666,1551,78,1,101.79,101.79
2667,1552,69,1,101.23,101.23
2668,1552,55,1,136.68,136.68
2669,1553,105,1,66.0,66.0
2670,1553,63,1,111.53,111.53
2671,1553,126,1,50.25,50.25
2672,1554,84,1,112.96,112.96
2673,1554,5,2,49.7,99.4
2674,1555,89,1,23.55,23.55
2675,1555,13,2,105.94,211.88
2676,1556,115,1,114.0,114.0
2677,1556,23,2,47.63,95.26
2678,1557,127,1,56.25,56.25
2679,1558,47,1,44.74,44.74
2680,1559,45,1,106.3,106.3
2681,1559,98,1,98.76,98.76
2682,1559,11,1,113.47,113.47
2683,1560,73,3,70.7,212.1
2684,1561,113,1,110.24,110.24
2685,1561,41,1,135.53,135.53
2686,1561,123,3,90.9,272.7
2687,1561,84,3,112.96,338.88
2688,1562,52,1,81.24,81.24
2689,1562,109,2,97.53,195.06
2690,1562,134,1,115.02,115.02
2691,1563,67,1,36.36,36.36
2692,1564,55,1,136.68,136.68
2693,1564,80,1,163.07,163.07
2694,1565,60,1,34.01,34.01
2695,1566,61,2,180.83,361.66
2696,1567,141,1,33.34,33.34
2697,1568,23,1,47.63,47.63
2698,1568,87,2,73.76,147.52
2699,1569,43,1,42.12,42.12
2700,1570,145,1,101.8,101.8
2701,1570,25,1,102.53,102.53
2702,1571,63,1,111.53,111.53
2703,1571,134,1,115.02,115.02
2704,1572,104,1,42.67,42.67
2705,1572,109,1,97.53,97.53
2706,1573,128,1,102.12,102.12
2707,1574,9,1,31.04,31.04
2708,1574,57,3,43.25,129.75
2709,1575,83,1,110.09,110.09
2710,1576,1,2,20.32,40.64
2711,1577,121,1,92.86,92.86
2712,1577,117,1,88.88,88.88
2713,1577,28,1,32.28,32.28
2714,1578,46,1,77.71,77.71
2715,1579,20,1,43.77,43.77
2716,1579,126,1,50.25,50.25
2717,1579,78,1,101.79,101.79
2718,1580,39,1,159.15,159.15
2719,1580,115,1,114.0,114.0
2720,1581,105,2,66.0,132.0
2721,1582,147,1,77.95,77.95
2722,1582,43,2,42.12,84.24
2723,1583,11,2,113.47,226.94
2724,1583,31,1,85.02,85.02
2725,1583,116,2,99.25,198.5
2726,1584,79,1,90.2,90.2
2727,1584,117,2,88.88,177.76
2728,1584,5,1,49.7,49.7
2729,1585,143,1,50.23,50.23
2730,1586,70,1,27.52,27.52
2731,1586,63,1,111.53,111.53
2732,1586,76,2,78.32,156.64
2733,1587,125,1,99.26,99.26
2734,1587,43,1,42.12,42.12
2735,1587,27,1,96.2,96.2
2736,1588,144,1,141.3,141.3
2737,1589,88,2,30.63,61.26
2738,1589,133,1,131.41,131.41
2739,1590,119,1,89.03,89.03
2740,1590,25,1,102.53,102.53
2741,1590,65,1,94.21,94.21
2742,1590,108,1,89.12,89.12
2743,1591,148,1,135.92,135.92
2744,1591,50,1,24.92,24.92
2745,1591,130,1,92.74,92.74
2746,1592,117,1,88.88,88.88
2747,1593,98,1,98.76,98.76
2748,1594,132,3,111.89,335.67
2749,1595,125,1,99.26,99.26
2750,1596,107,1,121.33,121.33
2751,1596,52,2,81.24,162.48
2752,1597,100,1,63.47,63.47
2753,1597,13,2,105.94,211.88
2754,1597,24,1,30.79,30.79
2755,1597,112,3,51.13,153.39
2756,1598,19,1,69.78,69.78
2757,1598,27,1,96.2,96.2
2758,1599,86,1,94.49,94.49
2759,1599,66,1,105.26,105.26
2760,1599,70,2,27.52,55.04
2761,1600,16,1,37.81,37.81
2762,1600,114,1,93.96,93.96
2763,1600,83,1,110.09,110.09
2764,1601,110,1,113.16,113.16
2765,1602,120,2,108.5,217.0
2766,1602,122,2,74.91,149.82
2767,1603,105,1,66.0,66.0
2768,1604,98,1,98.76,98.76
2769,1604,34,2,167.82,335.64
2770,1604,117,1,88.88,88.88
2771,1605,97,2,167.71,335.42
2772,1606,33,1,47.02,47.02
2773,1607,106,1,111.49,111.49
2774,1607,9,3,31.04,93.12
2775,1608,119,1,89.03,89.03
2776,1608,29,1,91.23,91.23
2777,1609,86,1,94.49,94.49
2778,1609,92,1,107.96,107.96
2779,1610,47,1,44.74,44.74
2780,1611,23,1,47.63,47.63
2781,1612,53,1,34.65,34.65
2782,1612,132,1,111.89,111.89
2783,1612,105,1,66.0,66.0
2784,1613,82,2,126.68,253.36
2785,1613,143,1,50.23,50.23
2786,1614,60,1,34.01,34.01
2787,1614,32,1,135.32,135.32
2788,1615,132,1,111.89,111.89
2789,1616,12,1,108.7,108.7
2790,1616,118,1,49.84,49.84
2791,1617,86,1,94.49,94.49
2792,1617,67,1,36.36,36.36
2793,1617,116,1,99.25,99.25
2794,1618,114,1,93.96,93.96
2795,1618,86,1,94.49,94.49
2796,1618,97,3,167.71,503.13
2797,1619,48,1,42.1,42.1
2798,1619,42,2,94.67,189.34
2799,1620,73,3,70.7,212.1
2800,1621,5,3,49.7,149.1
2801,1622,108,1,89.12,89.12
2802,1623,55,2,136.68,273.36
2803,1624,31,1,85.02,85.02
2804,1625,41,1,135.53,135.53
2805,1626,128,1,102.12,102.12
2806,1626,66,1,105.26,105.26
2807,1627,132,3,111.89,335.67
2808,1627,73,1,70.7,70.7
2809,1627,128,1,102.12,102.12
2810,1628,135,1,113.07,113.07
2811,1628,129,1,82.98,82.98
2812,1628,37,1,104.19,104.19
2813,1629,71,3,21.91,65.73
2814,1629,131,1,156.36,156.36
2815,1629,5,1,49.7,49.7
2816,1630,53,2,34.65,69.3
2817,1630,62,2,41.29,82.58
2818,1630,49,1,61.05,61.05
2819,1631,146,1,135.82,135.82
2820,1632,115,3,114.0,342.0
2821,1633,123,1,90.9,90.9
2822,1634,99,1,115.68,115.68
2823,1634,49,3,61.05,183.15
2824,1634,118,1,49.84,49.84
2825,1635,44,1,180.29,180.29
2826,1635,104,1,42.67,42.67
2827,1636,13,1,105.94,105.94
2828,1636,6,1,51.08,51.08
2829,1637,90,1,39.66,39.66
2830,1638,43,2,42.12,84.24
2831,1639,16,1,37.81,37.81
2832,1640,63,1,111.53,111.53
2833,1641,47,2,44.74,89.48
2834,1641,112,1,51.13,51.13
2835,1642,94,1,114.63,114.63
2836,1642,12,2,108.7,217.4
2837,1642,77,1,69.72,69.72
2838,1642,114,2,93.96,187.92
2839,1643,32,1,135.32,135.32
2840,1644,55,1,136.68,136.68
2841,1645,92,1,107.96,107.96
2842,1646,28,1,32.28,32.28
2843,1646,70,1,27.52,27.52
2844,1646,138,1,104.13,104.13
2845,1646,59,2,93.3,186.6
2846,1647,134,1,115.02,115.02
2847,1648,57,1,43.25,43.25
2848,1649,81,1,48.07,48.07
2849,1650,40,3,33.35,100.05
2850,1651,59,1,93.3,93.3
2851,1651,17,1,122.66,122.66
2852,1651,3,1,29.93,29.93
2853,1652,7,3,96.04,288.12
2854,1652,60,2,34.01,68.02
2855,1653,140,1,66.92,66.92
2856,1653,99,3,115.68,347.04
2857,1654,101,1,160.16,160.16
2858,1654,117,1,88.88,88.88
2859,1655,10,1,115.41,115.41
2860,1655,58,1,65.57,65.57
2861,1655,42,2,94.67,189.34
2862,1656,67,1,36.36,36.36
2863,1657,107,3,121.33,363.99
2864,1658,51,2,38.0,76.0
2865,1659,3,1,29.93,29.93
2866,1660,88,1,30.63,30.63
2867,1661,61,1,180.83,180.83
2868,1661,54,3,73.69,221.07
2869,1661,90,1,39.66,39.66
2870,1662,119,1,89.03,89.03
2871,1662,31,1,85.02,85.02
2872,1662,101,1,160.16,160.16
2873,1663,19,1,69.78,69.78
2874,1664,98,1,98.76,98.76
2875,1665,142,1,104.52,104.52
2876,1666,104,2,42.67,85.34
2877,1667,25,3,102.53,307.59
2878,1668,133,1,131.41,131.41
2879,1668,131,1,156.36,156.36
2880,1668,63,2,111.53,223.06
2881,1669,46,1,77.71,77.71
2882,1669,116,1,99.25,99.25
2883,1669,55,1,136.68,136.68
2884,1670,88,1,30.63,30.63
2885,1671,39,1,159.15,159.15
2886,1672,46,1,77.71,77.71
2887,1673,100,2,63.47,126.94
2888,1674,8,1,47.18,47.18
2889,1674,96,1,167.08,167.08
2890,1675,99,3,115.68,347.04
2891,1675,138,1,104.13,104.13
2892,1676,49,1,61.05,61.05
2893,1677,68,3,25.01,75.03
2894,1677,6,1,51.08,51.08
2895,1678,57,1,43.25,43.25
2896,1678,6,2,51.08,102.16
2897,1679,19,3,69.78,209.34
2898,1680,42,1,94.67,94.67
2899,1680,99,2,115.68,231.36
2900,1680,19,1,69.78,69.78
2901,1680,113,1,110.24,110.24
2902,1681,87,1,73.76,73.76
2903,1681,58,1,65.57,65.57
2904,1681,17,1,122.66,122.66
2905,1682,118,1,49.84,49.84
2906,1683,23,1,47.63,47.63
2907,1684,54,2,73.69,147.38
2908,1685,40,1,33.35,33.35
2909,1686,99,1,115.68,115.68
2910,1687,7,1,96.04,96.04
2911,1687,148,2,135.92,271.84
2912,1688,1,1,20.32,20.32
2913,1688,40,1,33.35,33.35
2914,1688,48,2,42.1,84.2
2915,1688,82,1,126.68,126.68
2916,1689,97,2,167.71,335.42
2917,1689,94,1,114.63,114.63
2918,1690,12,1,108.7,108.7
2919,1691,56,1,65.84,65.84
2920,1692,60,3,34.01,102.03
2921,1693,29,1,91.23,91.23
2922,1694,56,1,65.84,65.84
2923,1694,147,2,77.95,155.9
2924,1695,93,3,56.41,169.23
2925,1696,57,1,43.25,43.25
2926,1696,117,1,88.88,88.88
2927,1696,81,3,48.07,144.21
2928,1697,2,1,127.2,127.2
2929,1697,133,1,131.41,131.41
2930,1697,117,1,88.88,88.88
2931,1698,133,1,131.41,131.41
2932,1699,5,2,49.7,99.4
2933,1700,91,1,72.73,72.73
2934,1700,48,2,42.1,84.2
2935,1701,96,2,167.08,334.16
2936,1702,31,1,85.02,85.02
2937,1703,128,1,102.12,102.12
2938,1703,127,2,56.25,112.5
2939,1703,42,1,94.67,94.67
2940,1704,44,1,180.29,180.29
2941,1705,141,2,33.34,66.68
2942,1706,67,1,36.36,36.36
2943,1706,54,1,73.69,73.69
2944,1707,123,1,90.9,90.9
2945,1707,105,2,66.0,132.0
2946,1708,71,1,21.91,21.91
2947,1709,88,1,30.63,30.63
2948,1710,36,3,79.89,239.67
2949,1710,94,1,114.63,114.63
2950,1711,94,1,114.63,114.63
2951,1712,53,1,34.65,34.65
2952,1713,58,1,65.57,65.57
2953,1713,26,1,60.62,60.62
2954,1713,6,1,51.08,51.08
2955,1713,24,3,30.79,92.37
2956,1714,73,2,70.7,141.4
2957,1715,130,3,92.74,278.22
2958,1716,97,1,167.71,167.71
2959,1717,27,3,96.2,288.6
2960,1717,111,1,25.05,25.05
2961,1718,105,3,66.0,198.0
2962,1718,72,1,90.43,90.43
2963,1718,136,1,70.88,70.88
2964,1719,58,1,65.57,65.57
2965,1719,42,1,94.67,94.67
2966,1719,77,2,69.72,139.44
2967,1720,145,1,101.8,101.8
2968,1720,122,1,74.91,74.91
2969,1720,50,1,24.92,24.92
2970,1721,72,1,90.43,90.43
2971,1721,78,3,101.79,305.37
2972,1722,127,1,56.25,56.25
2973,1723,65,2,94.21,188.42
2974,1723,106,1,111.49,111.49
2975,1723,10,2,115.41,230.82
2976,1723,21,1,36.73,36.73
2977,1724,116,2,99.25,198.5
2978,1725,105,2,66.0,132.0
2979,1725,106,1,111.49,111.49
2980,1726,124,1,19.86,19.86
2981,1726,35,1,118.14,118.14
2982,1726,132,1,111.89,111.89
2983,1726,90,1,39.66,39.66
2984,1727,132,1,111.89,111.89
2985,1727,59,2,93.3,186.6
2986,1727,3,1,29.93,29.93
2987,1728,94,1,114.63,114.63
2988,1729,127,1,56.25,56.25
2989,1730,123,1,90.9,90.9
2990,1731,119,1,89.03,89.03
2991,1732,17,3,122.66,367.98
2992,1733,24,1,30.79,30.79
2993,1733,19,2,69.78,139.56
2994,1734,130,1,92.74,92.74
2995,1735,102,1,123.35,123.35
2996,1735,23,1,47.63,47.63
2997,1736,21,1,36.73,36.73
2998,1736,126,1,50.25,50.25
2999,1736,74,2,109.3,218.6
3000,1737,63,1,111.53,111.53
3001,1737,37,1,104.19,104.19
3002,1737,122,1,74.91,74.91
3003,1737,98,2,98.76,197.52
3004,1738,82,1,126.68,126.68
3005,1739,139,2,56.23,112.46
3006,1739,46,1,77.71,77.71
3007,1740,43,1,42.12,42.12
3008,1741,44,1,180.29,180.29
3009,1741,79,1,90.2,90.2
3010,1742,130,2,92.74,185.48
3011,1742,59,1,93.3,93.3
3012,1742,5,1,49.7,49.7
3013,1743,78,1,101.79,101.79
3014,1744,94,3,114.63,343.89
3015,1745,73,1,70.7,70.7
3016,1746,124,1,19.86,19.86
3017,1746,97,2,167.71,335.42
3018,1747,79,1,90.2,90.2
3019,1748,50,1,24.92,24.92
3020,1749,69,3,101.23,303.69
3021,1749,50,2,24.92,49.84
3022,1749,74,1,109.3,109.3
3023,1750,96,1,167.08,167.08
3024,1751,132,1,111.89,111.89
3025,1751,111,1,25.05,25.05
3026,1751,104,1,42.67,42.67
3027,1752,95,3,68.19,204.57
3028,1752,109,1,97.53,97.53
3029,1752,139,1,56.23,56.23
3030,1752,45,2,106.3,212.6
3031,1753,85,1,94.04,94.04
3032,1753,9,2,31.04,62.08
3033,1753,147,1,77.95,77.95
3034,1754,110,1,113.16,113.16
3035,1754,88,1,30.63,30.63
3036,1755,55,1,136.68,136.68
3037,1756,6,1,51.08,51.08
3038,1756,58,1,65.57,65.57
3039,1757,17,1,122.66,122.66
3040,1757,136,2,70.88,141.76
3041,1757,73,1,70.7,70.7
3042,1758,123,3,90.9,272.7
3043,1758,14,1,153.24,153.24
3044,1759,105,1,66.0,66.0
3045,1759,59,2,93.3,186.6
3046,1759,69,3,101.23,303.69
3047,1759,74,3,109.3,327.9
3048,1760,86,1,94.49,94.49
3049,1761,103,1,53.36,53.36
3050,1762,32,2,135.32,270.64
3051,1763,95,1,68.19,68.19
3052,1763,54,2,73.69,147.38
3053,1763,87,1,73.76,73.76
3054,1764,141,2,33.34,66.68
3055,1764,118,1,49.84,49.84
3056,1764,77,1,69.72,69.72
3057,1764,17,1,122.66,122.66
3058,1765,12,1,108.7,108.7
3059,1765,59,1,93.3,93.3
3060,1765,7,2,96.04,192.08
3061,1766,120,1,108.5,108.5
3062,1766,4,2,48.57,97.14
3063,1766,85,3,94.04,282.12
3064,1767,119,3,89.03,267.09
3065,1767,60,1,34.01,34.01
3066,1768,143,2,50.23,100.46
3067,1768,100,1,63.47,63.47
3068,1768,111,3,25.05,75.15
3069,1769,70,1,27.52,27.52
3070,1770,60,1,34.01,34.01
3071,1771,136,2,70.88,141.76
3072,1772,83,1,110.09,110.09
3073,1773,8,1,47.18,47.18
3074,1774,131,1,156.36,156.36
3075,1774,16,1,37.81,37.81
3076,1774,124,1,19.86,19.86
3077,1775,5,1,49.7,49.7
3078,1775,45,2,106.3,212.6
3079,1776,60,2,34.01,68.02
3080,1777,38,2,97.25,194.5
3081,1777,36,1,79.89,79.89
3082,1778,144,1,141.3,141.3
3083,1778,137,1,95.99,95.99
3084,1778,46,1,77.71,77.71
3085,1778,35,2,118.14,236.28
3086,1779,125,1,99.26,99.26
3087,1780,136,1,70.88,70.88
3088,1781,16,1,37.81,37.81
3089,1781,128,1,102.12,102.12
3090,1781,36,3,79.89,239.67
3091,1782,133,1,131.41,131.41
3092,1782,68,1,25.01,25.01
3093,1782,119,2,89.03,178.06
3094,1783,133,1,131.41,131.41
3095,1783,57,1,43.25,43.25
3096,1784,27,1,96.2,96.2
3097,1784,98,1,98.76,98.76
3098,1784,12,1,108.7,108.7
3099,1784,1,1,20.32,20.32
3100,1785,137,1,95.99,95.99
3101,1785,134,3,115.02,345.06
3102,1785,104,1,42.67,42.67
3103,1786,75,3,52.19,156.57
3104,1787,20,1,43.77,43.77
3105,1787,78,1,101.79,101.79
3106,1788,62,1,41.29,41.29
3107,1789,113,2,110.24,220.48
3108,1789,35,2,118.14,236.28
3109,1790,69,1,101.23,101.23
3110,1791,106,2,111.49,222.98
3111,1792,115,1,114.0,114.0
3112,1792,26,1,60.62,60.62
3113,1792,45,1,106.3,106.3
3114,1793,99,1,115.68,115.68
3115,1794,86,1,94.49,94.49
3116,1795,79,2,90.2,180.4
3117,1795,30,1,112.19,112.19
3118,1795,5,1,49.7,49.7
3119,1796,25,1,102.53,102.53
3120,1797,130,1,92.74,92.74
3121,1798,26,1,60.62,60.62
3122,1798,27,1,96.2,96.2
3123,1799,101,1,160.16,160.16
3124,1799,43,1,42.12,42.12
3125,1799,78,1,101.79,101.79
3126,1800,67,2,36.36,72.72
3127,1801,86,1,94.49,94.49
3128,1801,46,1,77.71,77.71
3129,1802,130,2,92.74,185.48
3130,1803,92,1,107.96,107.96
3131,1803,113,1,110.24,110.24
3132,1803,58,1,65.57,65.57
3133,1803,72,1,90.43,90.43
3134,1804,27,1,96.2,96.2
3135,1804,82,3,126.68,380.04
3136,1805,96,1,167.08,167.08
3137,1805,73,2,70.7,141.4
3138,1805,17,1,122.66,122.66
3139,1806,146,2,135.82,271.64
3140,1807,45,2,106.3,212.6
3141,1807,10,1,115.41,115.41
3142,1808,128,2,102.12,204.24
3143,1809,61,2,180.83,361.66
3144,1809,102,1,123.35,123.35
3145,1809,25,1,102.53,102.53
3146,1810,75,3,52.19,156.57
3147,1810,108,3,89.12,267.36
3148,1811,138,1,104.13,104.13
3149,1812,47,1,44.74,44.74
3150,1812,32,1,135.32,135.32
3151,1812,122,1,74.91,74.91
3152,1812,111,1,25.05,25.05
3153,1813,120,1,108.5,108.5
3154,1814,24,1,30.79,30.79
3155,1814,133,1,131.41,131.41
3156,1815,15,1,123.75,123.75
3157,1815,48,1,42.1,42.1
3158,1816,107,1,121.33,121.33
3159,1817,143,1,50.23,50.23
3160,1818,146,1,135.82,135.82
3161,1818,69,2,101.23,202.46
3162,1818,125,1,99.26,99.26
3163,1819,26,3,60.62,181.86
3164,1820,14,1,153.24,153.24
3165,1820,142,2,104.52,209.04
3166,1821,133,1,131.41,131.41
3167,1822,91,3,72.73,218.19
3168,1823,128,3,102.12,306.36
3169,1824,89,1,23.55,23.55
3170,1825,44,1,180.29,180.29
3171,1826,46,1,77.71,77.71
3172,1827,1,1,20.32,20.32
3173,1827,102,2,123.35,246.7
3174,1827,31,2,85.02,170.04
3175,1827,50,1,24.92,24.92
3176,1828,69,1,101.23,101.23
3177,1828,17,1,122.66,122.66
3178,1829,4,1,48.57,48.57
3179,1829,141,2,33.34,66.68
3180,1830,63,1,111.53,111.53
3181,1831,84,1,112.96,112.96
3182,1831,116,1,99.25,99.25
3183,1832,109,1,97.53,97.53
3184,1832,69,1,101.23,101.23
3185,1832,96,1,167.08,167.08
3186,1833,117,1,88.88,88.88
3187,1833,20,1,43.77,43.77
3188,1834,17,1,122.66,122.66
3189,1835,18,1,104.51,104.51
3190,1835,122,1,74.91,74.91
3191,1836,110,1,113.16,113.16
3192,1836,97,1,167.71,167.71
3193,1836,93,1,56.41,56.41
3194,1836,8,2,47.18,94.36
3195,1837,119,2,89.03,178.06
3196,1837,140,1,66.92,66.92
3197,1838,123,1,90.9,90.9
3198,1839,14,1,153.24,153.24
3199,1839,83,1,110.09,110.09
3200,1840,36,2,79.89,159.78
3201,1840,30,1,112.19,112.19
3202,1841,107,1,121.33,121.33
3203,1841,100,1,63.47,63.47
3204,1841,108,2,89.12,178.24
3205,1842,11,1,113.47,113.47
3206,1843,109,1,97.53,97.53
3207,1844,25,2,102.53,205.06
3208,1845,120,1,108.5,108.5
3209,1846,15,2,123.75,247.5
3210,1847,57,2,43.25,86.5
3211,1847,134,2,115.02,230.04
3212,1848,30,3,112.19,336.57
3213,1848,105,2,66.0,132.0
3214,1848,24,3,30.79,92.37
3215,1849,54,1,73.69,73.69
3216,1849,49,3,61.05,183.15
3217,1849,98,1,98.76,98.76
3218,1850,125,1,99.26,99.26
3219,1851,148,2,135.92,271.84
3220,1851,79,1,90.2,90.2
3221,1852,19,3,69.78,209.34
3222,1852,106,2,111.49,222.98
3223,1853,92,1,107.96,107.96
3224,1854,44,1,180.29,180.29
3225,1855,75,1,52.19,52.19
3226,1856,115,2,114.0,228.0
3227,1857,117,1,88.88,88.88
3228,1857,40,1,33.35,33.35
3229,1858,78,1,101.79,101.79
3230,1858,62,1,41.29,41.29
3231,1859,121,1,92.86,92.86
3232,1859,89,1,23.55,23.55
3233,1860,140,1,66.92,66.92
3234,1860,108,1,89.12,89.12
3235,1861,12,1,108.7,108.7
3236,1862,65,1,94.21,94.21
3237,1863,134,1,115.02,115.02
3238,1864,111,2,25.05,50.1
3239,1865,70,1,27.52,27.52
3240,1865,82,1,126.68,126.68
3241,1866,10,1,115.41,115.41
3242,1867,138,1,104.13,104.13
3243,1867,63,1,111.53,111.53
3244,1868,80,1,163.07,163.07
3245,1868,41,1,135.53,135.53
3246,1868,40,1,33.35,33.35
3247,1868,136,1,70.88,70.88
3248,1869,101,2,160.16,320.32
3249,1869,142,1,104.52,104.52
3250,1869,80,1,163.07,163.07
3251,1870,66,1,105.26,105.26
3252,1870,119,1,89.03,89.03
3253,1871,51,2,38.0,76.0
3254,1872,50,2,24.92,49.84
3255,1873,123,1,90.9,90.9
3256,1873,117,1,88.88,88.88
3257,1873,3,2,29.93,59.86
3258,1873,87,1,73.76,73.76
3259,1874,83,1,110.09,110.09
3260,1874,138,1,104.13,104.13
3261,1875,90,1,39.66,39.66
3262,1875,102,1,123.35,123.35
3263,1876,23,2,47.63,95.26
3264,1876,145,1,101.8,101.8
3265,1877,79,2,90.2,180.4
3266,1877,24,1,30.79,30.79
3267,1878,100,1,63.47,63.47
3268,1879,73,1,70.7,70.7
3269,1880,36,1,79.89,79.89
3270,1881,74,1,109.3,109.3
3271,1881,143,2,50.23,100.46
3272,1882,120,1,108.5,108.5
3273,1882,98,1,98.76,98.76
3274,1883,85,2,94.04,188.08
3275,1884,3,1,29.93,29.93
3276,1885,135,1,113.07,113.07
3277,1886,1,1,20.32,20.32
3278,1886,47,1,44.74,44.74
3279,1887,139,1,56.23,56.23
3280,1887,7,1,96.04,96.04
3281,1888,128,1,102.12,102.12
3282,1888,141,1,33.34,33.34
3283,1889,90,1,39.66,39.66
3284,1889,86,1,94.49,94.49
3285,1890,114,2,93.96,187.92
3286,1890,99,1,115.68,115.68
3287,1890,51,1,38.0,38.0
3288,1890,54,1,73.69,73.69
3289,1891,103,2,53.36,106.72
3290,1891,59,1,93.3,93.3
3291,1891,128,1,102.12,102.12
3292,1892,98,2,98.76,197.52
3293,1892,118,1,49.84,49.84
3294,1892,8,2,47.18,94.36
3295,1893,137,3,95.99,287.97
3296,1894,62,1,41.29,41.29
3297,1894,48,1,42.1,42.1
3298,1894,63,2,111.53,223.06
3299,1895,36,1,79.89,79.89
3300,1895,15,1,123.75,123.75
3301,1896,114,1,93.96,93.96
3302,1896,38,1,97.25,97.25
3303,1897,100,1,63.47,63.47
3304,1898,48,1,42.1,42.1
3305,1898,146,1,135.82,135.82
3306,1899,140,1,66.92,66.92
3307,1900,141,1,33.34,33.34
3308,1900,79,2,90.2,180.4
3309,1901,81,1,48.07,48.07
3310,1902,22,2,45.93,91.86
3311,1903,33,3,47.02,141.06
3312,1904,64,3,63.14,189.42
3313,1905,120,2,108.5,217.0
3314,1905,91,1,72.73,72.73
3315,1906,139,2,56.23,112.46
3316,1906,71,1,21.91,21.91
3317,1907,97,1,167.71,167.71
3318,1907,119,3,89.03,267.09
3319,1908,62,1,41.29,41.29
3320,1908,132,1,111.89,111.89
3321,1909,142,1,104.52,104.52
3322,1909,3,3,29.93,89.79
3323,1909,36,1,79.89,79.89
3324,1910,100,2,63.47,126.94
3325,1910,11,1,113.47,113.47
3326,1911,22,1,45.93,45.93
3327,1911,140,2,66.92,133.84
3328,1912,126,3,50.25,150.75
3329,1913,109,1,97.53,97.53
3330,1913,101,1,160.16,160.16
3331,1914,91,1,72.73,72.73
3332,1915,131,1,156.36,156.36
3333,1915,98,1,98.76,98.76
3334,1915,99,1,115.68,115.68
3335,1915,148,3,135.92,407.76
3336,1916,89,1,23.55,23.55
3337,1917,47,2,44.74,89.48
3338,1918,113,2,110.24,220.48
3339,1918,60,2,34.01,68.02
3340,1919,133,1,131.41,131.41
3341,1920,42,2,94.67,189.34
3342,1921,8,1,47.18,47.18
3343,1921,122,1,74.91,74.91
3344,1922,70,1,27.52,27.52
3345,1923,90,1,39.66,39.66
3346,1924,74,1,109.3,109.3
3347,1924,80,1,163.07,163.07
3348,1924,87,1,73.76,73.76
3349,1924,111,1,25.05,25.05
3350,1925,95,1,68.19,68.19
3351,1925,48,1,42.1,42.1
3352,1925,110,2,113.16,226.32
3353,1926,125,1,99.26,99.26
3354,1926,79,3,90.2,270.6
3355,1926,56,2,65.84,131.68
3356,1926,48,2,42.1,84.2
3357,1927,30,1,112.19,112.19
3358,1927,100,1,63.47,63.47
3359,1927,74,2,109.3,218.6
3360,1928,28,1,32.28,32.28
3361,1928,102,1,123.35,123.35
3362,1929,106,1,111.49,111.49
3363,1930,130,1,92.74,92.74
3364,1931,73,1,70.7,70.7
3365,1931,76,2,78.32,156.64
3366,1932,148,2,135.92,271.84
3367,1932,2,1,127.2,127.2
3368,1932,33,1,47.02,47.02
3369,1933,63,1,111.53,111.53
3370,1933,15,1,123.75,123.75
3371,1934,135,2,113.07,226.14
3372,1934,21,2,36.73,73.46
3373,1935,85,1,94.04,94.04
3374,1935,23,1,47.63,47.63
3375,1936,125,1,99.26,99.26
3376,1937,23,1,47.63,47.63
3377,1937,94,2,114.63,229.26
3378,1937,74,1,109.3,109.3
3379,1938,44,1,180.29,180.29
3380,1938,78,1,101.79,101.79
3381,1938,142,1,104.52,104.52
3382,1939,125,1,99.26,99.26
3383,1940,89,1,23.55,23.55
3384,1941,137,1,95.99,95.99
3385,1941,101,2,160.16,320.32
3386,1941,31,1,85.02,85.02
3387,1942,135,3,113.07,339.21
3388,1942,30,1,112.19,112.19
3389,1943,60,2,34.01,68.02
3390,1943,127,1,56.25,56.25
3391,1944,60,1,34.01,34.01
3392,1944,124,3,19.86,59.58
3393,1944,14,2,153.24,306.48
3394,1945,70,1,27.52,27.52
3395,1945,4,1,48.57,48.57
3396,1946,3,3,29.93,89.79
3397,1946,133,2,131.41,262.82
3398,1946,59,1,93.3,93.3
3399,1947,15,1,123.75,123.75
3400,1948,6,1,51.08,51.08
3401,1949,68,2,25.01,50.02
3402,1950,142,2,104.52,209.04
3403,1950,50,1,24.92,24.92
3404,1950,117,1,88.88,88.88
3405,1950,106,1,111.49,111.49
3406,1951,73,1,70.7,70.7
3407,1951,60,1,34.01,34.01
3408,1952,68,1,25.01,25.01
3409,1952,93,2,56.41,112.82
3410,1953,20,1,43.77,43.77
3411,1953,7,3,96.04,288.12
3412,1953,125,2,99.26,198.52
3413,1954,10,1,115.41,115.41
3414,1954,65,1,94.21,94.21
3415,1955,72,2,90.43,180.86
3416,1955,49,1,61.05,61.05
3417,1955,109,1,97.53,97.53
3418,1955,144,2,141.3,282.6
3419,1956,19,1,69.78,69.78
3420,1956,68,1,25.01,25.01
3421,1957,125,2,99.26,198.52
3422,1958,21,1,36.73,36.73
3423,1959,72,1,90.43,90.43
3424,1959,95,1,68.19,68.19
3425,1960,104,1,42.67,42.67
3426,1960,120,1,108.5,108.5
3427,1960,31,1,85.02,85.02
3428,1960,4,1,48.57,48.57
3429,1961,90,1,39.66,39.66
3430,1961,11,1,113.47,113.47
3431,1962,93,1,56.41,56.41
3432,1963,50,1,24.92,24.92
3433,1963,139,2,56.23,112.46
3434,1964,5,2,49.7,99.4
3435,1964,37,1,104.19,104.19
3436,1964,147,2,77.95,155.9
3437,1965,90,1,39.66,39.66
3438,1965,11,2,113.47,226.94
3439,1966,86,2,94.49,188.98
3440,1966,15,1,123.75,123.75
3441,1967,13,1,105.94,105.94
3442,1968,99,1,115.68,115.68
3443,1968,140,1,66.92,66.92
3444,1969,94,1,114.63,114.63
3445,1970,59,2,93.3,186.6
3446,1970,84,1,112.96,112.96
3447,1971,58,2,65.57,131.14
3448,1971,49,1,61.05,61.05
3449,1971,33,2,47.02,94.04
3450,1971,85,2,94.04,188.08
3451,1972,8,1,47.18,47.18
3452,1973,130,1,92.74,92.74
3453,1974,88,1,30.63,30.63
3454,1975,20,1,43.77,43.77
3455,1976,115,1,114.0,114.0
3456,1977,118,1,49.84,49.84
3457,1977,129,1,82.98,82.98
3458,1978,98,1,98.76,98.76
3459,1978,135,1,113.07,113.07
3460,1979,12,3,108.7,326.1
3461,1979,33,1,47.02,47.02
3462,1980,87,2,73.76,147.52
3463,1981,27,3,96.2,288.6
3464,1981,62,2,41.29,82.58
3465,1981,24,2,30.79,61.58
3466,1982,91,1,72.73,72.73
3467,1982,65,1,94.21,94.21
3468,1982,95,1,68.19,68.19
3469,1983,108,2,89.12,178.24
3470,1983,57,1,43.25,43.25
3471,1984,110,1,113.16,113.16
3472,1984,23,1,47.63,47.63
3473,1985,119,2,89.03,178.06
3474,1986,124,1,19.86,19.86
3475,1986,135,1,113.07,113.07
3476,1987,24,1,30.79,30.79
3477,1988,134,2,115.02,230.04
3478,1989,79,2,90.2,180.4
3479,1989,66,1,105.26,105.26
3480,1990,63,2,111.53,223.06
3481,1990,17,1,122.66,122.66
3482,1990,108,1,89.12,89.12
3483,1990,67,1,36.36,36.36
3484,1991,83,1,110.09,110.09
3485,1992,109,1,97.53,97.53
3486,1992,76,2,78.32,156.64
3487,1992,55,2,136.68,273.36
3488,1993,55,1,136.68,136.68
3489,1994,21,1,36.73,36.73
3490,1994,78,1,101.79,101.79
3491,1995,135,1,113.07,113.07
3492,1996,100,1,63.47,63.47
3493,1996,112,1,51.13,51.13
3494,1997,97,3,167.71,503.13
3495,1998,80,1,163.07,163.07
3496,1999,92,1,107.96,107.96
3497,2000,143,1,50.23,50.23
3498,2001,107,1,121.33,121.33
3499,2002,40,1,33.35,33.35
3500,2002,114,2,93.96,187.92
3501,2002,26,3,60.62,181.86
3502,2003,20,1,43.77,43.77
3503,2004,111,1,25.05,25.05
3504,2005,140,1,66.92,66.92
3505,2005,128,1,102.12,102.12
3506,2005,30,1,112.19,112.19
3507,2006,122,1,74.91,74.91
3508,2006,18,1,104.51,104.51
3509,2007,128,1,102.12,102.12
3510,2007,80,1,163.07,163.07
3511,2008,86,1,94.49,94.49
3512,2009,32,1,135.32,135.32
3513,2009,6,1,51.08,51.08
3514,2010,37,3,104.19,312.57
3515,2010,136,3,70.88,212.64
3516,2010,128,1,102.12,102.12
3517,2011,65,2,94.21,188.42
3518,2012,47,1,44.74,44.74
3519,2013,55,3,136.68,410.04
3520,2014,123,1,90.9,90.9
3521,2015,40,1,33.35,33.35
3522,2015,126,2,50.25,100.5
3523,2015,1,1,20.32,20.32
3524,2015,51,1,38.0,38.0
3525,2016,30,1,112.19,112.19
3526,2017,48,1,42.1,42.1
3527,2018,53,1,34.65,34.65
3528,2018,86,1,94.49,94.49
3529,2019,105,2,66.0,132.0
3530,2020,120,3,108.5,325.5
3531,2020,83,1,110.09,110.09
3532,2020,37,1,104.19,104.19
3533,2021,41,1,135.53,135.53
3534,2021,145,1,101.8,101.8
3535,2022,118,2,49.84,99.68
3536,2023,80,1,163.07,163.07
3537,2024,108,1,89.12,89.12
3538,2024,94,1,114.63,114.63
3539,2025,4,1,48.57,48.57
3540,2026,139,2,56.23,112.46
3541,2027,117,3,88.88,266.64
3542,2028,144,1,141.3,141.3
3543,2029,32,1,135.32,135.32
3544,2030,3,2,29.93,59.86
3545,2030,89,1,23.55,23.55
3546,2030,114,1,93.96,93.96
3547,2031,3,2,29.93,59.86
3548,2032,77,1,69.72,69.72
3549,2033,75,1,52.19,52.19
3550,2033,35,1,118.14,118.14
3551,2034,77,3,69.72,209.16
3552,2034,20,1,43.77,43.77
3553,2035,10,2,115.41,230.82
3554,2036,109,1,97.53,97.53
3555,2036,92,1,107.96,107.96
3556,2037,109,1,97.53,97.53
3557,2037,32,2,135.32,270.64
3558,2037,6,2,51.08,102.16
3559,2038,9,3,31.04,93.12
3560,2038,62,1,41.29,41.29
3561,2039,98,2,98.76,197.52
3562,2040,121,2,92.86,185.72
3563,2041,37,1,104.19,104.19
3564,2041,127,1,56.25,56.25
3565,2042,84,2,112.96,225.92
3566,2043,60,1,34.01,34.01
3567,2043,91,3,72.73,218.19
3568,2043,96,1,167.08,167.08
3569,2044,35,1,118.14,118.14
3570,2044,89,2,23.55,47.1
3571,2044,81,1,48.07,48.07
3572,2045,52,2,81.24,162.48
3573,2046,112,1,51.13,51.13
3574,2047,111,3,25.05,75.15
3575,2048,55,1,136.68,136.68
3576,2048,84,2,112.96,225.92
3577,2048,58,1,65.57,65.57
3578,2049,31,1,85.02,85.02
3579,2049,114,1,93.96,93.96
3580,2049,126,1,50.25,50.25
3581,2050,131,2,156.36,312.72
3582,2050,33,1,47.02,47.02
3583,2051,63,1,111.53,111.53
3584,2052,26,3,60.62,181.86
3585,2052,49,1,61.05,61.05
3586,2053,48,1,42.1,42.1
3587,2053,122,1,74.91,74.91
3588,2054,121,2,92.86,185.72
3589,2054,123,2,90.9,181.8
3590,2055,39,3,159.15,477.45
3591,2056,113,3,110.24,330.72
3592,2056,81,1,48.07,48.07
3593,2057,83,1,110.09,110.09
3594,2057,97,3,167.71,503.13
3595,2058,85,1,94.04,94.04
3596,2058,134,3,115.02,345.06
3597,2059,147,2,77.95,155.9
3598,2060,95,1,68.19,68.19
3599,2060,5,1,49.7,49.7
3600,2061,40,1,33.35,33.35
3601,2062,91,2,72.73,145.46
3602,2062,61,1,180.83,180.83
3603,2062,119,1,89.03,89.03
3604,2062,123,1,90.9,90.9
3605,2063,124,1,19.86,19.86
3606,2064,85,1,94.04,94.04
3607,2065,72,1,90.43,90.43
3608,2066,16,1,37.81,37.81
3609,2066,127,1,56.25,56.25
3610,2066,118,3,49.84,149.52
3611,2066,55,1,136.68,136.68
3612,2067,38,1,97.25,97.25
3613,2068,55,1,136.68,136.68
3614,2068,23,1,47.63,47.63
3615,2069,124,1,19.86,19.86
3616,2069,17,1,122.66,122.66
3617,2069,102,1,123.35,123.35
3618,2070,18,1,104.51,104.51
3619,2070,55,1,136.68,136.68
3620,2071,44,1,180.29,180.29
3621,2072,40,1,33.35,33.35
3622,2072,59,1,93.3,93.3
3623,2073,11,2,113.47,226.94
3624,2073,140,2,66.92,133.84
3625,2074,64,1,63.14,63.14
3626,2075,139,1,56.23,56.23
3627,2076,66,1,105.26,105.26
3628,2077,117,1,88.88,88.88
3629,2077,92,1,107.96,107.96
3630,2077,112,1,51.13,51.13
3631,2078,27,1,96.2,96.2
3632,2078,2,1,127.2,127.2
3633,2079,119,1,89.03,89.03
3634,2080,35,2,118.14,236.28
3635,2080,51,2,38.0,76.0
3636,2081,86,1,94.49,94.49
3637,2081,42,3,94.67,284.01
3638,2081,82,1,126.68,126.68
3639,2082,36,1,79.89,79.89
3640,2082,50,1,24.92,24.92
3641,2082,137,1,95.99,95.99
3642,2083,66,1,105.26,105.26
3643,2083,35,2,118.14,236.28
3644,2083,109,2,97.53,195.06
3645,2084,13,3,105.94,317.82
3646,2085,88,1,30.63,30.63
3647,2086,72,1,90.43,90.43
3648,2086,15,1,123.75,123.75
3649,2086,140,1,66.92,66.92
3650,2087,83,1,110.09,110.09
3651,2087,92,1,107.96,107.96
3652,2088,94,2,114.63,229.26
3653,2089,24,3,30.79,92.37
3654,2090,147,3,77.95,233.85
3655,2090,98,3,98.76,296.28
3656,2091,76,1,78.32,78.32
3657,2092,38,1,97.25,97.25
3658,2092,57,1,43.25,43.25
3659,2093,10,1,115.41,115.41
3660,2094,29,2,91.23,182.46
3661,2094,52,2,81.24,162.48
3662,2094,48,1,42.1,42.1
3663,2095,91,1,72.73,72.73
3664,2095,23,1,47.63,47.63
3665,2095,19,1,69.78,69.78
3666,2096,71,1,21.91,21.91
3667,2097,121,1,92.86,92.86
3668,2098,54,1,73.69,73.69
3669,2099,65,2,94.21,188.42
3670,2100,95,2,68.19,136.38
3671,2101,66,1,105.26,105.26
3672,2101,84,1,112.96,112.96
3673,2102,64,2,63.14,126.28
3674,2103,121,1,92.86,92.86
3675,2103,32,3,135.32,405.96
3676,2103,102,1,123.35,123.35
3677,2104,101,1,160.16,160.16
3678,2104,145,1,101.8,101.8
3679,2105,34,1,167.82,167.82
3680,2106,106,1,111.49,111.49
3681,2107,76,1,78.32,78.32
3682,2107,138,1,104.13,104.13
3683,2108,100,1,63.47,63.47
3684,2108,107,1,121.33,121.33
3685,2109,88,1,30.63,30.63
3686,2110,26,2,60.62,121.24
3687,2110,138,1,104.13,104.13
3688,2111,30,3,112.19,336.57
3689,2111,26,1,60.62,60.62
3690,2111,70,3,27.52,82.56
3691,2112,50,3,24.92,74.76
3692,2113,7,2,96.04,192.08
3693,2113,26,1,60.62,60.62
3694,2114,70,2,27.52,55.04
3695,2115,52,1,81.24,81.24
3696,2116,119,2,89.03,178.06
3697,2116,50,1,24.92,24.92
3698,2116,27,1,96.2,96.2
3699,2116,10,2,115.41,230.82
3700,2117,132,2,111.89,223.78
3701,2117,77,1,69.72,69.72
3702,2117,142,2,104.52,209.04
3703,2117,13,1,105.94,105.94
3704,2118,69,1,101.23,101.23
3705,2118,141,1,33.34,33.34
3706,2119,80,2,163.07,326.14
3707,2119,123,1,90.9,90.9
3708,2119,35,1,118.14,118.14
3709,2119,12,1,108.7,108.7
3710,2120,38,1,97.25,97.25
3711,2120,79,2,90.2,180.4
3712,2120,103,1,53.36,53.36
3713,2121,45,2,106.3,212.6
3714,2121,55,1,136.68,136.68
3715,2122,134,2,115.02,230.04
3716,2123,69,2,101.23,202.46
3717,2123,53,1,34.65,34.65
3718,2124,137,1,95.99,95.99
3719,2125,102,1,123.35,123.35
3720,2126,48,1,42.1,42.1
3721,2126,107,1,121.33,121.33
3722,2127,72,1,90.43,90.43
3723,2127,83,1,110.09,110.09
3724,2127,40,1,33.35,33.35
3725,2128,76,3,78.32,234.96
3726,2129,87,1,73.76,73.76
3727,2129,109,1,97.53,97.53
3728,2129,123,1,90.9,90.9
3729,2129,72,1,90.43,90.43
3730,2130,45,1,106.3,106.3
3731,2130,72,1,90.43,90.43
3732,2131,118,3,49.84,149.52
3733,2131,55,2,136.68,273.36
3734,2131,128,3,102.12,306.36
3735,2132,100,3,63.47,190.41
3736,2133,110,2,113.16,226.32
3737,2134,9,2,31.04,62.08
3738,2134,120,2,108.5,217.0
3739,2135,39,1,159.15,159.15
3740,2135,90,1,39.66,39.66
3741,2135,148,2,135.92,271.84
3742,2136,39,1,159.15,159.15
3743,2137,62,2,41.29,82.58
3744,2138,42,1,94.67,94.67
3745,2138,66,1,105.26,105.26
3746,2139,75,1,52.19,52.19
3747,2139,72,1,90.43,90.43
3748,2140,121,1,92.86,92.86
3749,2140,129,2,82.98,165.96
3750,2141,24,2,30.79,61.58
3751,2141,13,1,105.94,105.94
3752,2142,56,3,65.84,197.52
3753,2143,140,1,66.92,66.92
3754,2143,126,1,50.25,50.25
3755,2144,10,1,115.41,115.41
3756,2144,17,1,122.66,122.66
3757,2144,59,1,93.3,93.3
3758,2145,76,1,78.32,78.32
3759,2145,51,1,38.0,38.0
3760,2146,72,1,90.43,90.43
3761,2146,85,1,94.04,94.04
3762,2147,136,3,70.88,212.64
3763,2147,101,1,160.16,160.16
3764,2148,17,1,122.66,122.66
3765,2149,57,2,43.25,86.5
3766,2150,88,1,30.63,30.63
3767,2150,40,3,33.35,100.05
3768,2150,61,3,180.83,542.49
3769,2151,10,1,115.41,115.41
3770,2152,134,3,115.02,345.06
3771,2152,122,1,74.91,74.91
3772,2152,34,1,167.82,167.82
3773,2152,43,1,42.12,42.12
3774,2153,111,2,25.05,50.1
3775,2153,102,1,123.35,123.35
3776,2154,37,1,104.19,104.19
3777,2155,43,1,42.12,42.12
3778,2156,61,3,180.83,542.49
3779,2157,121,1,92.86,92.86
3780,2157,147,1,77.95,77.95
3781,2157,125,3,99.26,297.78
3782,2158,92,1,107.96,107.96
3783,2159,19,2,69.78,139.56
3784,2160,43,2,42.12,84.24
3785,2161,32,1,135.32,135.32
3786,2162,4,1,48.57,48.57
3787,2163,122,2,74.91,149.82
3788,2163,74,1,109.3,109.3
3789,2164,138,2,104.13,208.26
3790,2164,66,1,105.26,105.26
3791,2165,115,1,114.0,114.0
3792,2166,108,1,89.12,89.12
3793,2167,30,1,112.19,112.19
3794,2168,15,1,123.75,123.75
3795,2168,83,2,110.09,220.18
3796,2169,94,3,114.63,343.89
3797,2170,35,1,118.14,118.14
3798,2171,99,1,115.68,115.68
3799,2171,138,2,104.13,208.26
3800,2172,139,2,56.23,112.46
3801,2172,49,1,61.05,61.05
3802,2173,8,2,47.18,94.36
3803,2174,56,1,65.84,65.84
3804,2174,16,2,37.81,75.62
3805,2175,27,1,96.2,96.2
3806,2175,90,1,39.66,39.66
3807,2175,106,1,111.49,111.49
3808,2176,92,1,107.96,107.96
3809,2176,11,2,113.47,226.94
3810,2177,106,1,111.49,111.49
3811,2177,45,1,106.3,106.3
3812,2178,103,1,53.36,53.36
3813,2179,16,1,37.81,37.81
3814,2180,148,1,135.92,135.92
3815,2181,52,2,81.24,162.48
3816,2181,119,1,89.03,89.03
3817,2181,62,1,41.29,41.29
3818,2182,138,2,104.13,208.26
3819,2183,38,1,97.25,97.25
3820,2183,124,3,19.86,59.58
3821,2183,77,1,69.72,69.72
3822,2184,118,1,49.84,49.84
3823,2184,69,3,101.23,303.69
3824,2185,24,1,30.79,30.79
3825,2185,143,1,50.23,50.23
3826,2186,133,1,131.41,131.41
3827,2187,75,1,52.19,52.19
3828,2188,126,1,50.25,50.25
3829,2188,16,3,37.81,113.43
3830,2188,59,1,93.3,93.3
3831,2189,54,1,73.69,73.69
3832,2189,125,3,99.26,297.78
3833,2190,94,1,114.63,114.63
3834,2191,77,1,69.72,69.72
3835,2192,37,3,104.19,312.57
3836,2192,24,1,30.79,30.79
3837,2192,116,2,99.25,198.5
3838,2193,65,1,94.21,94.21
3839,2194,111,1,25.05,25.05
3840,2195,12,3,108.7,326.1
3841,2196,123,2,90.9,181.8
3842,2197,35,1,118.14,118.14
3843,2198,54,3,73.69,221.07
3844,2198,102,1,123.35,123.35
3845,2199,79,1,90.2,90.2
3846,2199,51,1,38.0,38.0
3847,2200,52,1,81.24,81.24
3848,2201,133,2,131.41,262.82
3849,2202,49,1,61.05,61.05
3850,2202,55,2,136.68,273.36
3851,2203,35,1,118.14,118.14
3852,2204,75,1,52.19,52.19
3853,2204,121,1,92.86,92.86
3854,2205,129,2,82.98,165.96
3855,2205,92,1,107.96,107.96
3856,2205,1,1,20.32,20.32
3857,2206,98,1,98.76,98.76
3858,2207,25,2,102.53,205.06
3859,2208,57,1,43.25,43.25
3860,2208,148,3,135.92,407.76
3861,2209,42,1,94.67,94.67
3862,2209,79,2,90.2,180.4
3863,2209,135,1,113.07,113.07
3864,2210,26,1,60.62,60.62
3865,2210,142,1,104.52,104.52
3866,2211,56,2,65.84,131.68
3867,2211,143,2,50.23,100.46
3868,2212,135,1,113.07,113.07
3869,2212,63,1,111.53,111.53
3870,2212,41,1,135.53,135.53
3871,2212,56,1,65.84,65.84
3872,2213,112,1,51.13,51.13
3873,2213,92,2,107.96,215.92
3874,2214,57,1,43.25,43.25
3875,2215,118,2,49.84,99.68
3876,2215,88,1,30.63,30.63
3877,2215,57,3,43.25,129.75
3878,2216,61,1,180.83,180.83
3879,2217,70,1,27.52,27.52
3880,2218,106,1,111.49,111.49
3881,2219,70,2,27.52,55.04
3882,2220,15,2,123.75,247.5
3883,2221,1,1,20.32,20.32
3884,2222,132,3,111.89,335.67
3885,2222,15,1,123.75,123.75
3886,2223,77,2,69.72,139.44
3887,2224,71,1,21.91,21.91
3888,2224,106,2,111.49,222.98
3889,2225,101,1,160.16,160.16
3890,2226,70,3,27.52,82.56
3891,2226,55,1,136.68,136.68
3892,2227,5,2,49.7,99.4
3893,2227,73,1,70.7,70.7
3894,2228,104,1,42.67,42.67
3895,2228,12,1,108.7,108.7
3896,2228,126,1,50.25,50.25
3897,2229,133,1,131.41,131.41
3898,2229,91,1,72.73,72.73
3899,2230,80,1,163.07,163.07
3900,2230,72,2,90.43,180.86
3901,2230,57,1,43.25,43.25
3902,2231,116,1,99.25,99.25
3903,2232,57,2,43.25,86.5
3904,2232,48,2,42.1,84.2
3905,2233,107,1,121.33,121.33
3906,2234,43,1,42.12,42.12
3907,2234,115,1,114.0,114.0
3908,2235,79,1,90.2,90.2
3909,2236,41,1,135.53,135.53
3910,2236,1,2,20.32,40.64
3911,2237,102,1,123.35,123.35
3912,2238,17,2,122.66,245.32
3913,2239,144,1,141.3,141.3
3914,2239,45,1,106.3,106.3
3915,2240,95,1,68.19,68.19
3916,2241,9,1,31.04,31.04
3917,2242,101,2,160.16,320.32
3918,2242,72,1,90.43,90.43
3919,2242,12,3,108.7,326.1
3920,2242,115,3,114.0,342.0
3921,2243,128,2,102.12,204.24
3922,2244,125,1,99.26,99.26
3923,2245,3,1,29.93,29.93
3924,2245,137,1,95.99,95.99
3925,2246,25,1,102.53,102.53
3926,2246,54,2,73.69,147.38
3927,2247,139,1,56.23,56.23
3928,2248,88,1,30.63,30.63
3929,2248,119,3,89.03,267.09
3930,2249,16,1,37.81,37.81
3931,2249,115,2,114.0,228.0
3932,2250,88,2,30.63,61.26
3933,2250,63,2,111.53,223.06
3934,2250,34,1,167.82,167.82
3935,2251,23,1,47.63,47.63
3936,2252,113,1,110.24,110.24
3937,2253,101,1,160.16,160.16
3938,2254,107,1,121.33,121.33
3939,2255,42,1,94.67,94.67
3940,2255,128,1,102.12,102.12
3941,2255,14,1,153.24,153.24
3942,2255,120,1,108.5,108.5
3943,2256,37,1,104.19,104.19
3944,2256,75,1,52.19,52.19
3945,2257,137,2,95.99,191.98
3946,2258,15,1,123.75,123.75
3947,2258,119,3,89.03,267.09
3948,2259,87,1,73.76,73.76
3949,2259,45,1,106.3,106.3
3950,2259,98,2,98.76,197.52
3951,2260,108,1,89.12,89.12
3952,2261,96,2,167.08,334.16
3953,2261,110,1,113.16,113.16
3954,2262,27,1,96.2,96.2
3955,2263,28,1,32.28,32.28
3956,2264,1,2,20.32,40.64
3957,2264,127,3,56.25,168.75
3958,2264,78,1,101.79,101.79
3959,2265,40,1,33.35,33.35
3960,2265,137,1,95.99,95.99
3961,2266,115,1,114.0,114.0
3962,2267,4,1,48.57,48.57
3963,2268,146,1,135.82,135.82
3964,2269,6,1,51.08,51.08
3965,2269,122,1,74.91,74.91
3966,2269,101,3,160.16,480.48
3967,2269,67,1,36.36,36.36
3968,2270,5,1,49.7,49.7
3969,2271,75,1,52.19,52.19
3970,2271,133,1,131.41,131.41
3971,2272,51,1,38.0,38.0
3972,2272,3,1,29.93,29.93
3973,2272,48,1,42.1,42.1
3974,2272,35,3,118.14,354.42
3975,2273,68,1,25.01,25.01
3976,2274,24,1,30.79,30.79
3977,2274,3,2,29.93,59.86
3978,2274,41,2,135.53,271.06
3979,2275,112,1,51.13,51.13
3980,2276,25,2,102.53,205.06
3981,2276,62,1,41.29,41.29
3982,2277,52,1,81.24,81.24
3983,2278,103,1,53.36,53.36
3984,2278,124,1,19.86,19.86
3985,2279,80,1,163.07,163.07
3986,2279,34,3,167.82,503.46
3987,2280,13,2,105.94,211.88
3988,2280,124,1,19.86,19.86
3989,2280,120,1,108.5,108.5
3990,2281,40,1,33.35,33.35
3991,2281,27,2,96.2,192.4
3992,2282,22,1,45.93,45.93
3993,2283,91,1,72.73,72.73
3994,2284,135,1,113.07,113.07
3995,2284,41,1,135.53,135.53
3996,2285,90,1,39.66,39.66
3997,2285,145,2,101.8,203.6
3998,2285,134,2,115.02,230.04
3999,2286,61,2,180.83,361.66
4000,2286,103,1,53.36,53.36
4001,2286,139,1,56.23,56.23
4002,2287,115,2,114.0,228.0
4003,2288,89,2,23.55,47.1
4004,2288,59,1,93.3,93.3
4005,2289,112,1,51.13,51.13
4006,2289,87,3,73.76,221.28
4007,2289,16,1,37.81,37.81
4008,2289,46,1,77.71,77.71
4009,2290,44,1,180.29,180.29
4010,2291,140,1,66.92,66.92
4011,2292,80,1,163.07,163.07
4012,2292,105,1,66.0,66.0
4013,2292,19,1,69.78,69.78
4014,2293,32,1,135.32,135.32
4015,2293,130,3,92.74,278.22
4016,2294,135,1,113.07,113.07
4017,2294,58,1,65.57,65.57
4018,2294,97,2,167.71,335.42
4019,2295,111,1,25.05,25.05
4020,2295,121,1,92.86,92.86
4021,2296,107,1,121.33,121.33
4022,2296,119,3,89.03,267.09
4023,2297,83,1,110.09,110.09
4024,2297,117,1,88.88,88.88
4025,2297,88,1,30.63,30.63
4026,2298,36,2,79.89,159.78
4027,2299,118,1,49.84,49.84
4028,2299,16,1,37.81,37.81
4029,2299,139,1,56.23,56.23
4030,2300,136,2,70.88,141.76
4031,2301,107,1,121.33,121.33
4032,2302,21,1,36.73,36.73
4033,2302,55,1,136.68,136.68
4034,2303,95,2,68.19,136.38
4035,2304,8,2,47.18,94.36
4036,2304,145,1,101.8,101.8
4037,2305,123,1,90.9,90.9
4038,2306,19,3,69.78,209.34
4039,2306,85,2,94.04,188.08
4040,2306,34,1,167.82,167.82
4041,2307,97,1,167.71,167.71
4042,2308,114,1,93.96,93.96
4043,2308,147,1,77.95,77.95
4044,2308,113,1,110.24,110.24
4045,2309,33,1,47.02,47.02
4046,2310,139,1,56.23,56.23
4047,2311,117,1,88.88,88.88
4048,2311,37,2,104.19,208.38
4049,2311,96,2,167.08,334.16
4050,2311,135,1,113.07,113.07
4051,2312,108,1,89.12,89.12
4052,2312,6,3,51.08,153.24
4053,2313,53,1,34.65,34.65
4054,2314,88,2,30.63,61.26
4055,2314,40,1,33.35,33.35
4056,2315,108,1,89.12,89.12
4057,2316,63,1,111.53,111.53
4058,2317,20,2,43.77,87.54
4059,2318,69,1,101.23,101.23
4060,2319,147,2,77.95,155.9
4061,2319,89,2,23.55,47.1
4062,2320,79,3,90.2,270.6
4063,2320,30,1,112.19,112.19
4064,2321,115,2,114.0,228.0
4065,2321,19,2,69.78,139.56
4066,2321,45,1,106.3,106.3
4067,2321,1,1,20.32,20.32
4068,2322,101,1,160.16,160.16
4069,2322,138,3,104.13,312.39
4070,2322,114,1,93.96,93.96
4071,2323,37,1,104.19,104.19
4072,2324,121,2,92.86,185.72
4073,2325,58,1,65.57,65.57
4074,2325,39,3,159.15,477.45
4075,2325,55,2,136.68,273.36
4076,2326,142,1,104.52,104.52
4077,2327,81,1,48.07,48.07
4078,2328,144,1,141.3,141.3
4079,2328,82,2,126.68,253.36
4080,2329,55,1,136.68,136.68
4081,2330,6,3,51.08,153.24
4082,2330,86,1,94.49,94.49
4083,2330,11,1,113.47,113.47
4084,2331,113,1,110.24,110.24
4085,2332,144,1,141.3,141.3
4086,2332,44,3,180.29,540.87
4087,2333,86,1,94.49,94.49
4088,2333,62,1,41.29,41.29
4089,2333,108,1,89.12,89.12
4090,2334,95,1,68.19,68.19
4091,2335,138,2,104.13,208.26
4092,2335,26,1,60.62,60.62
4093,2336,116,3,99.25,297.75
4094,2336,109,1,97.53,97.53
4095,2337,18,1,104.51,104.51
4096,2337,92,3,107.96,323.88
4097,2338,137,1,95.99,95.99
4098,2338,26,1,60.62,60.62
4099,2338,19,1,69.78,69.78
4100,2338,147,3,77.95,233.85
4101,2339,24,1,30.79,30.79
4102,2339,46,2,77.71,155.42
4103,2340,138,1,104.13,104.13
4104,2341,42,1,94.67,94.67
4105,2341,10,1,115.41,115.41
4106,2341,7,1,96.04,96.04
4107,2342,125,1,99.26,99.26
4108,2342,11,1,113.47,113.47
4109,2343,113,1,110.24,110.24
4110,2343,83,3,110.09,330.27
4111,2343,77,2,69.72,139.44
4112,2343,134,1,115.02,115.02
4113,2344,16,1,37.81,37.81
4114,2345,7,1,96.04,96.04
4115,2345,57,1,43.25,43.25
4116,2346,87,1,73.76,73.76
4117,2346,79,1,90.2,90.2
4118,2346,18,1,104.51,104.51
4119,2347,25,1,102.53,102.53
4120,2347,115,1,114.0,114.0
4121,2348,7,1,96.04,96.04
4122,2349,44,1,180.29,180.29
4123,2350,81,1,48.07,48.07
4124,2350,69,1,101.23,101.23
4125,2351,73,1,70.7,70.7
4126,2351,97,1,167.71,167.71
4127,2351,118,3,49.84,149.52
4128,2351,115,3,114.0,342.0
4129,2352,67,2,36.36,72.72
4130,2352,29,1,91.23,91.23
4131,2353,38,1,97.25,97.25
4132,2354,46,1,77.71,77.71
4133,2354,129,1,82.98,82.98
4134,2355,107,2,121.33,242.66
4135,2356,67,1,36.36,36.36
4136,2356,98,2,98.76,197.52
4137,2357,44,3,180.29,540.87
4138,2358,114,1,93.96,93.96
4139,2358,64,1,63.14,63.14
4140,2358,83,1,110.09,110.09
4141,2358,137,1,95.99,95.99
4142,2359,144,1,141.3,141.3
4143,2359,131,2,156.36,312.72
4144,2359,69,2,101.23,202.46
4145,2360,56,1,65.84,65.84
4146,2360,103,1,53.36,53.36
4147,2360,49,2,61.05,122.1
4148,2361,20,1,43.77,43.77
4149,2362,38,1,97.25,97.25
4150,2362,130,1,92.74,92.74
4151,2363,21,1,36.73,36.73
4152,2363,46,2,77.71,155.42
4153,2363,70,1,27.52,27.52
4154,2364,108,3,89.12,267.36
4155,2365,96,2,167.08,334.16
4156,2366,114,1,93.96,93.96
4157,2366,113,1,110.24,110.24
4158,2367,134,1,115.02,115.02
4159,2367,78,1,101.79,101.79
4160,2368,4,3,48.57,145.71
4161,2369,22,3,45.93,137.79
4162,2370,59,1,93.3,93.3
4163,2370,108,2,89.12,178.24
4164,2370,103,1,53.36,53.36
4165,2371,113,3,110.24,330.72
4166,2372,140,3,66.92,200.76
4167,2372,23,1,47.63,47.63
4168,2373,65,1,94.21,94.21
4169,2373,99,2,115.68,231.36
4170,2373,45,1,106.3,106.3
4171,2373,106,1,111.49,111.49
4172,2374,143,2,50.23,100.46
4173,2375,78,1,101.79,101.79
4174,2375,19,1,69.78,69.78
4175,2375,32,2,135.32,270.64
4176,2376,113,1,110.24,110.24
4177,2376,112,1,51.13,51.13
4178,2376,14,1,153.24,153.24
4179,2377,32,1,135.32,135.32
4180,2377,37,1,104.19,104.19
4181,2377,46,1,77.71,77.71
4182,2378,66,1,105.26,105.26
4183,2379,17,1,122.66,122.66
4184,2379,147,2,77.95,155.9
4185,2380,92,1,107.96,107.96
4186,2381,61,3,180.83,542.49
4187,2382,58,1,65.57,65.57
4188,2383,101,2,160.16,320.32
4189,2383,110,1,113.16,113.16
4190,2384,17,2,122.66,245.32
4191,2385,10,1,115.41,115.41
4192,2386,116,1,99.25,99.25
4193,2387,21,1,36.73,36.73
4194,2387,38,1,97.25,97.25
4195,2388,76,1,78.32,78.32
4196,2388,145,1,101.8,101.8
4197,2388,41,1,135.53,135.53
4198,2389,86,1,94.49,94.49
4199,2389,82,1,126.68,126.68
4200,2389,106,2,111.49,222.98
4201,2389,73,2,70.7,141.4
4202,2390,118,1,49.84,49.84
4203,2390,54,2,73.69,147.38
4204,2391,14,3,153.24,459.72
4205,2392,55,1,136.68,136.68
4206,2392,107,1,121.33,121.33
4207,2393,54,1,73.69,73.69
4208,2393,53,1,34.65,34.65
4209,2394,79,1,90.2,90.2
4210,2394,95,1,68.19,68.19
4211,2394,139,1,56.23,56.23
4212,2395,79,1,90.2,90.2
4213,2395,2,1,127.2,127.2
4214,2395,111,1,25.05,25.05
4215,2396,61,1,180.83,180.83
4216,2396,9,1,31.04,31.04
4217,2397,20,2,43.77,87.54
4218,2398,44,1,180.29,180.29
4219,2399,81,1,48.07,48.07
4220,2400,67,2,36.36,72.72
4221,2401,75,2,52.19,104.38
4222,2401,125,1,99.26,99.26
4223,2401,67,2,36.36,72.72
4224,2402,135,2,113.07,226.14
4225,2402,71,1,21.91,21.91
4226,2403,23,1,47.63,47.63
4227,2404,122,2,74.91,149.82
4228,2404,143,1,50.23,50.23
4229,2404,108,1,89.12,89.12
4230,2405,35,1,118.14,118.14
4231,2406,109,1,97.53,97.53
4232,2407,117,1,88.88,88.88
4233,2408,108,1,89.12,89.12
4234,2408,6,1,51.08,51.08
4235,2409,57,1,43.25,43.25
4236,2409,59,1,93.3,93.3
4237,2410,30,3,112.19,336.57
4238,2410,69,2,101.23,202.46
4239,2411,74,1,109.3,109.3
4240,2412,24,3,30.79,92.37
4241,2412,30,1,112.19,112.19
4242,2413,9,2,31.04,62.08
4243,2413,60,2,34.01,68.02
4244,2413,112,1,51.13,51.13
4245,2414,104,1,42.67,42.67
4246,2414,98,2,98.76,197.52
4247,2414,55,2,136.68,273.36
4248,2414,86,2,94.49,188.98
4249,2415,19,3,69.78,209.34
4250,2416,64,2,63.14,126.28
4251,2417,28,2,32.28,64.56
4252,2418,40,1,33.35,33.35
4253,2419,64,2,63.14,126.28
4254,2419,54,3,73.69,221.07
4255,2419,62,1,41.29,41.29
4256,2420,67,1,36.36,36.36
4257,2420,17,1,122.66,122.66
4258,2421,84,1,112.96,112.96
4259,2421,9,1,31.04,31.04
4260,2421,118,1,49.84,49.84
4261,2422,42,2,94.67,189.34
4262,2423,8,3,47.18,141.54
4263,2423,78,1,101.79,101.79
4264,2423,59,1,93.3,93.3
4265,2423,50,1,24.92,24.92
4266,2424,34,1,167.82,167.82
4267,2424,115,3,114.0,342.0
4268,2424,16,1,37.81,37.81
4269,2425,74,2,109.3,218.6
4270,2425,38,1,97.25,97.25
4271,2425,126,1,50.25,50.25
4272,2426,44,2,180.29,360.58
4273,2427,56,1,65.84,65.84
4274,2428,80,1,163.07,163.07
4275,2429,8,1,47.18,47.18
4276,2430,5,1,49.7,49.7
4277,2430,37,1,104.19,104.19
4278,2430,22,1,45.93,45.93
4279,2431,95,1,68.19,68.19
4280,2431,51,2,38.0,76.0
4281,2431,131,1,156.36,156.36
4282,2432,102,1,123.35,123.35
4283,2433,105,1,66.0,66.0
4284,2434,31,1,85.02,85.02
4285,2434,99,1,115.68,115.68
4286,2434,83,3,110.09,330.27
4287,2435,143,3,50.23,150.69
4288,2436,61,1,180.83,180.83
4289,2436,19,1,69.78,69.78
4290,2437,42,2,94.67,189.34
4291,2437,52,1,81.24,81.24
4292,2438,27,1,96.2,96.2
4293,2439,90,1,39.66,39.66
4294,2440,129,1,82.98,82.98
4295,2441,100,2,63.47,126.94
4296,2442,24,2,30.79,61.58
4297,2443,148,3,135.92,407.76
4298,2443,138,1,104.13,104.13
4299,2443,76,1,78.32,78.32
4300,2444,82,3,126.68,380.04
4301,2445,26,3,60.62,181.86
4302,2446,103,1,53.36,53.36
4303,2447,8,1,47.18,47.18
4304,2448,113,2,110.24,220.48
4305,2448,14,2,153.24,306.48
4306,2449,35,1,118.14,118.14
4307,2449,87,1,73.76,73.76
4308,2449,5,1,49.7,49.7
4309,2449,24,1,30.79,30.79
4310,2450,42,1,94.67,94.67
4311,2451,119,1,89.03,89.03
4312,2451,111,2,25.05,50.1
4313,2452,129,1,82.98,82.98
4314,2453,57,1,43.25,43.25
4315,2453,15,2,123.75,247.5
4316,2454,139,1,56.23,56.23
4317,2454,63,1,111.53,111.53
4318,2455,145,1,101.8,101.8
4319,2455,7,1,96.04,96.04
4320,2456,64,1,63.14,63.14
4321,2456,136,1,70.88,70.88
4322,2456,91,3,72.73,218.19
4323,2457,101,2,160.16,320.32
4324,2457,93,1,56.41,56.41
4325,2458,44,1,180.29,180.29
4326,2459,44,2,180.29,360.58
4327,2460,109,1,97.53,97.53
4328,2461,113,3,110.24,330.72
4329,2462,43,2,42.12,84.24
4330,2463,129,3,82.98,248.94
4331,2464,145,2,101.8,203.6
4332,2464,37,1,104.19,104.19
4333,2465,72,1,90.43,90.43
4334,2466,94,3,114.63,343.89
4335,2466,1,1,20.32,20.32
4336,2467,104,2,42.67,85.34
4337,2467,77,1,69.72,69.72
4338,2467,56,1,65.84,65.84
4339,2468,43,1,42.12,42.12
4340,2469,25,2,102.53,205.06
4341,2470,24,1,30.79,30.79
4342,2471,111,1,25.05,25.05
4343,2472,138,1,104.13,104.13
4344,2472,51,1,38.0,38.0
4345,2473,117,1,88.88,88.88
4346,2474,23,1,47.63,47.63
4347,2475,125,1,99.26,99.26
4348,2476,61,2,180.83,361.66
4349,2477,13,1,105.94,105.94
4350,2477,104,3,42.67,128.01
4351,2478,124,1,19.86,19.86
4352,2478,3,1,29.93,29.93
4353,2478,100,1,63.47,63.47
4354,2479,39,2,159.15,318.3
4355,2480,54,1,73.69,73.69
4356,2481,101,1,160.16,160.16
4357,2481,108,2,89.12,178.24
4358,2481,124,2,19.86,39.72
4359,2482,140,1,66.92,66.92
4360,2482,14,1,153.24,153.24
4361,2482,132,1,111.89,111.89
4362,2483,106,3,111.49,334.47
4363,2484,12,2,108.7,217.4
4364,2485,65,1,94.21,94.21
4365,2485,42,1,94.67,94.67
4366,2485,57,1,43.25,43.25
4367,2486,72,2,90.43,180.86
4368,2486,56,2,65.84,131.68
4369,2487,132,1,111.89,111.89
4370,2488,47,3,44.74,134.22
4371,2488,143,1,50.23,50.23
4372,2489,92,2,107.96,215.92
4373,2489,107,1,121.33,121.33
4374,2490,63,1,111.53,111.53
4375,2490,111,3,25.05,75.15
4376,2490,41,1,135.53,135.53
4377,2490,82,3,126.68,380.04
4378,2491,58,1,65.57,65.57
4379,2492,146,1,135.82,135.82
4380,2492,80,2,163.07,326.14
4381,2492,67,1,36.36,36.36
4382,2493,21,3,36.73,110.19
4383,2493,128,1,102.12,102.12
4384,2494,20,1,43.77,43.77
4385,2494,102,2,123.35,246.7
4386,2494,136,1,70.88,70.88
4387,2495,30,2,112.19,224.38
4388,2496,40,1,33.35,33.35
4389,2496,78,2,101.79,203.58
4390,2497,68,1,25.01,25.01
4391,2498,23,1,47.63,47.63
4392,2499,143,1,50.23,50.23
4393,2499,85,1,94.04,94.04
4394,2500,42,2,94.67,189.34
4395,2501,103,1,53.36,53.36
4396,2502,97,1,167.71,167.71
4397,2502,123,1,90.9,90.9
4398,2503,148,1,135.92,135.92
4399,2504,104,1,42.67,42.67
4400,2505,106,1,111.49,111.49
4401,2505,42,1,94.67,94.67
4402,2505,147,1,77.95,77.95
4403,2506,59,1,93.3,93.3
4404,2506,148,2,135.92,271.84
4405,2507,86,1,94.49,94.49
4406,2507,115,1,114.0,114.0
4407,2508,117,1,88.88,88.88
4408,2509,53,1,34.65,34.65
4409,2510,17,1,122.66,122.66
4410,2511,7,1,96.04,96.04
4411,2512,107,1,121.33,121.33
4412,2513,39,1,159.15,159.15
4413,2514,118,3,49.84,149.52
4414,2515,95,1,68.19,68.19
4415,2515,108,1,89.12,89.12
4416,2516,145,2,101.8,203.6
4417,2517,71,1,21.91,21.91
4418,2518,130,3,92.74,278.22
4419,2518,121,1,92.86,92.86
4420,2518,140,1,66.92,66.92
4421,2519,142,1,104.52,104.52
4422,2520,56,1,65.84,65.84
4423,2520,40,3,33.35,100.05
4424,2520,49,1,61.05,61.05
4425,2520,85,1,94.04,94.04
4426,2521,82,1,126.68,126.68
4427,2522,136,1,70.88,70.88
4428,2522,95,1,68.19,68.19
4429,2523,85,1,94.04,94.04
4430,2524,139,1,56.23,56.23
4431,2525,30,1,112.19,112.19
4432,2525,104,1,42.67,42.67
4433,2526,137,1,95.99,95.99
4434,2527,63,1,111.53,111.53
4435,2528,22,1,45.93,45.93
4436,2529,2,1,127.2,127.2
4437,2529,67,1,36.36,36.36
4438,2529,68,1,25.01,25.01
4439,2529,138,1,104.13,104.13
4440,2530,148,1,135.92,135.92
4441,2531,145,1,101.8,101.8
4442,2531,76,1,78.32,78.32
4443,2532,12,1,108.7,108.7
4444,2532,65,1,94.21,94.21
4445,2533,136,1,70.88,70.88
4446,2534,128,1,102.12,102.12
4447,2534,2,1,127.2,127.2
4448,2535,37,1,104.19,104.19
4449,2535,96,1,167.08,167.08
4450,2535,55,3,136.68,410.04
4451,2536,17,3,122.66,367.98
4452,2537,39,1,159.15,159.15
4453,2538,79,1,90.2,90.2
4454,2538,136,1,70.88,70.88
4455,2538,19,1,69.78,69.78
4456,2539,36,1,79.89,79.89
4457,2539,90,2,39.66,79.32
4458,2539,8,1,47.18,47.18
4459,2540,81,1,48.07,48.07
4460,2541,61,3,180.83,542.49
4461,2542,117,1,88.88,88.88
4462,2543,83,1,110.09,110.09
4463,2543,68,1,25.01,25.01
4464,2543,105,3,66.0,198.0
4465,2544,11,1,113.47,113.47
4466,2544,124,1,19.86,19.86
4467,2545,30,2,112.19,224.38
4468,2545,54,1,73.69,73.69
4469,2546,30,1,112.19,112.19
4470,2547,36,2,79.89,159.78
4471,2547,120,1,108.5,108.5
4472,2547,109,1,97.53,97.53
4473,2547,106,1,111.49,111.49
4474,2548,8,1,47.18,47.18
4475,2549,9,1,31.04,31.04
4476,2549,43,1,42.12,42.12
4477,2549,140,1,66.92,66.92
4478,2550,76,1,78.32,78.32
4479,2551,107,1,121.33,121.33
4480,2552,82,1,126.68,126.68
4481,2553,38,1,97.25,97.25
4482,2553,85,2,94.04,188.08
4483,2553,72,1,90.43,90.43
4484,2553,70,1,27.52,27.52
4485,2554,55,1,136.68,136.68
4486,2555,97,1,167.71,167.71
4487,2556,100,1,63.47,63.47
4488,2556,84,1,112.96,112.96
4489,2557,9,3,31.04,93.12
4490,2557,10,3,115.41,346.23
4491,2558,90,1,39.66,39.66
4492,2559,7,1,96.04,96.04
4493,2560,128,3,102.12,306.36
4494,2560,32,1,135.32,135.32
4495,2560,89,1,23.55,23.55
4496,2561,53,3,34.65,103.95
4497,2561,87,1,73.76,73.76
4498,2562,103,1,53.36,53.36
4499,2562,74,1,109.3,109.3
4500,2562,33,3,47.02,141.06
4501,2563,87,1,73.76,73.76
4502,2564,53,2,34.65,69.3
4503,2565,47,1,44.74,44.74
4504,2566,113,2,110.24,220.48
4505,2566,12,1,108.7,108.7
4506,2567,139,1,56.23,56.23
4507,2567,146,1,135.82,135.82
4508,2567,78,1,101.79,101.79
4509,2567,11,1,113.47,113.47
4510,2568,117,1,88.88,88.88
4511,2568,24,1,30.79,30.79
4512,2569,47,1,44.74,44.74
4513,2569,106,2,111.49,222.98
4514,2570,95,1,68.19,68.19
4515,2570,85,2,94.04,188.08
4516,2571,100,2,63.47,126.94
4517,2572,2,2,127.2,254.4
4518,2573,44,1,180.29,180.29
4519,2573,87,1,73.76,73.76
4520,2573,4,1,48.57,48.57
4521,2574,50,1,24.92,24.92
4522,2575,84,3,112.96,338.88
4523,2576,49,1,61.05,61.05
4524,2577,27,1,96.2,96.2
4525,2577,94,2,114.63,229.26
4526,2578,6,3,51.08,153.24
4527,2578,12,1,108.7,108.7
4528,2578,100,2,63.47,126.94
4529,2578,57,3,43.25,129.75
4530,2579,64,1,63.14,63.14
4531,2579,72,1,90.43,90.43
4532,2580,113,1,110.24,110.24
4533,2580,43,1,42.12,42.12
4534,2580,108,1,89.12,89.12
4535,2581,6,1,51.08,51.08
4536,2582,109,1,97.53,97.53
4537,2582,96,1,167.08,167.08
4538,2582,31,2,85.02,170.04
4539,2582,74,2,109.3,218.6
4540,2583,117,1,88.88,88.88
4541,2584,4,1,48.57,48.57
4542,2585,133,1,131.41,131.41
4543,2585,35,1,118.14,118.14
4544,2585,46,3,77.71,233.13
4545,2586,98,1,98.76,98.76
4546,2587,42,2,94.67,189.34
4547,2588,125,1,99.26,99.26
4548,2589,42,2,94.67,189.34
4549,2590,37,1,104.19,104.19
4550,2591,115,1,114.0,114.0
4551,2591,13,3,105.94,317.82
4552,2592,85,1,94.04,94.04
4553,2592,142,1,104.52,104.52
4554,2593,10,1,115.41,115.41
4555,2593,84,1,112.96,112.96
4556,2594,31,2,85.02,170.04
4557,2594,40,2,33.35,66.7
4558,2595,88,1,30.63,30.63
4559,2595,148,1,135.92,135.92
4560,2596,56,1,65.84,65.84
4561,2596,13,1,105.94,105.94
4562,2597,134,3,115.02,345.06
4563,2598,38,1,97.25,97.25
4564,2598,128,2,102.12,204.24
4565,2598,103,1,53.36,53.36
4566,2599,95,3,68.19,204.57
4567,2600,99,1,115.68,115.68
4568,2600,145,1,101.8,101.8
4569,2600,39,2,159.15,318.3
4570,2601,119,3,89.03,267.09
4571,2602,26,1,60.62,60.62
4572,2602,69,3,101.23,303.69
4573,2602,22,1,45.93,45.93
4574,2603,120,1,108.5,108.5
4575,2604,4,1,48.57,48.57
4576,2604,128,2,102.12,204.24
4577,2605,72,3,90.43,271.29
4578,2606,18,1,104.51,104.51
4579,2607,40,1,33.35,33.35
4580,2607,140,2,66.92,133.84
4581,2607,102,3,123.35,370.05
4582,2607,43,2,42.12,84.24
4583,2608,39,3,159.15,477.45
4584,2609,52,2,81.24,162.48
4585,2609,93,2,56.41,112.82
4586,2610,33,1,47.02,47.02
4587,2610,83,1,110.09,110.09
4588,2611,50,2,24.92,49.84
4589,2612,120,1,108.5,108.5
4590,2613,75,2,52.19,104.38
4591,2614,58,1,65.57,65.57
4592,2614,55,1,136.68,136.68
4593,2615,107,2,121.33,242.66
4594,2616,95,1,68.19,68.19
4595,2616,73,2,70.7,141.4
4596,2617,133,1,131.41,131.41
4597,2618,26,1,60.62,60.62
4598,2618,7,2,96.04,192.08
4599,2618,37,1,104.19,104.19
4600,2618,63,3,111.53,334.59
4601,2619,55,1,136.68,136.68
4602,2620,69,1,101.23,101.23
4603,2621,22,1,45.93,45.93
4604,2621,148,1,135.92,135.92
4605,2622,91,1,72.73,72.73
4606,2623,23,1,47.63,47.63
4607,2623,77,1,69.72,69.72
4608,2623,118,2,49.84,99.68
4609,2623,146,1,135.82,135.82
4610,2624,113,3,110.24,330.72
4611,2624,121,1,92.86,92.86
4612,2625,131,2,156.36,312.72
4613,2626,31,1,85.02,85.02
4614,2626,36,1,79.89,79.89
4615,2626,81,1,48.07,48.07
4616,2627,9,2,31.04,62.08
4617,2628,38,1,97.25,97.25
4618,2629,18,1,104.51,104.51
4619,2630,42,1,94.67,94.67
4620,2630,93,3,56.41,169.23
4621,2630,130,1,92.74,92.74
4622,2630,61,3,180.83,542.49
4623,2631,107,2,121.33,242.66
4624,2632,115,1,114.0,114.0
4625,2633,144,1,141.3,141.3
4626,2634,61,2,180.83,361.66
4627,2635,12,1,108.7,108.7
4628,2636,77,1,69.72,69.72
4629,2637,130,1,92.74,92.74
4630,2637,42,1,94.67,94.67
4631,2638,135,1,113.07,113.07
4632,2639,25,2,102.53,205.06
4633,2640,139,2,56.23,112.46
4634,2641,16,3,37.81,113.43
4635,2642,32,1,135.32,135.32
4636,2643,67,2,36.36,72.72
4637,2643,133,3,131.41,394.23
4638,2643,97,1,167.71,167.71
4639,2644,96,1,167.08,167.08
4640,2645,34,1,167.82,167.82
4641,2645,18,2,104.51,209.02
4642,2646,43,1,42.12,42.12
4643,2646,119,3,89.03,267.09
4644,2647,17,2,122.66,245.32
4645,2647,27,3,96.2,288.6
4646,2648,24,2,30.79,61.58
4647,2648,45,3,106.3,318.9
4648,2649,73,1,70.7,70.7
4649,2650,35,1,118.14,118.14
4650,2651,78,1,101.79,101.79
4651,2652,33,3,47.02,141.06
4652,2652,1,1,20.32,20.32
4653,2653,70,1,27.52,27.52
4654,2653,41,1,135.53,135.53
4655,2653,108,1,89.12,89.12
4656,2653,47,1,44.74,44.74
4657,2654,119,3,89.03,267.09
4658,2655,51,1,38.0,38.0
4659,2655,8,1,47.18,47.18
4660,2655,44,2,180.29,360.58
4661,2656,95,1,68.19,68.19
4662,2656,81,1,48.07,48.07
4663,2657,10,1,115.41,115.41
4664,2658,114,1,93.96,93.96
4665,2658,143,1,50.23,50.23
4666,2658,44,1,180.29,180.29
4667,2659,69,2,101.23,202.46
4668,2660,81,3,48.07,144.21
4669,2660,48,3,42.1,126.3
4670,2661,132,1,111.89,111.89
4671,2661,47,1,44.74,44.74
4672,2661,68,1,25.01,25.01
4673,2662,100,1,63.47,63.47
4674,2662,99,1,115.68,115.68
4675,2662,65,2,94.21,188.42
4676,2662,86,2,94.49,188.98
4677,2663,124,1,19.86,19.86
4678,2663,107,1,121.33,121.33
4679,2663,144,1,141.3,141.3
4680,2663,17,1,122.66,122.66
4681,2664,66,1,105.26,105.26
4682,2665,58,1,65.57,65.57
4683,2665,59,3,93.3,279.9
4684,2665,65,3,94.21,282.63
4685,2666,125,2,99.26,198.52
4686,2666,81,1,48.07,48.07
4687,2667,68,1,25.01,25.01
4688,2667,58,3,65.57,196.71
4689,2668,144,1,141.3,141.3
4690,2669,8,2,47.18,94.36
4691,2670,107,2,121.33,242.66
4692,2671,147,1,77.95,77.95
4693,2672,12,1,108.7,108.7
4694,2672,85,1,94.04,94.04
4695,2672,89,3,23.55,70.65
4696,2672,136,1,70.88,70.88
4697,2673,24,1,30.79,30.79
4698,2673,129,1,82.98,82.98
4699,2674,61,2,180.83,361.66
4700,2674,84,1,112.96,112.96
4701,2674,133,1,131.41,131.41
4702,2675,140,2,66.92,133.84
4703,2676,28,1,32.28,32.28
4704,2676,75,2,52.19,104.38
4705,2677,33,3,47.02,141.06
4706,2678,80,1,163.07,163.07
4707,2679,39,1,159.15,159.15
4708,2680,96,1,167.08,167.08
4709,2680,84,1,112.96,112.96
4710,2680,2,1,127.2,127.2
4711,2681,70,1,27.52,27.52
4712,2682,87,1,73.76,73.76
4713,2682,38,2,97.25,194.5
4714,2682,61,1,180.83,180.83
4715,2683,103,1,53.36,53.36
4716,2683,67,2,36.36,72.72
4717,2684,36,1,79.89,79.89
4718,2684,3,1,29.93,29.93
4719,2684,1,1,20.32,20.32
4720,2685,109,3,97.53,292.59
4721,2685,135,1,113.07,113.07
4722,2685,5,1,49.7,49.7
4723,2686,21,2,36.73,73.46
4724,2686,136,2,70.88,141.76
4725,2687,139,1,56.23,56.23
4726,2687,126,1,50.25,50.25
4727,2687,74,1,109.3,109.3
4728,2688,99,1,115.68,115.68
4729,2689,34,1,167.82,167.82
4730,2690,117,1,88.88,88.88
4731,2690,93,2,56.41,112.82
4732,2691,87,1,73.76,73.76
4733,2692,86,1,94.49,94.49
4734,2692,27,3,96.2,288.6
4735,2692,96,1,167.08,167.08
4736,2693,19,3,69.78,209.34
4737,2693,62,1,41.29,41.29
4738,2694,86,1,94.49,94.49
4739,2695,41,1,135.53,135.53
4740,2696,119,3,89.03,267.09
4741,2696,42,1,94.67,94.67
4742,2697,5,1,49.7,49.7
4743,2697,124,1,19.86,19.86
4744,2698,108,1,89.12,89.12
4745,2698,17,1,122.66,122.66
4746,2699,92,1,107.96,107.96
4747,2699,104,1,42.67,42.67
4748,2700,21,1,36.73,36.73
4749,2701,68,2,25.01,50.02
4750,2702,132,1,111.89,111.89
4751,2702,97,2,167.71,335.42
4752,2703,60,1,34.01,34.01
4753,2703,144,1,141.3,141.3
4754,2704,122,1,74.91,74.91
4755,2704,48,2,42.1,84.2
4756,2705,22,3,45.93,137.79
4757,2705,136,1,70.88,70.88
4758,2706,40,2,33.35,66.7
4759,2706,55,1,136.68,136.68
4760,2707,50,2,24.92,49.84
4761,2707,8,1,47.18,47.18
4762,2708,71,1,21.91,21.91
4763,2709,117,2,88.88,177.76
4764,2709,143,2,50.23,100.46
4765,2710,105,1,66.0,66.0
4766,2710,1,1,20.32,20.32
4767,2711,27,1,96.2,96.2
4768,2712,13,1,105.94,105.94
4769,2713,2,1,127.2,127.2
4770,2713,13,1,105.94,105.94
4771,2714,36,2,79.89,159.78
4772,2714,20,1,43.77,43.77
4773,2715,60,2,34.01,68.02
4774,2715,68,1,25.01,25.01
4775,2715,64,1,63.14,63.14
4776,2716,43,1,42.12,42.12
4777,2717,111,2,25.05,50.1
4778,2718,86,1,94.49,94.49
4779,2718,109,1,97.53,97.53
4780,2719,18,1,104.51,104.51
4781,2719,130,2,92.74,185.48
4782,2719,138,1,104.13,104.13
4783,2719,94,3,114.63,343.89
4784,2720,89,1,23.55,23.55
4785,2720,146,1,135.82,135.82
4786,2721,97,2,167.71,335.42
4787,2722,114,3,93.96,281.88
4788,2723,58,3,65.57,196.71
4789,2723,31,1,85.02,85.02
4790,2723,78,1,101.79,101.79
4791,2723,9,2,31.04,62.08
4792,2724,148,2,135.92,271.84
4793,2724,97,1,167.71,167.71
4794,2725,4,3,48.57,145.71
4795,2726,140,2,66.92,133.84
4796,2727,29,1,91.23,91.23
4797,2727,126,2,50.25,100.5
4798,2728,43,1,42.12,42.12
4799,2729,50,1,24.92,24.92
4800,2730,140,1,66.92,66.92
4801,2730,131,2,156.36,312.72
4802,2730,84,2,112.96,225.92
4803,2731,32,1,135.32,135.32
4804,2731,60,2,34.01,68.02
4805,2731,81,1,48.07,48.07
4806,2732,27,1,96.2,96.2
4807,2733,94,2,114.63,229.26
4808,2734,70,1,27.52,27.52
4809,2735,63,2,111.53,223.06
4810,2735,111,1,25.05,25.05
4811,2735,60,1,34.01,34.01
4812,2736,51,1,38.0,38.0
4813,2736,140,2,66.92,133.84
4814,2736,44,1,180.29,180.29
4815,2737,47,2,44.74,89.48
4816,2738,35,1,118.14,118.14
4817,2739,116,1,99.25,99.25
4818,2739,81,1,48.07,48.07
4819,2740,22,1,45.93,45.93
4820,2740,75,1,52.19,52.19
4821,2741,9,1,31.04,31.04
4822,2742,9,1,31.04,31.04
4823,2742,68,1,25.01,25.01
4824,2743,42,1,94.67,94.67
4825,2744,133,1,131.41,131.41
4826,2745,33,1,47.02,47.02
4827,2745,101,1,160.16,160.16
4828,2746,100,1,63.47,63.47
4829,2746,60,1,34.01,34.01
4830,2747,50,2,24.92,49.84
4831,2748,65,1,94.21,94.21
4832,2749,79,1,90.2,90.2
4833,2750,120,1,108.5,108.5
4834,2750,105,2,66.0,132.0
4835,2751,31,2,85.02,170.04
4836,2752,95,1,68.19,68.19
4837,2753,143,2,50.23,100.46
4838,2753,66,1,105.26,105.26
4839,2754,143,1,50.23,50.23
4840,2755,127,1,56.25,56.25
4841,2756,48,1,42.1,42.1
4842,2757,19,1,69.78,69.78
4843,2758,119,3,89.03,267.09
4844,2758,81,1,48.07,48.07
4845,2759,127,1,56.25,56.25
4846,2759,147,1,77.95,77.95
4847,2760,97,3,167.71,503.13
4848,2760,64,1,63.14,63.14
4849,2761,39,1,159.15,159.15
4850,2761,2,1,127.2,127.2
4851,2762,16,3,37.81,113.43
4852,2762,140,1,66.92,66.92
4853,2762,122,3,74.91,224.73
4854,2763,127,1,56.25,56.25
4855,2763,32,1,135.32,135.32
4856,2764,63,1,111.53,111.53
4857,2765,82,2,126.68,253.36
4858,2765,49,1,61.05,61.05
4859,2766,83,1,110.09,110.09
4860,2767,42,1,94.67,94.67
4861,2768,108,1,89.12,89.12
4862,2768,136,1,70.88,70.88
4863,2769,64,1,63.14,63.14
4864,2769,126,3,50.25,150.75
4865,2770,92,1,107.96,107.96
4866,2771,39,1,159.15,159.15
4867,2772,106,1,111.49,111.49
4868,2773,127,1,56.25,56.25
4869,2774,89,3,23.55,70.65
4870,2774,79,2,90.2,180.4
4871,2775,17,1,122.66,122.66
4872,2776,108,3,89.12,267.36
4873,2777,39,1,159.15,159.15
4874,2777,28,1,32.28,32.28
4875,2777,1,1,20.32,20.32
4876,2778,3,1,29.93,29.93
4877,2779,17,3,122.66,367.98
4878,2779,67,1,36.36,36.36
4879,2780,32,1,135.32,135.32
4880,2781,76,1,78.32,78.32
4881,2781,107,1,121.33,121.33
4882,2782,84,1,112.96,112.96
4883,2783,23,1,47.63,47.63
4884,2784,3,1,29.93,29.93
4885,2785,7,1,96.04,96.04
4886,2785,53,1,34.65,34.65
4887,2786,48,3,42.1,126.3
4888,2787,77,3,69.72,209.16
4889,2787,18,1,104.51,104.51
4890,2788,10,1,115.41,115.41
4891,2788,1,1,20.32,20.32
4892,2789,112,1,51.13,51.13
4893,2790,127,2,56.25,112.5
4894,2790,59,2,93.3,186.6
4895,2790,96,3,167.08,501.24
4896,2790,104,1,42.67,42.67
4897,2791,134,1,115.02,115.02
4898,2792,57,1,43.25,43.25
4899,2792,44,1,180.29,180.29
4900,2793,70,1,27.52,27.52
4901,2793,129,2,82.98,165.96
4902,2793,79,1,90.2,90.2
4903,2794,64,1,63.14,63.14
4904,2794,118,1,49.84,49.84
4905,2794,112,1,51.13,51.13
4906,2795,146,2,135.82,271.64
4907,2795,95,1,68.19,68.19
4908,2795,44,1,180.29,180.29
4909,2796,101,1,160.16,160.16
4910,2796,13,1,105.94,105.94
4911,2796,123,1,90.9,90.9
4912,2797,81,1,48.07,48.07
4913,2798,1,2,20.32,40.64
4914,2798,148,1,135.92,135.92
4915,2799,137,1,95.99,95.99
4916,2799,58,2,65.57,131.14
4917,2800,60,3,34.01,102.03
4918,2800,68,1,25.01,25.01
4919,2801,75,1,52.19,52.19
4920,2802,91,1,72.73,72.73
4921,2802,51,1,38.0,38.0
4922,2803,32,1,135.32,135.32
4923,2804,89,1,23.55,23.55
4924,2805,145,1,101.8,101.8
4925,2805,41,1,135.53,135.53
4926,2806,76,1,78.32,78.32
4927,2807,69,1,101.23,101.23
4928,2808,58,1,65.57,65.57
4929,2809,97,1,167.71,167.71
4930,2810,88,2,30.63,61.26
4931,2811,48,2,42.1,84.2
4932,2812,58,1,65.57,65.57
4933,2812,120,2,108.5,217.0
4934,2813,84,1,112.96,112.96
4935,2813,143,1,50.23,50.23
4936,2814,37,1,104.19,104.19
4937,2815,113,1,110.24,110.24
4938,2815,37,1,104.19,104.19
4939,2815,146,2,135.82,271.64
4940,2815,46,3,77.71,233.13
4941,2816,18,1,104.51,104.51
4942,2817,83,1,110.09,110.09
4943,2818,88,1,30.63,30.63
4944,2819,65,1,94.21,94.21
4945,2819,140,1,66.92,66.92
4946,2819,102,1,123.35,123.35
4947,2820,120,1,108.5,108.5
4948,2821,11,1,113.47,113.47
4949,2822,61,1,180.83,180.83
4950,2823,65,1,94.21,94.21
4951,2824,39,1,159.15,159.15
4952,2825,132,2,111.89,223.78
4953,2826,29,1,91.23,91.23
4954,2826,124,2,19.86,39.72
4955,2826,72,2,90.43,180.86
4956,2827,59,3,93.3,279.9
4957,2827,134,3,115.02,345.06
4958,2828,134,2,115.02,230.04
4959,2828,56,1,65.84,65.84
4960,2829,147,1,77.95,77.95
4961,2830,7,2,96.04,192.08
4962,2831,7,3,96.04,288.12
4963,2831,122,1,74.91,74.91
4964,2832,58,1,65.57,65.57
4965,2833,99,2,115.68,231.36
4966,2834,70,1,27.52,27.52
4967,2835,25,1,102.53,102.53
4968,2835,72,2,90.43,180.86
4969,2835,1,1,20.32,20.32
4970,2836,59,1,93.3,93.3
4971,2837,73,2,70.7,141.4
4972,2837,35,2,118.14,236.28
4973,2838,76,1,78.32,78.32
4974,2839,111,1,25.05,25.05
4975,2839,139,1,56.23,56.23
4976,2840,111,1,25.05,25.05
4977,2841,98,2,98.76,197.52
4978,2842,28,1,32.28,32.28
4979,2843,105,1,66.0,66.0
4980,2844,54,3,73.69,221.07
4981,2845,115,2,114.0,228.0
4982,2846,10,1,115.41,115.41
4983,2846,13,1,105.94,105.94
4984,2846,119,1,89.03,89.03
4985,2847,65,2,94.21,188.42
4986,2848,103,1,53.36,53.36
4987,2849,111,3,25.05,75.15
4988,2850,36,1,79.89,79.89
4989,2850,3,1,29.93,29.93
4990,2851,129,1,82.98,82.98
4991,2852,19,3,69.78,209.34
4992,2852,36,1,79.89,79.89
4993,2853,3,1,29.93,29.93
4994,2853,2,3,127.2,381.6
4995,2854,110,2,113.16,226.32
4996,2854,90,3,39.66,118.98
4997,2854,68,1,25.01,25.01
4998,2855,141,3,33.34,100.02
4999,2855,9,1,31.04,31.04
5000,2856,25,2,102.53,205.06
5001,2857,96,2,167.08,334.16
5002,2858,126,1,50.25,50.25
5003,2858,116,2,99.25,198.5
5004,2858,40,1,33.35,33.35
5005,2859,66,1,105.26,105.26
5006,2859,16,1,37.81,37.81
5007,2859,88,1,30.63,30.63
5008,2860,29,1,91.23,91.23
5009,2861,65,1,94.21,94.21
5010,2861,94,1,114.63,114.63
5011,2861,62,1,41.29,41.29
5012,2862,51,1,38.0,38.0
5013,2862,90,3,39.66,118.98
5014,2863,135,1,113.07,113.07
5015,2863,146,1,135.82,135.82
5016,2864,134,1,115.02,115.02
5017,2864,55,1,136.68,136.68
5018,2864,49,1,61.05,61.05
5019,2865,125,1,99.26,99.26
5020,2866,37,1,104.19,104.19
5021,2867,1,1,20.32,20.32
5022,2867,123,1,90.9,90.9
5023,2868,131,1,156.36,156.36
5024,2868,98,2,98.76,197.52
5025,2869,80,1,163.07,163.07
5026,2869,104,1,42.67,42.67
5027,2870,15,1,123.75,123.75
5028,2871,68,1,25.01,25.01
5029,2872,74,2,109.3,218.6
5030,2872,80,2,163.07,326.14
5031,2873,71,2,21.91,43.82
5032,2873,97,2,167.71,335.42
5033,2874,67,2,36.36,72.72
5034,2874,36,1,79.89,79.89
5035,2874,16,1,37.81,37.81
5036,2875,110,1,113.16,113.16
5037,2875,106,1,111.49,111.49
5038,2875,134,1,115.02,115.02
5039,2876,32,1,135.32,135.32
5040,2876,106,1,111.49,111.49
5041,2877,72,2,90.43,180.86
5042,2877,145,1,101.8,101.8
5043,2878,136,1,70.88,70.88
5044,2879,122,2,74.91,149.82
5045,2879,23,1,47.63,47.63
5046,2879,72,1,90.43,90.43
5047,2880,113,1,110.24,110.24
5048,2881,124,1,19.86,19.86
5049,2882,129,1,82.98,82.98
5050,2883,123,1,90.9,90.9
5051,2883,132,2,111.89,223.78
5052,2884,49,2,61.05,122.1
5053,2884,42,1,94.67,94.67
5054,2884,131,1,156.36,156.36
5055,2885,26,1,60.62,60.62
5056,2886,129,3,82.98,248.94
5057,2887,66,2,105.26,210.52
5058,2888,1,1,20.32,20.32
5059,2888,37,1,104.19,104.19
5060,2889,19,2,69.78,139.56
5061,2890,86,1,94.49,94.49
5062,2890,121,1,92.86,92.86
5063,2890,55,1,136.68,136.68
5064,2891,12,2,108.7,217.4
5065,2892,127,1,56.25,56.25
5066,2893,101,2,160.16,320.32
5067,2894,12,1,108.7,108.7
5068,2895,39,2,159.15,318.3
5069,2896,20,1,43.77,43.77
5070,2897,68,1,25.01,25.01
5071,2897,47,2,44.74,89.48
5072,2897,126,1,50.25,50.25
5073,2898,124,1,19.86,19.86
5074,2898,121,1,92.86,92.86
5075,2899,141,1,33.34,33.34
5076,2900,94,1,114.63,114.63
5077,2901,1,1,20.32,20.32
5078,2901,68,1,25.01,25.01
5079,2902,4,3,48.57,145.71
5080,2903,18,1,104.51,104.51
5081,2904,106,1,111.49,111.49
5082,2905,71,1,21.91,21.91
5083,2906,35,2,118.14,236.28
5084,2906,73,1,70.7,70.7
5085,2907,17,2,122.66,245.32
5086,2907,58,1,65.57,65.57
5087,2907,121,3,92.86,278.58
5088,2908,4,1,48.57,48.57
5089,2909,3,1,29.93,29.93
5090,2910,131,1,156.36,156.36
5091,2910,60,1,34.01,34.01
5092,2911,64,1,63.14,63.14
5093,2912,86,1,94.49,94.49
5094,2913,49,1,61.05,61.05
5095,2913,147,2,77.95,155.9
5096,2914,138,1,104.13,104.13
5097,2915,18,1,104.51,104.51
5098,2915,125,1,99.26,99.26
5099,2916,57,1,43.25,43.25
5100,2917,147,1,77.95,77.95
5101,2917,84,1,112.96,112.96
5102,2917,19,3,69.78,209.34
5103,2918,125,1,99.26,99.26
5104,2918,93,1,56.41,56.41
5105,2918,108,1,89.12,89.12
5106,2919,102,1,123.35,123.35
5107,2919,70,1,27.52,27.52
5108,2920,28,2,32.28,64.56
5109,2920,121,1,92.86,92.86
5110,2921,109,1,97.53,97.53
5111,2921,143,3,50.23,150.69
5112,2922,109,1,97.53,97.53
5113,2923,105,1,66.0,66.0
5114,2923,73,2,70.7,141.4
5115,2923,79,3,90.2,270.6
5116,2924,2,3,127.2,381.6
5117,2925,75,2,52.19,104.38
5118,2925,58,1,65.57,65.57
5119,2926,99,1,115.68,115.68
5120,2926,108,1,89.12,89.12
5121,2927,100,2,63.47,126.94
5122,2927,91,1,72.73,72.73
5123,2928,94,1,114.63,114.63
5124,2929,23,1,47.63,47.63
5125,2930,44,1,180.29,180.29
5126,2931,22,1,45.93,45.93
5127,2931,8,2,47.18,94.36
5128,2932,88,1,30.63,30.63
5129,2932,57,2,43.25,86.5
5130,2932,76,2,78.32,156.64
5131,2933,101,1,160.16,160.16
5132,2934,15,1,123.75,123.75
5133,2934,106,1,111.49,111.49
5134,2934,32,3,135.32,405.96
5135,2935,39,1,159.15,159.15
5136,2935,60,1,34.01,34.01
5137,2936,49,1,61.05,61.05
5138,2936,92,1,107.96,107.96
5139,2937,16,1,37.81,37.81
5140,2938,27,1,96.2,96.2
5141,2939,122,1,74.91,74.91
5142,2939,26,1,60.62,60.62
5143,2940,75,1,52.19,52.19
5144,2940,117,1,88.88,88.88
5145,2941,30,1,112.19,112.19
5146,2942,62,1,41.29,41.29
5147,2942,5,1,49.7,49.7
5148,2943,81,2,48.07,96.14
5149,2943,125,1,99.26,99.26
5150,2943,50,1,24.92,24.92
5151,2944,46,1,77.71,77.71
5152,2944,126,1,50.25,50.25
5153,2945,86,2,94.49,188.98
5154,2946,17,1,122.66,122.66
5155,2947,126,1,50.25,50.25
5156,2947,35,1,118.14,118.14
5157,2948,129,2,82.98,165.96
5158,2948,6,1,51.08,51.08
5159,2948,124,1,19.86,19.86
5160,2949,76,1,78.32,78.32
5161,2949,55,2,136.68,273.36
5162,2949,23,1,47.63,47.63
5163,2950,135,1,113.07,113.07
5164,2951,96,1,167.08,167.08
5165,2951,12,2,108.7,217.4
5166,2952,66,2,105.26,210.52
5167,2952,9,1,31.04,31.04
5168,2953,81,1,48.07,48.07
5169,2954,33,1,47.02,47.02
5170,2954,124,3,19.86,59.58
5171,2954,127,1,56.25,56.25
5172,2954,55,1,136.68,136.68
5173,2955,120,1,108.5,108.5
5174,2956,134,1,115.02,115.02
5175,2956,113,3,110.24,330.72
5176,2957,124,1,19.86,19.86
5177,2957,27,1,96.2,96.2
5178,2957,51,2,38.0,76.0
5179,2958,118,2,49.84,99.68
5180,2959,108,3,89.12,267.36
5181,2960,143,1,50.23,50.23
5182,2961,144,1,141.3,141.3
5183,2962,68,1,25.01,25.01
5184,2962,80,1,163.07,163.07
5185,2962,110,3,113.16,339.48
5186,2963,118,1,49.84,49.84
5187,2964,33,1,47.02,47.02
5188,2965,5,1,49.7,49.7
5189,2966,85,3,94.04,282.12
5190,2967,66,3,105.26,315.78
5191,2968,32,1,135.32,135.32
5192,2968,114,1,93.96,93.96
5193,2969,30,1,112.19,112.19
5194,2970,73,1,70.7,70.7
5195,2970,131,2,156.36,312.72
5196,2971,46,1,77.71,77.71
5197,2971,146,1,135.82,135.82
5198,2972,122,2,74.91,149.82
5199,2972,136,1,70.88,70.88
5200,2973,7,1,96.04,96.04
5201,2973,106,1,111.49,111.49
5202,2974,86,1,94.49,94.49
5203,2975,100,1,63.47,63.47
5204,2975,12,1,108.7,108.7
5205,2975,123,1,90.9,90.9
5206,2976,26,1,60.62,60.62
5207,2977,131,2,156.36,312.72
5208,2977,71,1,21.91,21.91
5209,2978,9,1,31.04,31.04
5210,2979,115,1,114.0,114.0
5211,2980,42,3,94.67,284.01
5212,2980,45,1,106.3,106.3
5213,2981,32,1,135.32,135.32
5214,2981,23,1,47.63,47.63
5215,2982,16,1,37.81,37.81
5216,2982,77,1,69.72,69.72
5217,2983,12,1,108.7,108.7
5218,2984,63,1,111.53,111.53
5219,2984,77,1,69.72,69.72
5220,2985,19,1,69.78,69.78
5221,2986,54,1,73.69,73.69
5222,2986,65,1,94.21,94.21
5223,2986,26,1,60.62,60.62
5224,2987,76,1,78.32,78.32
5225,2987,145,1,101.8,101.8
5226,2988,52,3,81.24,243.72
5227,2988,16,1,37.81,37.81
5228,2989,93,1,56.41,56.41
5229,2989,106,1,111.49,111.49
5230,2990,64,1,63.14,63.14
5231,2991,27,1,96.2,96.2
5232,2991,74,1,109.3,109.3
5233,2991,14,2,153.24,306.48
5234,2992,62,1,41.29,41.29
5235,2993,80,1,163.07,163.07
5236,2994,86,1,94.49,94.49
5237,2994,120,2,108.5,217.0
5238,2995,26,2,60.62,121.24
5239,2996,89,2,23.55,47.1
5240,2996,48,1,42.1,42.1
5241,2997,105,1,66.0,66.0
5242,2997,83,1,110.09,110.09
5243,2998,70,1,27.52,27.52
5244,2999,60,2,34.01,68.02
5245,2999,82,1,126.68,126.68
5246,3000,114,1,93.96,93.96
5247,3000,3,2,29.93,59.86
5248,3001,69,3,101.23,303.69
5249,3002,145,1,101.8,101.8
5250,3002,132,1,111.89,111.89
5251,3002,9,1,31.04,31.04
5252,3003,135,1,113.07,113.07
5253,3003,119,1,89.03,89.03
5254,3004,141,1,33.34,33.34
5255,3005,111,1,25.05,25.05
5256,3006,124,1,19.86,19.86
5257,3006,30,1,112.19,112.19
5258,3007,103,2,53.36,106.72
5259,3007,107,1,121.33,121.33
5260,3008,103,1,53.36,53.36
5261,3008,120,1,108.5,108.5
5262,3009,45,1,106.3,106.3
5263,3009,144,1,141.3,141.3
5264,3010,136,1,70.88,70.88
5265,3010,19,1,69.78,69.78
5266,3010,117,1,88.88,88.88
5267,3011,50,1,24.92,24.92
5268,3011,88,1,30.63,30.63
5269,3011,45,3,106.3,318.9
5270,3012,36,1,79.89,79.89
5271,3012,61,1,180.83,180.83
5272,3012,34,3,167.82,503.46
5273,3013,117,1,88.88,88.88
5274,3014,64,3,63.14,189.42
5275,3014,46,2,77.71,155.42
5276,3015,134,3,115.02,345.06
5277,3016,95,2,68.19,136.38
5278,3017,102,1,123.35,123.35
5279,3018,28,1,32.28,32.28
5280,3019,50,2,24.92,49.84
5281,3019,114,1,93.96,93.96
5282,3019,105,2,66.0,132.0
5283,3020,58,1,65.57,65.57
5284,3020,62,1,41.29,41.29
5285,3021,79,1,90.2,90.2
5286,3021,62,2,41.29,82.58
5287,3022,26,1,60.62,60.62
5288,3023,59,1,93.3,93.3
5289,3024,128,1,102.12,102.12
5290,3025,18,1,104.51,104.51
5291,3026,94,1,114.63,114.63
5292,3026,46,1,77.71,77.71
5293,3027,93,1,56.41,56.41
5294,3027,76,2,78.32,156.64
5295,3027,115,1,114.0,114.0
5296,3027,65,1,94.21,94.21
5297,3028,47,2,44.74,89.48
5298,3029,30,1,112.19,112.19
5299,3030,38,1,97.25,97.25
5300,3030,143,2,50.23,100.46
5301,3030,74,1,109.3,109.3
5302,3031,28,3,32.28,96.84
5303,3032,21,2,36.73,73.46
5304,3033,107,2,121.33,242.66
5305,3033,4,1,48.57,48.57
5306,3034,63,1,111.53,111.53
5307,3035,106,1,111.49,111.49
5308,3036,97,1,167.71,167.71
5309,3037,52,2,81.24,162.48
5310,3038,32,3,135.32,405.96
5311,3039,94,1,114.63,114.63
5312,3040,148,1,135.92,135.92
5313,3041,131,1,156.36,156.36
5314,3041,40,1,33.35,33.35
5315,3042,21,1,36.73,36.73
5316,3043,136,1,70.88,70.88
5317,3043,89,1,23.55,23.55
5318,3044,13,2,105.94,211.88
5319,3045,32,2,135.32,270.64
5320,3046,146,1,135.82,135.82
5321,3047,68,1,25.01,25.01
5322,3047,26,1,60.62,60.62
5323,3048,144,1,141.3,141.3
5324,3049,33,1,47.02,47.02
5325,3049,123,1,90.9,90.9
5326,3050,53,1,34.65,34.65
5327,3051,102,1,123.35,123.35
5328,3051,15,1,123.75,123.75
5329,3052,108,1,89.12,89.12
5330,3052,50,1,24.92,24.92
5331,3052,92,1,107.96,107.96
5332,3052,109,1,97.53,97.53
5333,3053,2,1,127.2,127.2
5334,3053,3,1,29.93,29.93
5335,3053,70,1,27.52,27.52
5336,3054,19,1,69.78,69.78
5337,3055,146,1,135.82,135.82
5338,3056,9,1,31.04,31.04
5339,3057,78,1,101.79,101.79
5340,3058,59,1,93.3,93.3
5341,3058,100,2,63.47,126.94
5342,3059,83,1,110.09,110.09
5343,3060,118,1,49.84,49.84
5344,3061,49,2,61.05,122.1
5345,3062,53,1,34.65,34.65
5346,3063,6,1,51.08,51.08
5347,3063,141,1,33.34,33.34
5348,3063,82,3,126.68,380.04
5349,3064,7,2,96.04,192.08
5350,3065,102,1,123.35,123.35
5351,3065,124,2,19.86,39.72
5352,3066,62,1,41.29,41.29
5353,3066,26,3,60.62,181.86
5354,3067,108,1,89.12,89.12
5355,3067,58,2,65.57,131.14
5356,3068,132,1,111.89,111.89
5357,3069,35,1,118.14,118.14
5358,3069,61,1,180.83,180.83
5359,3070,55,2,136.68,273.36
5360,3070,62,1,41.29,41.29
5361,3070,118,1,49.84,49.84
5362,3071,141,1,33.34,33.34
5363,3071,123,1,90.9,90.9
5364,3072,9,1,31.04,31.04
5365,3073,130,1,92.74,92.74
5366,3074,123,1,90.9,90.9
5367,3074,69,2,101.23,202.46
5368,3075,16,1,37.81,37.81
5369,3075,8,1,47.18,47.18
5370,3076,29,2,91.23,182.46
5371,3076,44,2,180.29,360.58
5372,3077,117,2,88.88,177.76
5373,3078,74,1,109.3,109.3
5374,3078,5,1,49.7,49.7
5375,3079,127,1,56.25,56.25
5376,3079,147,1,77.95,77.95
5377,3079,59,1,93.3,93.3
5378,3080,89,1,23.55,23.55
5379,3081,93,2,56.41,112.82
5380,3081,96,2,167.08,334.16
5381,3081,28,2,32.28,64.56
5382,3082,76,1,78.32,78.32
5383,3082,111,1,25.05,25.05
5384,3083,1,1,20.32,20.32
5385,3083,78,3,101.79,305.37
5386,3083,9,2,31.04,62.08
5387,3084,138,3,104.13,312.39
5388,3085,81,2,48.07,96.14
5389,3085,8,2,47.18,94.36
5390,3085,58,1,65.57,65.57
5391,3086,87,1,73.76,73.76
5392,3086,134,3,115.02,345.06
5393,3087,42,1,94.67,94.67
5394,3088,100,1,63.47,63.47
5395,3088,85,1,94.04,94.04
5396,3089,49,1,61.05,61.05
5397,3089,96,1,167.08,167.08
5398,3089,42,1,94.67,94.67
5399,3090,82,1,126.68,126.68
5400,3090,118,3,49.84,149.52
5401,3090,138,1,104.13,104.13
5402,3091,138,1,104.13,104.13
5403,3091,21,2,36.73,73.46
5404,3091,49,1,61.05,61.05
5405,3092,95,1,68.19,68.19
5406,3092,113,1,110.24,110.24
5407,3093,140,1,66.92,66.92
5408,3093,125,1,99.26,99.26
5409,3094,90,1,39.66,39.66
5410,3094,8,1,47.18,47.18
5411,3094,130,2,92.74,185.48
5412,3095,37,1,104.19,104.19
5413,3095,122,2,74.91,149.82
5414,3096,135,1,113.07,113.07
5415,3096,123,2,90.9,181.8
5416,3097,89,1,23.55,23.55
5417,3098,107,2,121.33,242.66
5418,3099,34,2,167.82,335.64
5419,3099,9,1,31.04,31.04
5420,3100,9,1,31.04,31.04
5421,3100,130,2,92.74,185.48
5422,3100,64,3,63.14,189.42
5423,3100,120,1,108.5,108.5
5424,3101,61,1,180.83,180.83
5425,3101,137,1,95.99,95.99
5426,3101,77,1,69.72,69.72
5427,3102,7,1,96.04,96.04
5428,3103,120,2,108.5,217.0
5429,3103,70,2,27.52,55.04
5430,3104,147,1,77.95,77.95
5431,3105,48,2,42.1,84.2
5432,3106,72,3,90.43,271.29
5433,3107,79,1,90.2,90.2
5434,3107,107,2,121.33,242.66
5435,3108,120,1,108.5,108.5
5436,3108,117,1,88.88,88.88
5437,3108,10,1,115.41,115.41
5438,3109,12,1,108.7,108.7
5439,3110,21,1,36.73,36.73
5440,3111,118,3,49.84,149.52
5441,3111,106,3,111.49,334.47
5442,3112,52,1,81.24,81.24
5443,3113,50,1,24.92,24.92
5444,3114,75,1,52.19,52.19
5445,3115,97,1,167.71,167.71
5446,3116,143,2,50.23,100.46
5447,3117,83,1,110.09,110.09
5448,3118,61,1,180.83,180.83
5449,3118,60,1,34.01,34.01
5450,3118,8,2,47.18,94.36
5451,3118,18,3,104.51,313.53
5452,3119,85,1,94.04,94.04
5453,3120,101,1,160.16,160.16
5454,3120,15,2,123.75,247.5
5455,3121,125,1,99.26,99.26
5456,3122,66,1,105.26,105.26
5457,3123,52,1,81.24,81.24
5458,3123,3,2,29.93,59.86
5459,3123,139,1,56.23,56.23
5460,3124,142,1,104.52,104.52
5461,3125,9,3,31.04,93.12
5462,3126,118,2,49.84,99.68
5463,3127,4,1,48.57,48.57
5464,3127,17,1,122.66,122.66
5465,3127,101,3,160.16,480.48
5466,3128,66,1,105.26,105.26
5467,3129,56,1,65.84,65.84
5468,3130,136,1,70.88,70.88
5469,3131,5,1,49.7,49.7
5470,3132,131,1,156.36,156.36
5471,3132,85,1,94.04,94.04
5472,3132,145,1,101.8,101.8
5473,3133,91,1,72.73,72.73
5474,3133,26,1,60.62,60.62
5475,3134,32,1,135.32,135.32
5476,3134,16,1,37.81,37.81
5477,3134,60,1,34.01,34.01
5478,3135,31,1,85.02,85.02
5479,3136,72,1,90.43,90.43
5480,3136,58,1,65.57,65.57
5481,3136,113,1,110.24,110.24
5482,3137,48,1,42.1,42.1
5483,3138,80,1,163.07,163.07
5484,3138,71,2,21.91,43.82
5485,3138,63,2,111.53,223.06
5486,3139,14,2,153.24,306.48
5487,3140,91,2,72.73,145.46
5488,3140,71,1,21.91,21.91
5489,3141,7,1,96.04,96.04
5490,3142,96,3,167.08,501.24
5491,3143,45,3,106.3,318.9
5492,3143,29,2,91.23,182.46
5493,3143,107,2,121.33,242.66
5494,3143,28,2,32.28,64.56
5495,3144,86,2,94.49,188.98
5496,3144,80,1,163.07,163.07
5497,3145,7,1,96.04,96.04
5498,3145,8,2,47.18,94.36
5499,3145,92,3,107.96,323.88
5500,3146,92,1,107.96,107.96
5501,3147,98,1,98.76,98.76
5502,3147,41,1,135.53,135.53
5503,3148,70,1,27.52,27.52
5504,3149,18,2,104.51,209.02
5505,3150,110,1,113.16,113.16
5506,3151,15,1,123.75,123.75
5507,3151,139,3,56.23,168.69
5508,3152,45,1,106.3,106.3
5509,3152,134,1,115.02,115.02
5510,3153,80,1,163.07,163.07
5511,3154,107,2,121.33,242.66
5512,3155,35,1,118.14,118.14
5513,3155,92,2,107.96,215.92
5514,3155,120,2,108.5,217.0
5515,3156,33,1,47.02,47.02
5516,3156,123,2,90.9,181.8
5517,3156,68,1,25.01,25.01
5518,3157,108,1,89.12,89.12
5519,3158,1,1,20.32,20.32
5520,3159,15,1,123.75,123.75
5521,3160,7,1,96.04,96.04
5522,3161,138,3,104.13,312.39
5523,3162,31,1,85.02,85.02
5524,3162,77,1,69.72,69.72
5525,3162,22,1,45.93,45.93
5526,3163,104,3,42.67,128.01
5527,3164,100,1,63.47,63.47
5528,3165,144,2,141.3,282.6
5529,3166,86,2,94.49,188.98
5530,3167,63,1,111.53,111.53
5531,3167,81,1,48.07,48.07
5532,3167,125,1,99.26,99.26
5533,3168,141,2,33.34,66.68
5534,3168,94,2,114.63,229.26
5535,3168,28,1,32.28,32.28
5536,3168,37,1,104.19,104.19
5537,3169,84,1,112.96,112.96
5538,3170,26,1,60.62,60.62
5539,3170,60,1,34.01,34.01
5540,3171,137,1,95.99,95.99
5541,3172,93,1,56.41,56.41
5542,3173,36,1,79.89,79.89
5543,3174,146,1,135.82,135.82
5544,3174,96,3,167.08,501.24
5545,3175,97,1,167.71,167.71
5546,3176,38,2,97.25,194.5
5547,3177,19,1,69.78,69.78
5548,3178,41,1,135.53,135.53
5549,3178,16,1,37.81,37.81
5550,3178,133,1,131.41,131.41
5551,3178,127,1,56.25,56.25
5552,3179,140,1,66.92,66.92
5553,3180,139,2,56.23,112.46
5554,3181,1,1,20.32,20.32
5555,3182,22,1,45.93,45.93
5556,3183,25,1,102.53,102.53
5557,3183,20,1,43.77,43.77
5558,3184,4,1,48.57,48.57
5559,3184,141,1,33.34,33.34
5560,3185,132,1,111.89,111.89
5561,3186,97,1,167.71,167.71
5562,3187,111,1,25.05,25.05
5563,3187,28,2,32.28,64.56
5564,3187,10,2,115.41,230.82
5565,3188,35,2,118.14,236.28
5566,3188,16,3,37.81,113.43
5567,3189,82,1,126.68,126.68
5568,3189,140,3,66.92,200.76
5569,3190,54,1,73.69,73.69
5570,3191,49,1,61.05,61.05
5571,3192,35,2,118.14,236.28
5572,3192,13,1,105.94,105.94
5573,3192,76,2,78.32,156.64
5574,3193,139,1,56.23,56.23
5575,3194,30,1,112.19,112.19
5576,3195,109,1,97.53,97.53
5577,3196,58,2,65.57,131.14
5578,3197,104,1,42.67,42.67
5579,3197,142,1,104.52,104.52
5580,3198,140,1,66.92,66.92
5581,3198,24,1,30.79,30.79
5582,3199,89,1,23.55,23.55
5583,3200,128,1,102.12,102.12
5584,3200,138,1,104.13,104.13
5585,3201,3,1,29.93,29.93
5586,3202,146,1,135.82,135.82
5587,3202,125,1,99.26,99.26
5588,3203,128,3,102.12,306.36
5589,3204,120,1,108.5,108.5
5590,3205,45,1,106.3,106.3
5591,3206,116,3,99.25,297.75
5592,3207,43,1,42.12,42.12
5593,3207,58,2,65.57,131.14
5594,3207,109,1,97.53,97.53
5595,3208,98,2,98.76,197.52
5596,3208,3,2,29.93,59.86
5597,3208,82,2,126.68,253.36
5598,3208,85,2,94.04,188.08
5599,3209,48,1,42.1,42.1
5600,3210,68,1,25.01,25.01
5601,3210,65,1,94.21,94.21
5602,3211,12,1,108.7,108.7
5603,3211,63,1,111.53,111.53
5604,3211,76,1,78.32,78.32
5605,3212,133,1,131.41,131.41
5606,3212,143,2,50.23,100.46
5607,3213,3,3,29.93,89.79
5608,3213,64,1,63.14,63.14
5609,3213,39,1,159.15,159.15
5610,3213,27,1,96.2,96.2
5611,3214,26,1,60.62,60.62
5612,3215,21,1,36.73,36.73
5613,3216,144,2,141.3,282.6
5614,3216,91,3,72.73,218.19
5615,3216,72,1,90.43,90.43
5616,3217,108,1,89.12,89.12
5617,3217,1,2,20.32,40.64
5618,3217,66,2,105.26,210.52
5619,3217,7,3,96.04,288.12
5620,3218,29,1,91.23,91.23
5621,3218,3,1,29.93,29.93
5622,3219,15,1,123.75,123.75
5623,3219,111,1,25.05,25.05
5624,3220,146,1,135.82,135.82
5625,3221,90,2,39.66,79.32
5626,3222,38,1,97.25,97.25
5627,3223,132,2,111.89,223.78
5628,3223,130,2,92.74,185.48
5629,3224,106,1,111.49,111.49
5630,3224,44,1,180.29,180.29
5631,3224,3,1,29.93,29.93
5632,3225,14,1,153.24,153.24
5633,3226,11,1,113.47,113.47
5634,3227,22,1,45.93,45.93
5635,3228,85,1,94.04,94.04
5636,3229,67,1,36.36,36.36
5637,3229,12,1,108.7,108.7
5638,3230,107,2,121.33,242.66
5639,3231,119,2,89.03,178.06
5640,3231,3,1,29.93,29.93
5641,3232,39,1,159.15,159.15
5642,3232,15,2,123.75,247.5
5643,3233,122,1,74.91,74.91
5644,3233,49,1,61.05,61.05
5645,3234,2,3,127.2,381.6
5646,3234,69,1,101.23,101.23
5647,3235,117,1,88.88,88.88
5648,3235,130,1,92.74,92.74
5649,3236,24,1,30.79,30.79
5650,3236,91,1,72.73,72.73
5651,3237,50,2,24.92,49.84
5652,3237,143,1,50.23,50.23
5653,3237,36,1,79.89,79.89
5654,3238,94,1,114.63,114.63
5655,3239,28,2,32.28,64.56
5656,3239,118,3,49.84,149.52
5657,3239,42,1,94.67,94.67
5658,3240,6,1,51.08,51.08
5659,3241,110,1,113.16,113.16
5660,3241,84,1,112.96,112.96
5661,3242,57,1,43.25,43.25
5662,3242,142,1,104.52,104.52
5663,3243,69,1,101.23,101.23
5664,3243,79,1,90.2,90.2
5665,3244,146,1,135.82,135.82
5666,3245,38,1,97.25,97.25
5667,3246,12,2,108.7,217.4
5668,3247,135,1,113.07,113.07
5669,3248,93,1,56.41,56.41
5670,3249,66,3,105.26,315.78
5671,3250,22,1,45.93,45.93
5672,3250,48,2,42.1,84.2
5673,3251,66,1,105.26,105.26
5674,3251,18,1,104.51,104.51
5675,3251,86,1,94.49,94.49
5676,3252,133,1,131.41,131.41
5677,3252,52,1,81.24,81.24
5678,3253,77,2,69.72,139.44
5679,3253,45,1,106.3,106.3
5680,3253,89,1,23.55,23.55
5681,3254,23,1,47.63,47.63
5682,3255,128,1,102.12,102.12
5683,3255,116,2,99.25,198.5
5684,3256,74,2,109.3,218.6
5685,3257,102,1,123.35,123.35
5686,3258,16,1,37.81,37.81
5687,3259,96,2,167.08,334.16
5688,3260,25,1,102.53,102.53
5689,3260,137,1,95.99,95.99
5690,3261,53,1,34.65,34.65
5691,3262,6,1,51.08,51.08
5692,3263,137,1,95.99,95.99
5693,3263,72,1,90.43,90.43
5694,3263,74,2,109.3,218.6
5695,3263,70,1,27.52,27.52
5696,3264,134,3,115.02,345.06
5697,3264,8,1,47.18,47.18
5698,3265,19,1,69.78,69.78
5699,3265,76,1,78.32,78.32
5700,3265,37,1,104.19,104.19
5701,3265,97,2,167.71,335.42
5702,3266,4,1,48.57,48.57
5703,3266,113,1,110.24,110.24
5704,3266,64,1,63.14,63.14
5705,3267,127,1,56.25,56.25
5706,3268,18,1,104.51,104.51
5707,3269,95,1,68.19,68.19
5708,3270,85,3,94.04,282.12
5709,3271,97,3,167.71,503.13
5710,3271,51,1,38.0,38.0
5711,3272,119,1,89.03,89.03
5712,3273,116,2,99.25,198.5
5713,3273,32,1,135.32,135.32
5714,3273,98,2,98.76,197.52
5715,3274,119,1,89.03,89.03
5716,3274,18,2,104.51,209.02
5717,3275,34,2,167.82,335.64
5718,3276,25,2,102.53,205.06
5719,3276,11,3,113.47,340.41
5720,3277,122,2,74.91,149.82
5721,3277,144,1,141.3,141.3
5722,3277,45,2,106.3,212.6
5723,3277,74,1,109.3,109.3
5724,3278,82,1,126.68,126.68
5725,3279,64,2,63.14,126.28
5726,3280,34,3,167.82,503.46
5727,3280,133,1,131.41,131.41
5728,3280,64,2,63.14,126.28
5729,3280,40,1,33.35,33.35
5730,3281,28,1,32.28,32.28
5731,3281,14,1,153.24,153.24
5732,3282,137,1,95.99,95.99
5733,3282,63,1,111.53,111.53
5734,3283,81,1,48.07,48.07
5735,3283,73,1,70.7,70.7
5736,3284,31,3,85.02,255.06
5737,3285,14,1,153.24,153.24
5738,3286,28,3,32.28,96.84
5739,3286,31,2,85.02,170.04
5740,3286,27,3,96.2,288.6
5741,3287,146,1,135.82,135.82
5742,3288,27,2,96.2,192.4
5743,3288,9,1,31.04,31.04
5744,3288,101,1,160.16,160.16
5745,3289,50,1,24.92,24.92
5746,3289,106,1,111.49,111.49
5747,3289,16,1,37.81,37.81
5748,3290,98,1,98.76,98.76
5749,3290,73,1,70.7,70.7
5750,3291,104,1,42.67,42.67
5751,3292,60,1,34.01,34.01
5752,3292,4,1,48.57,48.57
5753,3292,74,3,109.3,327.9
5754,3293,131,1,156.36,156.36
5755,3294,6,1,51.08,51.08
5756,3294,135,1,113.07,113.07
5757,3294,61,1,180.83,180.83
5758,3295,32,3,135.32,405.96
5759,3295,66,1,105.26,105.26
5760,3296,148,1,135.92,135.92
5761,3296,25,1,102.53,102.53
5762,3297,145,1,101.8,101.8
5763,3298,137,1,95.99,95.99
5764,3299,20,1,43.77,43.77
5765,3300,104,1,42.67,42.67
5766,3300,91,2,72.73,145.46
5767,3301,64,1,63.14,63.14
5768,3301,28,1,32.28,32.28
5769,3302,142,1,104.52,104.52
5770,3303,76,1,78.32,78.32
5771,3304,59,2,93.3,186.6
5772,3304,26,1,60.62,60.62
5773,3305,12,2,108.7,217.4
5774,3305,6,1,51.08,51.08
5775,3305,131,1,156.36,156.36
5776,3306,17,3,122.66,367.98
5777,3306,121,1,92.86,92.86
5778,3307,94,1,114.63,114.63
5779,3308,80,1,163.07,163.07
5780,3308,46,1,77.71,77.71
5781,3308,4,2,48.57,97.14
5782,3308,15,1,123.75,123.75
5783,3309,79,2,90.2,180.4
5784,3310,18,1,104.51,104.51
5785,3310,24,1,30.79,30.79
5786,3310,9,1,31.04,31.04
5787,3311,69,2,101.23,202.46
5788,3312,53,1,34.65,34.65
5789,3313,89,3,23.55,70.65
5790,3314,91,3,72.73,218.19
5791,3315,108,1,89.12,89.12
5792,3316,48,3,42.1,126.3
5793,3316,143,1,50.23,50.23
5794,3317,122,1,74.91,74.91
5795,3317,5,1,49.7,49.7
5796,3317,129,1,82.98,82.98
5797,3318,126,1,50.25,50.25
5798,3318,122,2,74.91,149.82
5799,3318,50,1,24.92,24.92
5800,3319,17,1,122.66,122.66
5801,3319,145,1,101.8,101.8
5802,3320,15,2,123.75,247.5
5803,3321,139,2,56.23,112.46
5804,3321,128,1,102.12,102.12
5805,3322,78,1,101.79,101.79
5806,3322,64,2,63.14,126.28
5807,3323,110,1,113.16,113.16
5808,3323,22,1,45.93,45.93
5809,3324,84,1,112.96,112.96
5810,3324,28,2,32.28,64.56
5811,3324,115,1,114.0,114.0
5812,3325,29,1,91.23,91.23
5813,3325,56,1,65.84,65.84
5814,3325,32,3,135.32,405.96
5815,3326,19,1,69.78,69.78
5816,3327,45,1,106.3,106.3
5817,3328,112,1,51.13,51.13
5818,3328,133,2,131.41,262.82
5819,3329,27,1,96.2,96.2
5820,3329,138,2,104.13,208.26
5821,3330,6,2,51.08,102.16
5822,3330,139,1,56.23,56.23
5823,3331,11,1,113.47,113.47
5824,3332,65,2,94.21,188.42
5825,3332,92,1,107.96,107.96
5826,3333,48,1,42.1,42.1
5827,3334,121,1,92.86,92.86
5828,3334,58,3,65.57,196.71
5829,3334,112,1,51.13,51.13
5830,3335,43,1,42.12,42.12
5831,3335,111,1,25.05,25.05
5832,3336,48,2,42.1,84.2
5833,3337,87,2,73.76,147.52
5834,3337,54,1,73.69,73.69
5835,3337,116,2,99.25,198.5
5836,3338,94,2,114.63,229.26
5837,3339,86,1,94.49,94.49
5838,3340,63,1,111.53,111.53
5839,3341,30,1,112.19,112.19
5840,3341,112,2,51.13,102.26
5841,3342,78,1,101.79,101.79
5842,3343,97,2,167.71,335.42
5843,3344,39,2,159.15,318.3
5844,3344,107,1,121.33,121.33
5845,3345,50,1,24.92,24.92
5846,3345,123,2,90.9,181.8
5847,3346,134,1,115.02,115.02
5848,3347,56,1,65.84,65.84
5849,3347,109,1,97.53,97.53
5850,3347,142,1,104.52,104.52
5851,3348,148,1,135.92,135.92
5852,3349,37,3,104.19,312.57
5853,3349,18,3,104.51,313.53
5854,3350,105,2,66.0,132.0
5855,3351,95,2,68.19,136.38
5856,3351,79,1,90.2,90.2
5857,3351,18,1,104.51,104.51
5858,3352,118,1,49.84,49.84
5859,3353,54,1,73.69,73.69
5860,3353,79,2,90.2,180.4
5861,3354,106,2,111.49,222.98
5862,3354,53,1,34.65,34.65
5863,3354,47,1,44.74,44.74
5864,3355,117,1,88.88,88.88
5865,3355,104,2,42.67,85.34
5866,3356,50,1,24.92,24.92
5867,3357,130,2,92.74,185.48
5868,3357,88,1,30.63,30.63
5869,3357,55,2,136.68,273.36
5870,3358,60,1,34.01,34.01
5871,3359,92,3,107.96,323.88
5872,3360,85,1,94.04,94.04
5873,3361,99,1,115.68,115.68
5874,3361,77,1,69.72,69.72
5875,3361,108,2,89.12,178.24
5876,3361,91,1,72.73,72.73
5877,3362,96,1,167.08,167.08
5878,3362,43,1,42.12,42.12
5879,3362,92,1,107.96,107.96
5880,3363,69,1,101.23,101.23
5881,3364,9,1,31.04,31.04
5882,3364,98,2,98.76,197.52
5883,3364,146,1,135.82,135.82
5884,3365,132,1,111.89,111.89
5885,3365,94,1,114.63,114.63
5886,3365,14,3,153.24,459.72
5887,3366,27,1,96.2,96.2
5888,3367,23,3,47.63,142.89
5889,3367,63,1,111.53,111.53
5890,3368,80,3,163.07,489.21
5891,3368,64,3,63.14,189.42
5892,3369,40,1,33.35,33.35
5893,3369,10,1,115.41,115.41
5894,3369,11,2,113.47,226.94
5895,3370,100,1,63.47,63.47
5896,3370,130,1,92.74,92.74
5897,3371,79,1,90.2,90.2
5898,3371,71,2,21.91,43.82
5899,3371,7,2,96.04,192.08
5900,3372,117,2,88.88,177.76
5901,3373,28,2,32.28,64.56
5902,3374,55,2,136.68,273.36
5903,3374,86,1,94.49,94.49
5904,3375,11,1,113.47,113.47
5905,3376,1,1,20.32,20.32
5906,3377,125,1,99.26,99.26
5907,3378,130,1,92.74,92.74
5908,3379,94,1,114.63,114.63
5909,3379,50,3,24.92,74.76
5910,3380,44,2,180.29,360.58
5911,3381,148,1,135.92,135.92
5912,3382,19,2,69.78,139.56
5913,3382,50,2,24.92,49.84
5914,3383,38,2,97.25,194.5
5915,3383,139,1,56.23,56.23
5916,3383,91,1,72.73,72.73
5917,3384,93,1,56.41,56.41
5918,3384,18,1,104.51,104.51
5919,3385,142,2,104.52,209.04
5920,3386,42,1,94.67,94.67
5921,3386,10,1,115.41,115.41
5922,3387,122,1,74.91,74.91
5923,3388,146,1,135.82,135.82
5924,3388,18,1,104.51,104.51
5925,3388,63,1,111.53,111.53
5926,3388,80,1,163.07,163.07
5927,3389,34,1,167.82,167.82
5928,3389,119,3,89.03,267.09
5929,3390,85,1,94.04,94.04
5930,3391,45,1,106.3,106.3
5931,3391,130,1,92.74,92.74
5932,3391,39,1,159.15,159.15
5933,3391,83,1,110.09,110.09
5934,3392,9,1,31.04,31.04
5935,3392,14,1,153.24,153.24
5936,3392,36,1,79.89,79.89
5937,3393,145,1,101.8,101.8
5938,3394,40,1,33.35,33.35
5939,3394,140,3,66.92,200.76
5940,3395,134,1,115.02,115.02
5941,3395,99,1,115.68,115.68
5942,3396,125,2,99.26,198.52
5943,3396,2,1,127.2,127.2
5944,3397,21,1,36.73,36.73
5945,3397,25,3,102.53,307.59
5946,3398,54,1,73.69,73.69
5947,3398,95,1,68.19,68.19
5948,3399,18,1,104.51,104.51
5949,3399,50,2,24.92,49.84
5950,3399,72,1,90.43,90.43
5951,3399,68,1,25.01,25.01
5952,3400,96,1,167.08,167.08
5953,3401,80,1,163.07,163.07
5954,3402,44,2,180.29,360.58
5955,3402,43,1,42.12,42.12
5956,3403,65,1,94.21,94.21
5957,3404,133,2,131.41,262.82
5958,3404,76,1,78.32,78.32
5959,3405,132,2,111.89,223.78
5960,3406,102,1,123.35,123.35
5961,3407,109,1,97.53,97.53
5962,3408,53,1,34.65,34.65
5963,3408,94,1,114.63,114.63
5964,3409,35,2,118.14,236.28
5965,3410,22,1,45.93,45.93
5966,3410,129,1,82.98,82.98
5967,3410,85,1,94.04,94.04
5968,3411,21,1,36.73,36.73
5969,3412,48,2,42.1,84.2
5970,3413,112,1,51.13,51.13
5971,3414,132,1,111.89,111.89
5972,3415,78,3,101.79,305.37
5973,3416,23,1,47.63,47.63
5974,3416,145,1,101.8,101.8
5975,3416,95,2,68.19,136.38
5976,3416,98,1,98.76,98.76
5977,3417,67,3,36.36,109.08
5978,3417,97,3,167.71,503.13
5979,3418,111,3,25.05,75.15
5980,3419,49,1,61.05,61.05
5981,3420,33,1,47.02,47.02
5982,3420,82,1,126.68,126.68
5983,3420,48,2,42.1,84.2
5984,3421,107,2,121.33,242.66
5985,3422,28,2,32.28,64.56
5986,3422,24,1,30.79,30.79
5987,3422,127,3,56.25,168.75
5988,3423,119,1,89.03,89.03
5989,3423,22,1,45.93,45.93
5990,3423,25,1,102.53,102.53
5991,3424,44,1,180.29,180.29
5992,3425,43,1,42.12,42.12
5993,3426,69,1,101.23,101.23
5994,3426,99,1,115.68,115.68
5995,3426,104,1,42.67,42.67
5996,3427,38,1,97.25,97.25
5997,3428,92,1,107.96,107.96
5998,3429,51,1,38.0,38.0
5999,3430,65,1,94.21,94.21
6000,3430,128,1,102.12,102.12
6001,3431,124,1,19.86,19.86
6002,3431,121,3,92.86,278.58
6003,3432,48,1,42.1,42.1
6004,3433,54,1,73.69,73.69
6005,3434,79,1,90.2,90.2
6006,3434,128,1,102.12,102.12
6007,3434,9,1,31.04,31.04
6008,3434,139,2,56.23,112.46
6009,3435,50,1,24.92,24.92
6010,3435,88,1,30.63,30.63
6011,3435,8,1,47.18,47.18
6012,3436,98,1,98.76,98.76
6013,3436,65,2,94.21,188.42
6014,3436,104,2,42.67,85.34
6015,3437,10,1,115.41,115.41
6016,3438,98,1,98.76,98.76
6017,3439,9,1,31.04,31.04
6018,3439,85,2,94.04,188.08
6019,3440,42,1,94.67,94.67
6020,3441,113,1,110.24,110.24
6021,3441,65,1,94.21,94.21
6022,3442,116,1,99.25,99.25
6023,3443,111,2,25.05,50.1
6024,3443,66,1,105.26,105.26
6025,3444,79,1,90.2,90.2
6026,3444,7,3,96.04,288.12
6027,3445,105,2,66.0,132.0
6028,3445,106,1,111.49,111.49
6029,3445,111,1,25.05,25.05
6030,3445,12,2,108.7,217.4
6031,3446,3,3,29.93,89.79
6032,3446,129,2,82.98,165.96
6033,3447,142,1,104.52,104.52
6034,3447,57,1,43.25,43.25
6035,3448,74,1,109.3,109.3
6036,3448,73,1,70.7,70.7
6037,3449,56,1,65.84,65.84
6038,3450,47,1,44.74,44.74
6039,3451,138,3,104.13,312.39
6040,3451,110,2,113.16,226.32
6041,3451,9,1,31.04,31.04
6042,3452,19,2,69.78,139.56
6043,3453,48,1,42.1,42.1
6044,3453,100,2,63.47,126.94
6045,3453,14,1,153.24,153.24
6046,3453,65,1,94.21,94.21
6047,3454,18,2,104.51,209.02
6048,3454,146,2,135.82,271.64
6049,3455,126,1,50.25,50.25
6050,3455,9,1,31.04,31.04
6051,3456,113,1,110.24,110.24
6052,3457,108,1,89.12,89.12
6053,3458,83,2,110.09,220.18
6054,3459,69,2,101.23,202.46
6055,3460,137,1,95.99,95.99
6056,3460,47,1,44.74,44.74
6057,3460,79,3,90.2,270.6
6058,3460,131,1,156.36,156.36
6059,3461,50,2,24.92,49.84
6060,3462,95,1,68.19,68.19
6061,3463,49,3,61.05,183.15
6062,3464,25,1,102.53,102.53
6063,3465,102,1,123.35,123.35
6064,3466,96,1,167.08,167.08
6065,3467,9,1,31.04,31.04
6066,3468,33,1,47.02,47.02
6067,3469,61,1,180.83,180.83
6068,3469,70,3,27.52,82.56
6069,3470,131,2,156.36,312.72
6070,3470,116,1,99.25,99.25
6071,3471,124,1,19.86,19.86
6072,3472,89,1,23.55,23.55
6073,3473,95,1,68.19,68.19
6074,3474,1,1,20.32,20.32
6075,3475,148,1,135.92,135.92
6076,3475,36,1,79.89,79.89
6077,3476,16,2,37.81,75.62
6078,3476,110,1,113.16,113.16
6079,3477,65,1,94.21,94.21
6080,3477,135,1,113.07,113.07
6081,3477,77,1,69.72,69.72
6082,3478,105,1,66.0,66.0
6083,3478,64,1,63.14,63.14
6084,3479,89,1,23.55,23.55
6085,3480,57,1,43.25,43.25
6086,3481,140,1,66.92,66.92
6087,3481,3,1,29.93,29.93
6088,3481,49,1,61.05,61.05
6089,3482,67,1,36.36,36.36
6090,3483,30,2,112.19,224.38
6091,3484,47,1,44.74,44.74
6092,3484,21,1,36.73,36.73
6093,3484,34,1,167.82,167.82
6094,3485,147,3,77.95,233.85
6095,3486,23,1,47.63,47.63
6096,3486,108,1,89.12,89.12
6097,3487,3,1,29.93,29.93
6098,3487,90,2,39.66,79.32
6099,3488,48,1,42.1,42.1
6100,3488,21,3,36.73,110.19
6101,3489,72,2,90.43,180.86
6102,3489,30,3,112.19,336.57
6103,3490,148,1,135.92,135.92
6104,3490,114,1,93.96,93.96
6105,3491,90,2,39.66,79.32
6106,3491,50,1,24.92,24.92
6107,3492,61,2,180.83,361.66
6108,3492,137,1,95.99,95.99
6109,3492,52,3,81.24,243.72
6110,3493,118,1,49.84,49.84
6111,3494,48,1,42.1,42.1
6112,3494,146,1,135.82,135.82
6113,3494,1,1,20.32,20.32
6114,3495,115,1,114.0,114.0
6115,3495,33,2,47.02,94.04
6116,3495,20,1,43.77,43.77
6117,3495,102,1,123.35,123.35
6118,3496,129,1,82.98,82.98
6119,3496,118,2,49.84,99.68
6120,3497,43,2,42.12,84.24
6121,3497,106,1,111.49,111.49
6122,3498,103,1,53.36,53.36
6123,3498,101,1,160.16,160.16
6124,3499,16,1,37.81,37.81
6125,3500,86,3,94.49,283.47
6126,3501,23,2,47.63,95.26
6127,3501,37,1,104.19,104.19
6128,3501,40,1,33.35,33.35
6129,3502,103,1,53.36,53.36
6130,3502,60,2,34.01,68.02
6131,3503,93,1,56.41,56.41
6132,3503,140,1,66.92,66.92
6133,3504,143,1,50.23,50.23
6134,3504,9,2,31.04,62.08
6135,3504,63,3,111.53,334.59
6136,3505,145,1,101.8,101.8
6137,3506,4,2,48.57,97.14
6138,3506,113,1,110.24,110.24
6139,3507,71,1,21.91,21.91
6140,3507,91,1,72.73,72.73
6141,3507,29,3,91.23,273.69
6142,3508,122,1,74.91,74.91
6143,3509,9,1,31.04,31.04
6144,3510,86,1,94.49,94.49
6145,3510,32,2,135.32,270.64
6146,3511,135,1,113.07,113.07
6147,3512,45,2,106.3,212.6
6148,3513,95,1,68.19,68.19
6149,3513,75,1,52.19,52.19
6150,3513,72,1,90.43,90.43
6151,3514,81,2,48.07,96.14
6152,3515,111,2,25.05,50.1
6153,3516,58,2,65.57,131.14
6154,3517,103,1,53.36,53.36
6155,3517,63,2,111.53,223.06
6156,3518,37,1,104.19,104.19
6157,3518,27,1,96.2,96.2
6158,3519,78,3,101.79,305.37
6159,3520,124,1,19.86,19.86
6160,3521,87,1,73.76,73.76
6161,3522,45,1,106.3,106.3
6162,3523,108,1,89.12,89.12
6163,3524,141,2,33.34,66.68
6164,3524,21,2,36.73,73.46
6165,3524,27,1,96.2,96.2
6166,3525,41,1,135.53,135.53
6167,3525,22,1,45.93,45.93
6168,3525,138,1,104.13,104.13
6169,3526,11,1,113.47,113.47
6170,3527,19,1,69.78,69.78
6171,3528,38,2,97.25,194.5
6172,3529,91,1,72.73,72.73
6173,3530,118,2,49.84,99.68
6174,3531,91,1,72.73,72.73
6175,3531,65,1,94.21,94.21
6176,3532,67,3,36.36,109.08
6177,3533,57,1,43.25,43.25
6178,3534,135,2,113.07,226.14
6179,3535,139,1,56.23,56.23
6180,3536,30,1,112.19,112.19
6181,3536,119,1,89.03,89.03
6182,3537,90,1,39.66,39.66
6183,3538,78,1,101.79,101.79
6184,3538,66,3,105.26,315.78
6185,3539,4,2,48.57,97.14
6186,3539,41,1,135.53,135.53
6187,3539,28,2,32.28,64.56
6188,3540,102,1,123.35,123.35
6189,3540,100,3,63.47,190.41
6190,3541,95,1,68.19,68.19
6191,3541,142,1,104.52,104.52
6192,3542,82,2,126.68,253.36
6193,3543,122,1,74.91,74.91
6194,3543,51,1,38.0,38.0
6195,3544,65,1,94.21,94.21
6196,3545,20,1,43.77,43.77
6197,3546,130,1,92.74,92.74
6198,3546,114,1,93.96,93.96
6199,3547,20,2,43.77,87.54
6200,3548,101,2,160.16,320.32
6201,3549,108,1,89.12,89.12
6202,3550,22,1,45.93,45.93
6203,3551,5,1,49.7,49.7
6204,3551,91,1,72.73,72.73
6205,3552,127,1,56.25,56.25
6206,3553,87,1,73.76,73.76
6207,3553,39,2,159.15,318.3
6208,3554,1,1,20.32,20.32
6209,3554,80,3,163.07,489.21
6210,3554,82,1,126.68,126.68
6211,3555,52,1,81.24,81.24
6212,3555,64,2,63.14,126.28
6213,3556,80,2,163.07,326.14
6214,3557,64,1,63.14,63.14
6215,3558,136,1,70.88,70.88
6216,3559,69,1,101.23,101.23
6217,3559,11,1,113.47,113.47
6218,3560,78,1,101.79,101.79
6219,3561,79,1,90.2,90.2
6220,3562,25,2,102.53,205.06
6221,3562,41,3,135.53,406.59
6222,3563,15,1,123.75,123.75
6223,3563,145,1,101.8,101.8
6224,3563,138,1,104.13,104.13
6225,3564,59,2,93.3,186.6
6226,3564,110,1,113.16,113.16
6227,3564,116,3,99.25,297.75
6228,3565,144,1,141.3,141.3
6229,3566,126,1,50.25,50.25
6230,3567,69,1,101.23,101.23
6231,3567,85,3,94.04,282.12
6232,3568,90,3,39.66,118.98
6233,3569,43,1,42.12,42.12
6234,3569,131,2,156.36,312.72
6235,3570,17,1,122.66,122.66
6236,3571,51,1,38.0,38.0
6237,3571,85,1,94.04,94.04
6238,3571,50,3,24.92,74.76
6239,3572,111,2,25.05,50.1
6240,3573,72,1,90.43,90.43
6241,3574,110,1,113.16,113.16
6242,3575,146,1,135.82,135.82
6243,3575,46,1,77.71,77.71
6244,3576,50,1,24.92,24.92
6245,3576,138,1,104.13,104.13
6246,3577,68,2,25.01,50.02
6247,3578,69,1,101.23,101.23
6248,3578,30,2,112.19,224.38
6249,3579,56,2,65.84,131.68
6250,3580,79,1,90.2,90.2
6251,3580,134,2,115.02,230.04
6252,3581,54,1,73.69,73.69
6253,3581,145,1,101.8,101.8
6254,3582,109,1,97.53,97.53
6255,3582,72,2,90.43,180.86
6256,3583,117,2,88.88,177.76
6257,3584,47,1,44.74,44.74
6258,3585,75,1,52.19,52.19
6259,3585,146,2,135.82,271.64
6260,3586,29,3,91.23,273.69
6261,3586,24,1,30.79,30.79
6262,3587,131,1,156.36,156.36
6263,3587,105,2,66.0,132.0
6264,3588,69,1,101.23,101.23
6265,3588,6,1,51.08,51.08
6266,3589,82,1,126.68,126.68
6267,3589,111,1,25.05,25.05
6268,3590,131,2,156.36,312.72
6269,3591,144,1,141.3,141.3
6270,3591,3,2,29.93,59.86
6271,3592,11,1,113.47,113.47
6272,3593,146,1,135.82,135.82
6273,3593,14,1,153.24,153.24
6274,3594,79,1,90.2,90.2
6275,3594,28,1,32.28,32.28
6276,3594,71,2,21.91,43.82
6277,3595,60,2,34.01,68.02
6278,3596,79,3,90.2,270.6
6279,3596,73,1,70.7,70.7
6280,3596,11,1,113.47,113.47
6281,3597,49,3,61.05,183.15
6282,3597,140,2,66.92,133.84
6283,3598,41,1,135.53,135.53
6284,3599,128,2,102.12,204.24
6285,3599,45,1,106.3,106.3
6286,3600,58,1,65.57,65.57
6287,3601,33,2,47.02,94.04
6288,3602,24,3,30.79,92.37
6289,3602,113,1,110.24,110.24
6290,3603,97,1,167.71,167.71
6291,3603,120,1,108.5,108.5
6292,3604,50,1,24.92,24.92
6293,3604,35,1,118.14,118.14
6294,3604,56,1,65.84,65.84
6295,3604,91,2,72.73,145.46
6296,3605,91,1,72.73,72.73
6297,3605,16,3,37.81,113.43
6298,3605,83,1,110.09,110.09
6299,3605,17,1,122.66,122.66
6300,3606,148,1,135.92,135.92
6301,3606,72,1,90.43,90.43
6302,3606,41,1,135.53,135.53
6303,3607,83,3,110.09,330.27
6304,3607,134,1,115.02,115.02
6305,3608,77,2,69.72,139.44
6306,3608,131,1,156.36,156.36
6307,3608,98,2,98.76,197.52
6308,3609,21,2,36.73,73.46
6309,3609,90,1,39.66,39.66
6310,3610,136,1,70.88,70.88
6311,3611,120,2,108.5,217.0
6312,3612,42,1,94.67,94.67
6313,3613,108,1,89.12,89.12
6314,3614,38,1,97.25,97.25
6315,3615,9,2,31.04,62.08
6316,3615,109,3,97.53,292.59
6317,3615,80,1,163.07,163.07
6318,3616,14,1,153.24,153.24
6319,3616,64,2,63.14,126.28
6320,3616,32,1,135.32,135.32
6321,3617,47,1,44.74,44.74
6322,3617,100,1,63.47,63.47
6323,3618,137,1,95.99,95.99
6324,3618,18,1,104.51,104.51
6325,3619,12,1,108.7,108.7
6326,3619,27,1,96.2,96.2
6327,3619,23,1,47.63,47.63
6328,3619,108,1,89.12,89.12
6329,3620,27,1,96.2,96.2
6330,3620,92,1,107.96,107.96
6331,3621,4,1,48.57,48.57
6332,3622,20,3,43.77,131.31
6333,3623,53,2,34.65,69.3
6334,3624,100,2,63.47,126.94
6335,3624,89,1,23.55,23.55
6336,3624,50,3,24.92,74.76
6337,3625,20,1,43.77,43.77
6338,3625,113,1,110.24,110.24
6339,3625,126,1,50.25,50.25
6340,3626,41,1,135.53,135.53
6341,3626,61,1,180.83,180.83
6342,3626,101,1,160.16,160.16
6343,3626,145,1,101.8,101.8
6344,3627,106,1,111.49,111.49
6345,3627,35,1,118.14,118.14
6346,3628,123,2,90.9,181.8
6347,3628,59,1,93.3,93.3
6348,3629,19,1,69.78,69.78
6349,3630,98,1,98.76,98.76
6350,3631,88,1,30.63,30.63
6351,3632,72,1,90.43,90.43
6352,3633,30,1,112.19,112.19
6353,3633,95,1,68.19,68.19
6354,3633,39,2,159.15,318.3
6355,3633,17,1,122.66,122.66
6356,3634,79,1,90.2,90.2
6357,3635,118,1,49.84,49.84
6358,3635,36,1,79.89,79.89
6359,3636,17,2,122.66,245.32
6360,3636,59,2,93.3,186.6
6361,3637,82,2,126.68,253.36
6362,3638,44,3,180.29,540.87
6363,3638,147,1,77.95,77.95
6364,3638,135,1,113.07,113.07
6365,3639,3,1,29.93,29.93
6366,3640,112,3,51.13,153.39
6367,3641,24,1,30.79,30.79
6368,3642,72,1,90.43,90.43
6369,3642,26,1,60.62,60.62
6370,3643,109,1,97.53,97.53
6371,3644,20,1,43.77,43.77
6372,3644,147,3,77.95,233.85
6373,3645,104,1,42.67,42.67
6374,3646,5,1,49.7,49.7
6375,3647,45,1,106.3,106.3
6376,3647,68,1,25.01,25.01
6377,3648,83,2,110.09,220.18
6378,3648,53,2,34.65,69.3
6379,3649,84,3,112.96,338.88
6380,3649,125,2,99.26,198.52
6381,3650,113,2,110.24,220.48
6382,3651,140,1,66.92,66.92
6383,3651,51,2,38.0,76.0
6384,3652,32,1,135.32,135.32
6385,3653,106,3,111.49,334.47
6386,3654,139,3,56.23,168.69
6387,3655,18,1,104.51,104.51
6388,3656,8,1,47.18,47.18
6389,3656,139,1,56.23,56.23
6390,3656,133,1,131.41,131.41
6391,3657,57,1,43.25,43.25
6392,3657,105,1,66.0,66.0
6393,3658,133,3,131.41,394.23
6394,3658,42,2,94.67,189.34
6395,3658,82,1,126.68,126.68
6396,3659,58,1,65.57,65.57
6397,3660,106,1,111.49,111.49
6398,3661,147,1,77.95,77.95
6399,3662,101,1,160.16,160.16
6400,3663,91,1,72.73,72.73
6401,3664,28,1,32.28,32.28
6402,3664,120,2,108.5,217.0
6403,3665,45,1,106.3,106.3
6404,3665,62,2,41.29,82.58
6405,3666,112,1,51.13,51.13
6406,3666,42,3,94.67,284.01
6407,3667,26,2,60.62,121.24
6408,3667,13,1,105.94,105.94
6409,3668,29,2,91.23,182.46
6410,3668,99,2,115.68,231.36
6411,3669,133,1,131.41,131.41
6412,3669,117,1,88.88,88.88
6413,3670,32,3,135.32,405.96
6414,3671,120,1,108.5,108.5
6415,3672,90,1,39.66,39.66
6416,3672,34,3,167.82,503.46
6417,3673,33,2,47.02,94.04
6418,3673,105,1,66.0,66.0
6419,3673,66,1,105.26,105.26
6420,3674,133,3,131.41,394.23
6421,3674,147,1,77.95,77.95
6422,3675,89,1,23.55,23.55
6423,3675,72,1,90.43,90.43
6424,3675,63,2,111.53,223.06
6425,3675,146,1,135.82,135.82
6426,3676,70,1,27.52,27.52
6427,3676,34,1,167.82,167.82
6428,3677,53,1,34.65,34.65
6429,3678,137,1,95.99,95.99
6430,3678,67,1,36.36,36.36
6431,3678,10,1,115.41,115.41
6432,3678,92,1,107.96,107.96
6433,3679,48,1,42.1,42.1
6434,3679,42,1,94.67,94.67
6435,3680,117,1,88.88,88.88
6436,3681,43,1,42.12,42.12
6437,3682,34,1,167.82,167.82
6438,3683,142,2,104.52,209.04
6439,3683,69,1,101.23,101.23
6440,3684,61,1,180.83,180.83
6441,3684,110,1,113.16,113.16
6442,3685,97,1,167.71,167.71
6443,3685,138,3,104.13,312.39
6444,3685,18,1,104.51,104.51
6445,3686,105,1,66.0,66.0
6446,3686,90,2,39.66,79.32
6447,3687,118,1,49.84,49.84
6448,3687,101,1,160.16,160.16
6449,3688,45,1,106.3,106.3
6450,3688,42,3,94.67,284.01
6451,3688,97,1,167.71,167.71
6452,3689,144,2,141.3,282.6
6453,3689,114,1,93.96,93.96
6454,3689,89,3,23.55,70.65
6455,3690,1,2,20.32,40.64
6456,3690,116,1,99.25,99.25
6457,3691,86,1,94.49,94.49
6458,3691,37,1,104.19,104.19
6459,3691,148,1,135.92,135.92
6460,3692,112,1,51.13,51.13
6461,3693,35,1,118.14,118.14
6462,3693,118,1,49.84,49.84
6463,3693,40,1,33.35,33.35
6464,3694,31,1,85.02,85.02
6465,3694,98,2,98.76,197.52
6466,3694,14,2,153.24,306.48
6467,3695,137,2,95.99,191.98
6468,3696,120,1,108.5,108.5
6469,3697,125,3,99.26,297.78
6470,3698,92,2,107.96,215.92
6471,3698,116,1,99.25,99.25
6472,3699,29,1,91.23,91.23
6473,3700,57,1,43.25,43.25
6474,3701,9,1,31.04,31.04
6475,3702,58,1,65.57,65.57
6476,3702,105,1,66.0,66.0
6477,3703,108,1,89.12,89.12
6478,3704,115,1,114.0,114.0
6479,3704,6,1,51.08,51.08
6480,3705,101,1,160.16,160.16
6481,3706,40,1,33.35,33.35
6482,3707,32,1,135.32,135.32
6483,3707,36,2,79.89,159.78
6484,3707,95,1,68.19,68.19
6485,3708,14,1,153.24,153.24
6486,3709,106,2,111.49,222.98
6487,3710,59,1,93.3,93.3
6488,3710,124,1,19.86,19.86
6489,3711,100,1,63.47,63.47
6490,3711,107,1,121.33,121.33
6491,3712,26,1,60.62,60.62
6492,3713,90,1,39.66,39.66
6493,3713,3,2,29.93,59.86
6494,3713,82,3,126.68,380.04
6495,3713,136,1,70.88,70.88
6496,3714,9,1,31.04,31.04
6497,3715,96,1,167.08,167.08
6498,3715,56,1,65.84,65.84
6499,3716,3,1,29.93,29.93
6500,3716,130,2,92.74,185.48
6501,3716,80,1,163.07,163.07
6502,3716,85,1,94.04,94.04
6503,3717,10,1,115.41,115.41
6504,3718,111,2,25.05,50.1
6505,3718,9,1,31.04,31.04
6506,3719,79,2,90.2,180.4
6507,3720,126,1,50.25,50.25
6508,3721,37,3,104.19,312.57
6509,3721,2,1,127.2,127.2
6510,3722,43,1,42.12,42.12
6511,3722,147,1,77.95,77.95
6512,3722,56,1,65.84,65.84
6513,3723,40,1,33.35,33.35
6514,3723,128,1,102.12,102.12
6515,3724,90,1,39.66,39.66
6516,3725,71,2,21.91,43.82
6517,3725,122,1,74.91,74.91
6518,3726,87,1,73.76,73.76
6519,3727,85,1,94.04,94.04
6520,3728,59,2,93.3,186.6
6521,3728,62,1,41.29,41.29
6522,3729,2,2,127.2,254.4
6523,3730,66,3,105.26,315.78
6524,3731,32,2,135.32,270.64
6525,3731,86,1,94.49,94.49
6526,3731,37,1,104.19,104.19
6527,3731,19,1,69.78,69.78
6528,3732,93,1,56.41,56.41
6529,3733,113,3,110.24,330.72
6530,3734,56,2,65.84,131.68
6531,3734,143,1,50.23,50.23
6532,3735,23,1,47.63,47.63
6533,3735,10,1,115.41,115.41
6534,3736,56,1,65.84,65.84
6535,3737,104,2,42.67,85.34
6536,3738,113,3,110.24,330.72
6537,3738,77,2,69.72,139.44
6538,3738,46,2,77.71,155.42
6539,3739,75,2,52.19,104.38
6540,3740,26,3,60.62,181.86
6541,3740,4,1,48.57,48.57
6542,3741,137,1,95.99,95.99
6543,3742,105,1,66.0,66.0
6544,3742,39,1,159.15,159.15
6545,3743,131,2,156.36,312.72
6546,3743,123,1,90.9,90.9
6547,3743,65,1,94.21,94.21
6548,3743,86,2,94.49,188.98
6549,3744,32,1,135.32,135.32
6550,3744,44,1,180.29,180.29
6551,3744,141,1,33.34,33.34
6552,3745,110,2,113.16,226.32
6553,3746,143,1,50.23,50.23
6554,3747,34,1,167.82,167.82
6555,3747,81,3,48.07,144.21
6556,3748,73,1,70.7,70.7
6557,3749,148,1,135.92,135.92
6558,3749,77,1,69.72,69.72
6559,3750,110,1,113.16,113.16
6560,3750,62,1,41.29,41.29
6561,3750,29,1,91.23,91.23
6562,3750,103,1,53.36,53.36
6563,3751,40,1,33.35,33.35
6564,3751,65,1,94.21,94.21
6565,3751,130,1,92.74,92.74
6566,3752,94,1,114.63,114.63
6567,3752,114,2,93.96,187.92
6568,3752,135,1,113.07,113.07
6569,3753,121,1,92.86,92.86
6570,3753,22,2,45.93,91.86
6571,3753,95,1,68.19,68.19
6572,3754,96,1,167.08,167.08
6573,3754,70,1,27.52,27.52
6574,3754,102,1,123.35,123.35
6575,3755,133,1,131.41,131.41
6576,3756,23,1,47.63,47.63
6577,3757,74,1,109.3,109.3
6578,3757,45,1,106.3,106.3
6579,3757,136,2,70.88,141.76
6580,3757,75,1,52.19,52.19
6581,3758,119,2,89.03,178.06
6582,3759,131,3,156.36,469.08
6583,3760,141,1,33.34,33.34
6584,3761,56,1,65.84,65.84
6585,3762,51,2,38.0,76.0
6586,3763,30,2,112.19,224.38
6587,3764,74,2,109.3,218.6
6588,3765,38,1,97.25,97.25
6589,3765,93,2,56.41,112.82
6590,3766,26,1,60.62,60.62
6591,3767,68,2,25.01,50.02
6592,3768,85,1,94.04,94.04
6593,3769,6,1,51.08,51.08
6594,3769,123,1,90.9,90.9
6595,3770,52,1,81.24,81.24
6596,3770,105,1,66.0,66.0
6597,3771,138,1,104.13,104.13
6598,3772,67,3,36.36,109.08
6599,3772,140,1,66.92,66.92
6600,3772,103,1,53.36,53.36
6601,3773,111,1,25.05,25.05
6602,3774,11,2,113.47,226.94
6603,3775,36,1,79.89,79.89
6604,3775,9,1,31.04,31.04
6605,3775,97,1,167.71,167.71
6606,3776,145,1,101.8,101.8
6607,3776,127,1,56.25,56.25
6608,3777,31,1,85.02,85.02
6609,3777,128,1,102.12,102.12
6610,3777,8,1,47.18,47.18
6611,3777,4,1,48.57,48.57
6612,3778,49,1,61.05,61.05
6613,3778,88,1,30.63,30.63
6614,3779,137,1,95.99,95.99
6615,3780,6,2,51.08,102.16
6616,3781,144,1,141.3,141.3
6617,3781,95,1,68.19,68.19
6618,3782,148,1,135.92,135.92
6619,3782,90,1,39.66,39.66
6620,3783,113,1,110.24,110.24
6621,3783,93,1,56.41,56.41
6622,3784,128,3,102.12,306.36
6623,3785,62,1,41.29,41.29
6624,3786,79,1,90.2,90.2
6625,3787,137,1,95.99,95.99
6626,3788,25,1,102.53,102.53
6627,3788,5,1,49.7,49.7
6628,3788,97,1,167.71,167.71
6629,3789,96,1,167.08,167.08
6630,3790,113,1,110.24,110.24
6631,3791,63,1,111.53,111.53
6632,3792,119,1,89.03,89.03
6633,3792,141,2,33.34,66.68
6634,3792,36,1,79.89,79.89
6635,3792,135,1,113.07,113.07
6636,3793,31,1,85.02,85.02
6637,3794,130,1,92.74,92.74
6638,3795,86,1,94.49,94.49
6639,3796,120,1,108.5,108.5
6640,3796,132,1,111.89,111.89
6641,3797,3,1,29.93,29.93
6642,3797,5,1,49.7,49.7
6643,3798,131,3,156.36,469.08
6644,3798,59,1,93.3,93.3
6645,3799,58,1,65.57,65.57
6646,3800,130,1,92.74,92.74
6647,3800,57,1,43.25,43.25
6648,3800,118,1,49.84,49.84
6649,3801,16,1,37.81,37.81
6650,3801,128,2,102.12,204.24
6651,3802,68,1,25.01,25.01
6652,3802,123,1,90.9,90.9
6653,3802,121,1,92.86,92.86
6654,3803,137,1,95.99,95.99
6655,3803,8,1,47.18,47.18
6656,3804,31,1,85.02,85.02
6657,3804,48,1,42.1,42.1
6658,3805,2,1,127.2,127.2
6659,3806,21,3,36.73,110.19
6660,3806,4,1,48.57,48.57
6661,3806,6,2,51.08,102.16
6662,3806,53,2,34.65,69.3
6663,3807,148,1,135.92,135.92
6664,3807,69,1,101.23,101.23
6665,3808,52,1,81.24,81.24
6666,3809,3,1,29.93,29.93
6667,3809,18,1,104.51,104.51
6668,3810,120,1,108.5,108.5
6669,3810,28,2,32.28,64.56
6670,3810,31,1,85.02,85.02
6671,3811,122,1,74.91,74.91
6672,3811,75,1,52.19,52.19
6673,3812,118,1,49.84,49.84
6674,3813,55,1,136.68,136.68
6675,3813,21,2,36.73,73.46
6676,3813,98,2,98.76,197.52
6677,3814,112,2,51.13,102.26
6678,3815,137,1,95.99,95.99
6679,3816,86,1,94.49,94.49
6680,3816,38,2,97.25,194.5
6681,3816,72,1,90.43,90.43
6682,3817,138,1,104.13,104.13
6683,3817,3,1,29.93,29.93
6684,3817,142,1,104.52,104.52
6685,3818,123,1,90.9,90.9
6686,3819,137,1,95.99,95.99
6687,3819,31,1,85.02,85.02
6688,3819,57,1,43.25,43.25
6689,3819,9,2,31.04,62.08
6690,3820,4,1,48.57,48.57
6691,3821,61,1,180.83,180.83
6692,3822,64,2,63.14,126.28
6693,3822,110,1,113.16,113.16
6694,3823,116,2,99.25,198.5
6695,3824,82,1,126.68,126.68
6696,3825,42,1,94.67,94.67
6697,3826,1,1,20.32,20.32
6698,3827,139,1,56.23,56.23
6699,3827,117,3,88.88,266.64
6700,3828,135,2,113.07,226.14
6701,3829,84,3,112.96,338.88
6702,3829,24,1,30.79,30.79
6703,3830,82,2,126.68,253.36
6704,3831,139,1,56.23,56.23
6705,3832,86,1,94.49,94.49
6706,3833,6,2,51.08,102.16
6707,3834,138,3,104.13,312.39
6708,3834,3,1,29.93,29.93
6709,3834,7,1,96.04,96.04
6710,3834,59,1,93.3,93.3
6711,3835,60,1,34.01,34.01
6712,3836,107,2,121.33,242.66
6713,3837,73,1,70.7,70.7
6714,3837,31,1,85.02,85.02
6715,3838,54,1,73.69,73.69
6716,3839,138,2,104.13,208.26
6717,3839,108,1,89.12,89.12
6718,3840,1,1,20.32,20.32
6719,3841,11,2,113.47,226.94
6720,3841,16,1,37.81,37.81
6721,3842,35,1,118.14,118.14
6722,3842,64,1,63.14,63.14
6723,3843,6,1,51.08,51.08
6724,3843,83,3,110.09,330.27
6725,3844,92,1,107.96,107.96
6726,3845,136,2,70.88,141.76
6727,3846,13,1,105.94,105.94
6728,3846,32,2,135.32,270.64
6729,3846,6,3,51.08,153.24
6730,3846,8,2,47.18,94.36
6731,3847,3,2,29.93,59.86
6732,3847,90,1,39.66,39.66
6733,3847,56,1,65.84,65.84
6734,3848,60,1,34.01,34.01
6735,3848,28,1,32.28,32.28
6736,3849,52,3,81.24,243.72
6737,3849,92,1,107.96,107.96
6738,3849,68,1,25.01,25.01
6739,3850,30,2,112.19,224.38
6740,3850,90,2,39.66,79.32
6741,3851,54,1,73.69,73.69
6742,3851,106,3,111.49,334.47
6743,3852,89,1,23.55,23.55
6744,3853,135,2,113.07,226.14
6745,3853,76,1,78.32,78.32
6746,3853,115,1,114.0,114.0
6747,3854,101,1,160.16,160.16
6748,3854,86,2,94.49,188.98
6749,3854,38,2,97.25,194.5
6750,3855,111,1,25.05,25.05
6751,3856,48,1,42.1,42.1
6752,3856,13,1,105.94,105.94
6753,3856,111,1,25.05,25.05
6754,3856,82,1,126.68,126.68
6755,3857,36,1,79.89,79.89
6756,3857,30,1,112.19,112.19
6757,3857,26,1,60.62,60.62
6758,3858,119,1,89.03,89.03
6759,3859,95,1,68.19,68.19
6760,3860,11,3,113.47,340.41
6761,3860,1,2,20.32,40.64
6762,3861,142,2,104.52,209.04
6763,3861,130,3,92.74,278.22
6764,3861,8,2,47.18,94.36
6765,3862,57,1,43.25,43.25
6766,3862,3,2,29.93,59.86
6767,3862,38,3,97.25,291.75
6768,3863,7,2,96.04,192.08
6769,3864,5,1,49.7,49.7
6770,3864,94,1,114.63,114.63
6771,3865,7,3,96.04,288.12
6772,3865,55,1,136.68,136.68
6773,3866,63,1,111.53,111.53
6774,3866,95,1,68.19,68.19
6775,3867,50,3,24.92,74.76
6776,3867,45,1,106.3,106.3
6777,3868,59,1,93.3,93.3
6778,3868,144,1,141.3,141.3
6779,3869,140,1,66.92,66.92
6780,3869,51,1,38.0,38.0
6781,3870,42,2,94.67,189.34
6782,3871,97,3,167.71,503.13
6783,3871,113,3,110.24,330.72
6784,3872,9,1,31.04,31.04
6785,3873,66,1,105.26,105.26
6786,3874,120,2,108.5,217.0
6787,3874,91,1,72.73,72.73
6788,3875,26,3,60.62,181.86
6789,3875,98,2,98.76,197.52
6790,3876,113,1,110.24,110.24
6791,3877,88,1,30.63,30.63
6792,3878,117,1,88.88,88.88
6793,3878,101,1,160.16,160.16
6794,3878,71,1,21.91,21.91
6795,3879,148,1,135.92,135.92
6796,3880,77,1,69.72,69.72
6797,3880,148,1,135.92,135.92
6798,3881,106,1,111.49,111.49
6799,3882,52,1,81.24,81.24
6800,3882,88,2,30.63,61.26
6801,3882,126,1,50.25,50.25
6802,3883,55,3,136.68,410.04
6803,3884,22,1,45.93,45.93
6804,3885,140,1,66.92,66.92
6805,3886,39,2,159.15,318.3
6806,3887,111,2,25.05,50.1
6807,3887,47,1,44.74,44.74
6808,3887,35,1,118.14,118.14
6809,3888,89,1,23.55,23.55
6810,3889,84,1,112.96,112.96
6811,3890,96,1,167.08,167.08
6812,3890,10,2,115.41,230.82
6813,3890,145,1,101.8,101.8
6814,3891,69,1,101.23,101.23
6815,3891,102,2,123.35,246.7
6816,3891,52,2,81.24,162.48
6817,3892,52,3,81.24,243.72
6818,3892,58,3,65.57,196.71
6819,3893,82,1,126.68,126.68
6820,3893,54,1,73.69,73.69
6821,3894,48,2,42.1,84.2
6822,3894,20,1,43.77,43.77
6823,3894,56,3,65.84,197.52
6824,3895,67,2,36.36,72.72
6825,3896,56,1,65.84,65.84
6826,3896,112,3,51.13,153.39
6827,3896,32,1,135.32,135.32
6828,3897,67,1,36.36,36.36
6829,3898,76,1,78.32,78.32
6830,3899,80,1,163.07,163.07
6831,3899,105,3,66.0,198.0
6832,3900,24,1,30.79,30.79
6833,3900,58,1,65.57,65.57
6834,3901,145,1,101.8,101.8
6835,3901,126,1,50.25,50.25
6836,3902,44,1,180.29,180.29
6837,3903,62,1,41.29,41.29
6838,3904,5,1,49.7,49.7
6839,3904,76,1,78.32,78.32
6840,3905,131,1,156.36,156.36
6841,3906,121,1,92.86,92.86
6842,3906,63,1,111.53,111.53
6843,3906,144,2,141.3,282.6
6844,3907,137,3,95.99,287.97
6845,3908,30,1,112.19,112.19
6846,3908,132,1,111.89,111.89
6847,3909,93,1,56.41,56.41
6848,3909,114,2,93.96,187.92
6849,3910,53,2,34.65,69.3
6850,3910,81,1,48.07,48.07
6851,3910,128,1,102.12,102.12
6852,3911,37,2,104.19,208.38
6853,3912,37,1,104.19,104.19
6854,3913,79,3,90.2,270.6
6855,3913,142,1,104.52,104.52
6856,3913,80,1,163.07,163.07
6857,3914,44,1,180.29,180.29
6858,3915,84,2,112.96,225.92
6859,3916,95,1,68.19,68.19
6860,3917,43,1,42.12,42.12
6861,3917,40,1,33.35,33.35
6862,3918,125,1,99.26,99.26
6863,3919,72,1,90.43,90.43
6864,3919,27,2,96.2,192.4
6865,3920,65,1,94.21,94.21
6866,3920,29,2,91.23,182.46
6867,3920,101,1,160.16,160.16
6868,3920,84,1,112.96,112.96
6869,3921,133,1,131.41,131.41
6870,3921,37,1,104.19,104.19
6871,3921,126,2,50.25,100.5
6872,3922,28,3,32.28,96.84
6873,3922,142,1,104.52,104.52
6874,3923,65,1,94.21,94.21
6875,3924,13,2,105.94,211.88
6876,3925,130,1,92.74,92.74
6877,3925,113,1,110.24,110.24
6878,3926,85,1,94.04,94.04
6879,3927,131,1,156.36,156.36
6880,3928,144,1,141.3,141.3
6881,3928,92,1,107.96,107.96
6882,3928,129,1,82.98,82.98
6883,3929,54,1,73.69,73.69
6884,3929,111,3,25.05,75.15
6885,3929,63,3,111.53,334.59
6886,3930,79,3,90.2,270.6
6887,3931,146,2,135.82,271.64
6888,3931,73,1,70.7,70.7
6889,3931,133,1,131.41,131.41
6890,3932,57,1,43.25,43.25
6891,3933,147,2,77.95,155.9
6892,3933,55,1,136.68,136.68
6893,3933,76,1,78.32,78.32
6894,3934,10,1,115.41,115.41
6895,3934,72,1,90.43,90.43
6896,3935,77,1,69.72,69.72
6897,3936,93,1,56.41,56.41
6898,3937,118,3,49.84,149.52
6899,3937,27,1,96.2,96.2
6900,3938,65,1,94.21,94.21
6901,3938,10,1,115.41,115.41
6902,3938,77,1,69.72,69.72
6903,3939,63,2,111.53,223.06
6904,3939,116,3,99.25,297.75
6905,3940,62,2,41.29,82.58
6906,3940,63,2,111.53,223.06
6907,3940,82,1,126.68,126.68
6908,3941,133,2,131.41,262.82
6909,3942,43,3,42.12,126.36
6910,3942,39,1,159.15,159.15
6911,3942,64,2,63.14,126.28
6912,3943,12,1,108.7,108.7
6913,3943,72,1,90.43,90.43
6914,3944,5,1,49.7,49.7
6915,3945,79,1,90.2,90.2
6916,3945,47,2,44.74,89.48
6917,3946,5,1,49.7,49.7
6918,3947,17,1,122.66,122.66
6919,3948,103,1,53.36,53.36
6920,3948,26,1,60.62,60.62
6921,3949,63,1,111.53,111.53
6922,3949,82,1,126.68,126.68
6923,3950,50,1,24.92,24.92
6924,3951,24,1,30.79,30.79
6925,3952,103,3,53.36,160.08
6926,3952,69,1,101.23,101.23
6927,3952,97,1,167.71,167.71
6928,3953,123,1,90.9,90.9
6929,3954,63,3,111.53,334.59
6930,3955,101,1,160.16,160.16
6931,3955,16,1,37.81,37.81
6932,3956,85,2,94.04,188.08
6933,3956,6,1,51.08,51.08
6934,3957,101,1,160.16,160.16
6935,3957,138,1,104.13,104.13
6936,3958,30,1,112.19,112.19
6937,3958,68,2,25.01,50.02
6938,3959,145,1,101.8,101.8
6939,3959,100,3,63.47,190.41
6940,3960,27,2,96.2,192.4
6941,3960,100,1,63.47,63.47
6942,3961,3,1,29.93,29.93
6943,3962,3,1,29.93,29.93
6944,3963,44,1,180.29,180.29
6945,3964,33,3,47.02,141.06
6946,3965,38,2,97.25,194.5
6947,3965,132,1,111.89,111.89
6948,3966,121,3,92.86,278.58
6949,3966,50,1,24.92,24.92
6950,3966,145,1,101.8,101.8
6951,3967,136,1,70.88,70.88
6952,3968,86,1,94.49,94.49
6953,3969,64,1,63.14,63.14
6954,3969,24,1,30.79,30.79
6955,3969,95,1,68.19,68.19
6956,3969,8,2,47.18,94.36
6957,3970,14,1,153.24,153.24
6958,3971,73,1,70.7,70.7
6959,3971,97,2,167.71,335.42
6960,3971,1,1,20.32,20.32
6961,3972,34,1,167.82,167.82
6962,3973,63,3,111.53,334.59
6963,3974,24,1,30.79,30.79
6964,3975,69,1,101.23,101.23
6965,3975,88,2,30.63,61.26
6966,3976,10,2,115.41,230.82
6967,3977,124,1,19.86,19.86
6968,3978,27,1,96.2,96.2
6969,3978,44,1,180.29,180.29
6970,3979,95,1,68.19,68.19
6971,3980,55,2,136.68,273.36
6972,3980,30,2,112.19,224.38
6973,3981,36,2,79.89,159.78
6974,3981,26,2,60.62,121.24
6975,3981,114,1,93.96,93.96
6976,3981,59,1,93.3,93.3
6977,3982,45,1,106.3,106.3
6978,3983,16,2,37.81,75.62
6979,3983,9,1,31.04,31.04
6980,3983,28,2,32.28,64.56
6981,3984,104,2,42.67,85.34
6982,3984,131,1,156.36,156.36
6983,3985,92,2,107.96,215.92
6984,3985,136,1,70.88,70.88
6985,3986,78,2,101.79,203.58
6986,3986,133,1,131.41,131.41
6987,3986,26,1,60.62,60.62
6988,3986,97,1,167.71,167.71
6989,3987,142,1,104.52,104.52
6990,3988,7,2,96.04,192.08
6991,3989,141,1,33.34,33.34
6992,3989,117,2,88.88,177.76
6993,3989,77,3,69.72,209.16
6994,3990,67,1,36.36,36.36
6995,3991,38,1,97.25,97.25
6996,3991,111,2,25.05,50.1
6997,3992,99,2,115.68,231.36
6998,3992,66,1,105.26,105.26
6999,3993,16,2,37.81,75.62
7000,3994,86,2,94.49,188.98
7001,3994,48,1,42.1,42.1
7002,3995,128,1,102.12,102.12
7003,3996,87,1,73.76,73.76
7004,3996,145,1,101.8,101.8
7005,3997,1,1,20.32,20.32
7006,3997,19,1,69.78,69.78
7007,3997,54,2,73.69,147.38
7008,3998,143,3,50.23,150.69
7009,3998,116,1,99.25,99.25
7010,3999,7,1,96.04,96.04
7011,4000,61,1,180.83,180.83
7012,4001,53,1,34.65,34.65
7013,4001,10,2,115.41,230.82
7014,4002,95,3,68.19,204.57
7015,4002,92,1,107.96,107.96
7016,4002,23,2,47.63,95.26
7017,4003,107,1,121.33,121.33
7018,4003,77,2,69.72,139.44
7019,4004,53,1,34.65,34.65
7020,4004,15,1,123.75,123.75
7021,4005,144,2,141.3,282.6
7022,4006,108,1,89.12,89.12
7023,4007,37,3,104.19,312.57
7024,4008,116,1,99.25,99.25
7025,4009,53,1,34.65,34.65
7026,4009,13,2,105.94,211.88
7027,4010,125,1,99.26,99.26
7028,4010,67,2,36.36,72.72
7029,4010,131,1,156.36,156.36
7030,4011,126,1,50.25,50.25
7031,4011,16,2,37.81,75.62
7032,4012,124,2,19.86,39.72
7033,4012,37,1,104.19,104.19
7034,4013,93,1,56.41,56.41
7035,4013,13,2,105.94,211.88
7036,4013,53,1,34.65,34.65
7037,4014,57,1,43.25,43.25
7038,4014,42,1,94.67,94.67
7039,4015,119,2,89.03,178.06
7040,4015,104,1,42.67,42.67
7041,4015,107,1,121.33,121.33
7042,4015,147,3,77.95,233.85
7043,4016,45,3,106.3,318.9
7044,4017,109,1,97.53,97.53
7045,4017,96,1,167.08,167.08
7046,4018,8,2,47.18,94.36
7047,4019,103,1,53.36,53.36
7048,4020,97,3,167.71,503.13
7049,4020,13,1,105.94,105.94
7050,4021,26,3,60.62,181.86
7051,4022,85,1,94.04,94.04
7052,4022,17,2,122.66,245.32
7053,4022,65,3,94.21,282.63
7054,4023,140,2,66.92,133.84
7055,4023,48,1,42.1,42.1
7056,4024,132,1,111.89,111.89
7057,4024,38,1,97.25,97.25
7058,4024,59,1,93.3,93.3
7059,4024,141,2,33.34,66.68
7060,4025,79,3,90.2,270.6
7061,4025,2,1,127.2,127.2
7062,4026,147,1,77.95,77.95
7063,4027,67,2,36.36,72.72
7064,4028,42,1,94.67,94.67
7065,4029,138,1,104.13,104.13
7066,4030,136,1,70.88,70.88
7067,4031,78,2,101.79,203.58
7068,4032,122,2,74.91,149.82
7069,4033,125,1,99.26,99.26
7070,4034,120,1,108.5,108.5
7071,4034,93,1,56.41,56.41
7072,4034,141,1,33.34,33.34
7073,4035,52,1,81.24,81.24
7074,4036,43,1,42.12,42.12
7075,4036,135,3,113.07,339.21
7076,4037,141,1,33.34,33.34
7077,4037,74,1,109.3,109.3
7078,4037,33,2,47.02,94.04
7079,4038,134,1,115.02,115.02
7080,4039,72,1,90.43,90.43
7081,4039,60,1,34.01,34.01
7082,4039,102,1,123.35,123.35
7083,4040,97,2,167.71,335.42
7084,4041,15,3,123.75,371.25
7085,4042,135,2,113.07,226.14
7086,4043,39,2,159.15,318.3
7087,4043,53,1,34.65,34.65
7088,4043,89,1,23.55,23.55
7089,4044,54,1,73.69,73.69
7090,4045,21,1,36.73,36.73
7091,4046,108,2,89.12,178.24
7092,4047,56,3,65.84,197.52
7093,4048,127,2,56.25,112.5
7094,4049,50,1,24.92,24.92
7095,4050,90,1,39.66,39.66
7096,4050,70,1,27.52,27.52
7097,4050,69,1,101.23,101.23
7098,4051,50,1,24.92,24.92
7099,4052,102,1,123.35,123.35
7100,4053,89,1,23.55,23.55
7101,4054,14,1,153.24,153.24
7102,4055,15,1,123.75,123.75
7103,4056,112,1,51.13,51.13
7104,4057,75,1,52.19,52.19
7105,4057,66,2,105.26,210.52
7106,4058,100,1,63.47,63.47
7107,4059,147,1,77.95,77.95
7108,4060,50,1,24.92,24.92
7109,4060,139,1,56.23,56.23
7110,4060,90,1,39.66,39.66
7111,4061,6,3,51.08,153.24
7112,4061,110,1,113.16,113.16
7113,4062,41,1,135.53,135.53
7114,4063,44,1,180.29,180.29
7115,4063,46,1,77.71,77.71
7116,4064,79,1,90.2,90.2
7117,4065,11,1,113.47,113.47
7118,4065,136,1,70.88,70.88
7119,4065,126,2,50.25,100.5
7120,4066,139,2,56.23,112.46
7121,4066,109,1,97.53,97.53
7122,4066,48,1,42.1,42.1
7123,4067,85,1,94.04,94.04
7124,4068,72,1,90.43,90.43
7125,4068,71,1,21.91,21.91
7126,4069,121,1,92.86,92.86
7127,4070,4,1,48.57,48.57
7128,4071,116,1,99.25,99.25
7129,4071,134,1,115.02,115.02
7130,4072,34,2,167.82,335.64
7131,4073,120,1,108.5,108.5
7132,4074,139,1,56.23,56.23
7133,4074,60,1,34.01,34.01
7134,4075,59,1,93.3,93.3
7135,4076,11,1,113.47,113.47
7136,4076,122,1,74.91,74.91
7137,4077,148,1,135.92,135.92
7138,4078,117,1,88.88,88.88
7139,4079,11,1,113.47,113.47
7140,4080,69,3,101.23,303.69
7141,4081,62,1,41.29,41.29
7142,4082,85,1,94.04,94.04
7143,4083,82,2,126.68,253.36
7144,4083,140,2,66.92,133.84
7145,4083,73,2,70.7,141.4
7146,4083,144,1,141.3,141.3
7147,4084,9,1,31.04,31.04
7148,4085,84,1,112.96,112.96
7149,4085,54,1,73.69,73.69
7150,4086,119,1,89.03,89.03
7151,4087,118,1,49.84,49.84
7152,4087,119,2,89.03,178.06
7153,4088,121,2,92.86,185.72
7154,4089,55,1,136.68,136.68
7155,4090,80,1,163.07,163.07
7156,4091,70,1,27.52,27.52
7157,4091,21,1,36.73,36.73
7158,4092,118,1,49.84,49.84
7159,4092,67,1,36.36,36.36
7160,4093,38,2,97.25,194.5
7161,4093,79,1,90.2,90.2
7162,4094,115,2,114.0,228.0
7163,4095,29,1,91.23,91.23
7164,4095,70,2,27.52,55.04
7165,4096,119,1,89.03,89.03
7166,4097,5,1,49.7,49.7
7167,4097,132,1,111.89,111.89
7168,4098,112,2,51.13,102.26
7169,4099,114,1,93.96,93.96
7170,4100,50,1,24.92,24.92
7171,4100,28,2,32.28,64.56
7172,4100,56,1,65.84,65.84
7173,4100,119,1,89.03,89.03
7174,4101,17,1,122.66,122.66
7175,4101,74,1,109.3,109.3
7176,4102,55,1,136.68,136.68
7177,4102,16,1,37.81,37.81
7178,4102,8,1,47.18,47.18
7179,4103,113,1,110.24,110.24
7180,4104,111,1,25.05,25.05
7181,4105,8,2,47.18,94.36
7182,4106,116,1,99.25,99.25
7183,4106,139,2,56.23,112.46
7184,4106,13,1,105.94,105.94
7185,4107,42,1,94.67,94.67
7186,4108,100,1,63.47,63.47
7187,4108,64,2,63.14,126.28
7188,4109,54,1,73.69,73.69
7189,4109,63,1,111.53,111.53
7190,4110,118,3,49.84,149.52
7191,4111,130,1,92.74,92.74
7192,4112,113,1,110.24,110.24
7193,4113,18,2,104.51,209.02
7194,4113,70,1,27.52,27.52
7195,4114,111,2,25.05,50.1
7196,4114,132,1,111.89,111.89
7197,4114,3,1,29.93,29.93
7198,4114,86,1,94.49,94.49
7199,4115,113,1,110.24,110.24
7200,4116,41,1,135.53,135.53
7201,4116,1,1,20.32,20.32
7202,4117,56,1,65.84,65.84
7203,4117,104,1,42.67,42.67
7204,4118,46,1,77.71,77.71
7205,4118,148,1,135.92,135.92
7206,4119,61,2,180.83,361.66
7207,4119,20,1,43.77,43.77
7208,4120,37,1,104.19,104.19
7209,4121,53,1,34.65,34.65
7210,4122,121,1,92.86,92.86
7211,4122,124,1,19.86,19.86
7212,4123,31,2,85.02,170.04
7213,4124,61,1,180.83,180.83
7214,4125,65,2,94.21,188.42
7215,4126,15,1,123.75,123.75
7216,4126,17,1,122.66,122.66
7217,4126,135,2,113.07,226.14
7218,4127,16,1,37.81,37.81
7219,4127,136,2,70.88,141.76
7220,4127,120,1,108.5,108.5
7221,4128,12,1,108.7,108.7
7222,4128,113,3,110.24,330.72
7223,4129,60,1,34.01,34.01
7224,4130,81,1,48.07,48.07
7225,4130,27,1,96.2,96.2
7226,4131,15,1,123.75,123.75
7227,4132,141,1,33.34,33.34
7228,4132,81,2,48.07,96.14
7229,4133,39,1,159.15,159.15
7230,4133,110,2,113.16,226.32
7231,4134,16,1,37.81,37.81
7232,4135,83,1,110.09,110.09
7233,4135,127,2,56.25,112.5
7234,4135,34,1,167.82,167.82
7235,4136,100,1,63.47,63.47
7236,4136,71,2,21.91,43.82
7237,4136,94,1,114.63,114.63
7238,4137,53,1,34.65,34.65
7239,4138,101,2,160.16,320.32
7240,4138,51,1,38.0,38.0
7241,4138,144,1,141.3,141.3
7242,4139,140,1,66.92,66.92
7243,4140,65,1,94.21,94.21
7244,4140,127,1,56.25,56.25
7245,4141,148,1,135.92,135.92
7246,4141,53,3,34.65,103.95
7247,4142,122,2,74.91,149.82
7248,4143,130,1,92.74,92.74
7249,4144,14,1,153.24,153.24
7250,4144,115,1,114.0,114.0
7251,4145,120,1,108.5,108.5
7252,4146,125,3,99.26,297.78
7253,4147,40,1,33.35,33.35
7254,4147,43,1,42.12,42.12
7255,4147,6,1,51.08,51.08
7256,4148,136,1,70.88,70.88
7257,4148,135,2,113.07,226.14
7258,4149,63,1,111.53,111.53
7259,4149,31,2,85.02,170.04
7260,4150,73,1,70.7,70.7
7261,4150,88,1,30.63,30.63
7262,4150,93,1,56.41,56.41
7263,4151,58,1,65.57,65.57
7264,4151,109,1,97.53,97.53
7265,4151,44,3,180.29,540.87
7266,4152,27,1,96.2,96.2
7267,4152,51,1,38.0,38.0
7268,4153,32,1,135.32,135.32
7269,4154,65,1,94.21,94.21
7270,4154,62,1,41.29,41.29
7271,4154,22,2,45.93,91.86
7272,4155,38,3,97.25,291.75
7273,4155,6,1,51.08,51.08
7274,4155,69,1,101.23,101.23
7275,4156,112,1,51.13,51.13
7276,4156,59,1,93.3,93.3
7277,4157,93,1,56.41,56.41
7278,4158,19,2,69.78,139.56
7279,4159,132,1,111.89,111.89
7280,4160,15,1,123.75,123.75
7281,4160,6,1,51.08,51.08
7282,4160,105,1,66.0,66.0
7283,4160,107,1,121.33,121.33
7284,4161,140,1,66.92,66.92
7285,4161,109,2,97.53,195.06
7286,4161,123,3,90.9,272.7
7287,4161,75,1,52.19,52.19
7288,4162,101,1,160.16,160.16
7289,4163,69,2,101.23,202.46
7290,4164,90,1,39.66,39.66
7291,4164,81,2,48.07,96.14
7292,4165,58,1,65.57,65.57
7293,4166,108,1,89.12,89.12
7294,4166,143,1,50.23,50.23
7295,4166,8,2,47.18,94.36
7296,4166,134,1,115.02,115.02
7297,4167,107,1,121.33,121.33
7298,4167,147,1,77.95,77.95
7299,4168,28,1,32.28,32.28
7300,4169,95,1,68.19,68.19
7301,4170,144,1,141.3,141.3
7302,4170,39,3,159.15,477.45
7303,4170,48,1,42.1,42.1
7304,4171,67,1,36.36,36.36
7305,4172,101,2,160.16,320.32
7306,4173,103,1,53.36,53.36
7307,4173,145,2,101.8,203.6
7308,4174,137,1,95.99,95.99
7309,4175,46,1,77.71,77.71
7310,4175,8,3,47.18,141.54
7311,4176,55,3,136.68,410.04
7312,4176,81,1,48.07,48.07
7313,4177,111,1,25.05,25.05
7314,4178,125,1,99.26,99.26
7315,4179,14,1,153.24,153.24
7316,4180,114,3,93.96,281.88
7317,4180,104,1,42.67,42.67
7318,4181,52,1,81.24,81.24
7319,4182,13,3,105.94,317.82
7320,4183,28,1,32.28,32.28
7321,4183,147,1,77.95,77.95
7322,4184,147,1,77.95,77.95
7323,4185,147,2,77.95,155.9
7324,4186,28,1,32.28,32.28
7325,4187,48,1,42.1,42.1
7326,4187,146,3,135.82,407.46
7327,4188,27,1,96.2,96.2
7328,4189,122,3,74.91,224.73
7329,4189,146,1,135.82,135.82
7330,4190,69,1,101.23,101.23
7331,4191,9,1,31.04,31.04
7332,4191,25,1,102.53,102.53
7333,4192,5,1,49.7,49.7
7334,4193,88,1,30.63,30.63
7335,4194,31,2,85.02,170.04
7336,4195,90,1,39.66,39.66
7337,4196,139,1,56.23,56.23
7338,4197,54,1,73.69,73.69
7339,4198,57,1,43.25,43.25
7340,4198,15,2,123.75,247.5
7341,4199,46,1,77.71,77.71
7342,4199,77,1,69.72,69.72
7343,4199,31,3,85.02,255.06
7344,4200,123,3,90.9,272.7
7345,4200,39,1,159.15,159.15
7346,4201,74,2,109.3,218.6
7347,4202,81,2,48.07,96.14
7348,4203,12,1,108.7,108.7
7349,4204,73,1,70.7,70.7
7350,4205,118,3,49.84,149.52
7351,4206,46,1,77.71,77.71
7352,4207,60,1,34.01,34.01
7353,4208,3,1,29.93,29.93
7354,4208,105,2,66.0,132.0
7355,4209,13,1,105.94,105.94
7356,4210,105,1,66.0,66.0
7357,4211,75,1,52.19,52.19
7358,4212,41,1,135.53,135.53
7359,4213,132,1,111.89,111.89
7360,4214,46,1,77.71,77.71
7361,4215,34,2,167.82,335.64
7362,4216,22,2,45.93,91.86
7363,4217,39,2,159.15,318.3
7364,4218,79,1,90.2,90.2
7365,4219,72,2,90.43,180.86
7366,4220,111,3,25.05,75.15
7367,4221,23,1,47.63,47.63
7368,4221,13,1,105.94,105.94
7369,4221,64,1,63.14,63.14
7370,4222,106,1,111.49,111.49
7371,4222,100,1,63.47,63.47
7372,4223,148,1,135.92,135.92
7373,4223,49,1,61.05,61.05
7374,4223,53,3,34.65,103.95
7375,4224,65,1,94.21,94.21
7376,4224,42,1,94.67,94.67
7377,4225,36,1,79.89,79.89
7378,4226,65,1,94.21,94.21
7379,4227,120,1,108.5,108.5
7380,4227,52,1,81.24,81.24
7381,4227,23,1,47.63,47.63
7382,4228,19,1,69.78,69.78
7383,4228,29,3,91.23,273.69
7384,4229,106,2,111.49,222.98
7385,4229,34,1,167.82,167.82
7386,4230,126,1,50.25,50.25
7387,4231,132,1,111.89,111.89
7388,4231,4,3,48.57,145.71
7389,4232,25,1,102.53,102.53
7390,4233,95,3,68.19,204.57
7391,4234,16,1,37.81,37.81
7392,4234,54,3,73.69,221.07
7393,4235,78,2,101.79,203.58
7394,4235,56,1,65.84,65.84
7395,4236,67,1,36.36,36.36
7396,4237,113,3,110.24,330.72
7397,4238,8,1,47.18,47.18
7398,4238,107,1,121.33,121.33
7399,4238,98,1,98.76,98.76
7400,4239,100,3,63.47,190.41
7401,4239,99,3,115.68,347.04
7402,4240,86,1,94.49,94.49
7403,4240,18,2,104.51,209.02
7404,4241,85,1,94.04,94.04
7405,4241,136,2,70.88,141.76
7406,4242,11,1,113.47,113.47
7407,4242,52,1,81.24,81.24
7408,4242,111,1,25.05,25.05
7409,4243,33,2,47.02,94.04
7410,4244,144,1,141.3,141.3
7411,4244,17,1,122.66,122.66
7412,4245,11,1,113.47,113.47
7413,4245,15,1,123.75,123.75
7414,4246,133,2,131.41,262.82
7415,4247,73,1,70.7,70.7
7416,4248,31,1,85.02,85.02
7417,4249,139,1,56.23,56.23
7418,4249,25,1,102.53,102.53
7419,4249,59,1,93.3,93.3
7420,4250,64,1,63.14,63.14
7421,4251,136,1,70.88,70.88
7422,4252,116,1,99.25,99.25
7423,4252,103,1,53.36,53.36
7424,4253,133,1,131.41,131.41
7425,4253,110,1,113.16,113.16
7426,4253,107,2,121.33,242.66
7427,4254,34,1,167.82,167.82
7428,4254,2,2,127.2,254.4
7429,4254,64,2,63.14,126.28
7430,4255,17,1,122.66,122.66
7431,4256,92,1,107.96,107.96
7432,4256,89,1,23.55,23.55
7433,4256,9,1,31.04,31.04
7434,4257,93,1,56.41,56.41
7435,4258,147,2,77.95,155.9
7436,4259,88,2,30.63,61.26
7437,4260,45,1,106.3,106.3
7438,4261,91,2,72.73,145.46
7439,4262,95,1,68.19,68.19
7440,4262,15,2,123.75,247.5
7441,4262,78,1,101.79,101.79
7442,4263,52,1,81.24,81.24
7443,4264,52,1,81.24,81.24
7444,4265,138,1,104.13,104.13
7445,4266,28,1,32.28,32.28
7446,4266,66,1,105.26,105.26
7447,4267,140,1,66.92,66.92
7448,4267,130,1,92.74,92.74
7449,4267,119,2,89.03,178.06
7450,4268,84,1,112.96,112.96
7451,4269,139,1,56.23,56.23
7452,4269,37,1,104.19,104.19
7453,4269,123,1,90.9,90.9
7454,4270,29,1,91.23,91.23
7455,4270,16,1,37.81,37.81
7456,4271,54,1,73.69,73.69
7457,4272,96,1,167.08,167.08
7458,4272,76,1,78.32,78.32
7459,4272,108,1,89.12,89.12
7460,4273,103,1,53.36,53.36
7461,4273,40,1,33.35,33.35
7462,4273,26,1,60.62,60.62
7463,4274,148,1,135.92,135.92
7464,4275,132,3,111.89,335.67
7465,4276,102,3,123.35,370.05
7466,4276,127,1,56.25,56.25
7467,4277,108,1,89.12,89.12
7468,4277,142,1,104.52,104.52
7469,4278,125,1,99.26,99.26
7470,4279,32,1,135.32,135.32
7471,4280,72,1,90.43,90.43
7472,4280,76,1,78.32,78.32
7473,4281,86,1,94.49,94.49
7474,4282,82,1,126.68,126.68
7475,4282,2,1,127.2,127.2
7476,4283,104,1,42.67,42.67
7477,4283,32,1,135.32,135.32
7478,4284,127,2,56.25,112.5
7479,4285,10,1,115.41,115.41
7480,4285,46,2,77.71,155.42
7481,4286,18,1,104.51,104.51
7482,4286,118,3,49.84,149.52
7483,4287,148,1,135.92,135.92
7484,4288,111,1,25.05,25.05
7485,4288,141,1,33.34,33.34
7486,4288,83,2,110.09,220.18
7487,4289,59,3,93.3,279.9
7488,4289,122,1,74.91,74.91
7489,4290,11,1,113.47,113.47
7490,4291,29,3,91.23,273.69
7491,4292,42,1,94.67,94.67
7492,4292,75,1,52.19,52.19
7493,4293,146,2,135.82,271.64
7494,4293,130,1,92.74,92.74
7495,4294,134,3,115.02,345.06
7496,4294,67,1,36.36,36.36
7497,4295,32,3,135.32,405.96
7498,4295,139,1,56.23,56.23
7499,4295,46,3,77.71,233.13
7500,4296,72,2,90.43,180.86
7501,4296,15,1,123.75,123.75
7502,4296,33,1,47.02,47.02
7503,4296,78,1,101.79,101.79
7504,4297,92,1,107.96,107.96
7505,4297,63,1,111.53,111.53
7506,4297,124,2,19.86,39.72
7507,4298,91,2,72.73,145.46
7508,4298,131,1,156.36,156.36
7509,4299,120,1,108.5,108.5
7510,4299,125,1,99.26,99.26
7511,4300,33,1,47.02,47.02
7512,4301,40,1,33.35,33.35
7513,4302,27,1,96.2,96.2
7514,4303,87,1,73.76,73.76
7515,4303,25,1,102.53,102.53
7516,4304,98,1,98.76,98.76
7517,4305,138,1,104.13,104.13
7518,4306,14,1,153.24,153.24
7519,4307,61,1,180.83,180.83
7520,4307,43,1,42.12,42.12
7521,4308,130,1,92.74,92.74
7522,4309,8,1,47.18,47.18
7523,4309,59,1,93.3,93.3
7524,4310,108,1,89.12,89.12
7525,4311,146,1,135.82,135.82
7526,4311,121,3,92.86,278.58
7527,4312,145,2,101.8,203.6
7528,4312,99,1,115.68,115.68
7529,4312,131,1,156.36,156.36
7530,4313,28,1,32.28,32.28
7531,4314,72,1,90.43,90.43
7532,4314,71,1,21.91,21.91
7533,4314,48,3,42.1,126.3
7534,4315,124,1,19.86,19.86
7535,4315,58,1,65.57,65.57
7536,4316,106,1,111.49,111.49
7537,4316,76,1,78.32,78.32
7538,4316,120,1,108.5,108.5
7539,4317,78,3,101.79,305.37
7540,4317,119,1,89.03,89.03
7541,4317,142,1,104.52,104.52
7542,4318,53,1,34.65,34.65
7543,4318,82,1,126.68,126.68
7544,4319,68,1,25.01,25.01
7545,4320,81,1,48.07,48.07
7546,4321,36,1,79.89,79.89
7547,4321,143,2,50.23,100.46
7548,4321,120,1,108.5,108.5
7549,4322,144,1,141.3,141.3
7550,4323,14,2,153.24,306.48
7551,4324,29,3,91.23,273.69
7552,4325,21,3,36.73,110.19
7553,4325,37,1,104.19,104.19
7554,4326,120,1,108.5,108.5
7555,4326,131,1,156.36,156.36
7556,4327,147,1,77.95,77.95
7557,4327,124,2,19.86,39.72
7558,4327,143,2,50.23,100.46
7559,4328,52,1,81.24,81.24
7560,4329,92,1,107.96,107.96
7561,4330,62,1,41.29,41.29
7562,4330,44,1,180.29,180.29
7563,4330,59,3,93.3,279.9
7564,4330,17,2,122.66,245.32
7565,4331,136,1,70.88,70.88
7566,4331,122,1,74.91,74.91
7567,4331,51,1,38.0,38.0
7568,4332,71,2,21.91,43.82
7569,4332,129,1,82.98,82.98
7570,4332,61,3,180.83,542.49
7571,4333,58,1,65.57,65.57
7572,4333,34,1,167.82,167.82
7573,4334,89,2,23.55,47.1
7574,4335,104,1,42.67,42.67
7575,4336,100,2,63.47,126.94
7576,4337,121,1,92.86,92.86
7577,4337,116,2,99.25,198.5
7578,4337,20,1,43.77,43.77
7579,4338,69,3,101.23,303.69
7580,4339,118,1,49.84,49.84
7581,4339,47,2,44.74,89.48
7582,4339,70,1,27.52,27.52
7583,4340,82,2,126.68,253.36
7584,4340,97,1,167.71,167.71
7585,4340,64,2,63.14,126.28
7586,4340,148,1,135.92,135.92
7587,4341,91,1,72.73,72.73
7588,4342,41,1,135.53,135.53
7589,4343,42,1,94.67,94.67
7590,4343,85,1,94.04,94.04
7591,4344,99,3,115.68,347.04
7592,4344,54,3,73.69,221.07
7593,4344,106,2,111.49,222.98
7594,4345,11,2,113.47,226.94
7595,4346,118,3,49.84,149.52
7596,4346,62,1,41.29,41.29
7597,4347,39,2,159.15,318.3
7598,4348,128,2,102.12,204.24
7599,4349,93,1,56.41,56.41
7600,4350,57,1,43.25,43.25
7601,4351,17,1,122.66,122.66
7602,4352,110,2,113.16,226.32
7603,4352,114,2,93.96,187.92
7604,4352,133,1,131.41,131.41
7605,4352,3,3,29.93,89.79
7606,4353,130,2,92.74,185.48
7607,4353,9,1,31.04,31.04
7608,4353,29,1,91.23,91.23
7609,4354,12,2,108.7,217.4
7610,4355,23,3,47.63,142.89
7611,4356,61,1,180.83,180.83
7612,4357,115,3,114.0,342.0
7613,4358,103,3,53.36,160.08
7614,4359,111,1,25.05,25.05
7615,4359,43,2,42.12,84.24
7616,4360,122,1,74.91,74.91
7617,4360,87,2,73.76,147.52
7618,4361,41,1,135.53,135.53
7619,4361,16,1,37.81,37.81
7620,4362,93,1,56.41,56.41
7621,4362,48,1,42.1,42.1
7622,4362,80,3,163.07,489.21
7623,4363,84,2,112.96,225.92
7624,4364,25,1,102.53,102.53
7625,4365,120,2,108.5,217.0
7626,4365,105,1,66.0,66.0
7627,4366,88,1,30.63,30.63
7628,4366,20,2,43.77,87.54
7629,4366,128,3,102.12,306.36
7630,4367,47,2,44.74,89.48
7631,4368,80,1,163.07,163.07
7632,4369,90,2,39.66,79.32
7633,4369,23,1,47.63,47.63
7634,4370,31,1,85.02,85.02
7635,4370,122,1,74.91,74.91
7636,4370,41,1,135.53,135.53
7637,4371,2,2,127.2,254.4
7638,4371,121,1,92.86,92.86
7639,4372,13,1,105.94,105.94
7640,4373,21,1,36.73,36.73
7641,4374,89,1,23.55,23.55
7642,4374,63,1,111.53,111.53
7643,4374,71,2,21.91,43.82
7644,4375,18,1,104.51,104.51
7645,4375,38,1,97.25,97.25
7646,4376,15,1,123.75,123.75
7647,4377,138,1,104.13,104.13
7648,4378,122,1,74.91,74.91
7649,4378,59,3,93.3,279.9
7650,4379,117,1,88.88,88.88
7651,4379,56,1,65.84,65.84
7652,4379,133,1,131.41,131.41
7653,4380,19,1,69.78,69.78
7654,4380,145,3,101.8,305.4
7655,4381,132,2,111.89,223.78
7656,4382,106,2,111.49,222.98
7657,4383,25,1,102.53,102.53
7658,4383,68,1,25.01,25.01
7659,4384,141,1,33.34,33.34
7660,4385,131,2,156.36,312.72
7661,4386,32,1,135.32,135.32
7662,4387,7,1,96.04,96.04
7663,4387,139,1,56.23,56.23
7664,4387,67,2,36.36,72.72
7665,4388,133,1,131.41,131.41
7666,4389,84,2,112.96,225.92
7667,4390,102,1,123.35,123.35
7668,4390,11,3,113.47,340.41
7669,4390,83,1,110.09,110.09
7670,4391,51,1,38.0,38.0
7671,4392,135,1,113.07,113.07
7672,4392,42,1,94.67,94.67
7673,4393,13,1,105.94,105.94
7674,4393,93,3,56.41,169.23
7675,4394,41,1,135.53,135.53
7676,4394,120,2,108.5,217.0
7677,4395,54,1,73.69,73.69
7678,4396,138,1,104.13,104.13
7679,4397,143,1,50.23,50.23
7680,4398,12,1,108.7,108.7
7681,4398,36,1,79.89,79.89
7682,4399,111,1,25.05,25.05
7683,4400,108,2,89.12,178.24
7684,4401,48,2,42.1,84.2
7685,4402,91,3,72.73,218.19
7686,4403,50,2,24.92,49.84
7687,4404,36,2,79.89,159.78
7688,4404,34,1,167.82,167.82
7689,4405,109,1,97.53,97.53
7690,4406,117,1,88.88,88.88
7691,4407,144,1,141.3,141.3
7692,4408,53,1,34.65,34.65
7693,4408,116,1,99.25,99.25
7694,4408,26,2,60.62,121.24
7695,4408,102,3,123.35,370.05
7696,4409,7,1,96.04,96.04
7697,4409,49,1,61.05,61.05
7698,4410,91,2,72.73,145.46
7699,4410,39,1,159.15,159.15
7700,4411,22,2,45.93,91.86
7701,4411,68,1,25.01,25.01
7702,4411,100,3,63.47,190.41
7703,4411,66,3,105.26,315.78
7704,4412,88,2,30.63,61.26
7705,4413,39,1,159.15,159.15
7706,4414,94,3,114.63,343.89
7707,4414,66,1,105.26,105.26
7708,4415,147,1,77.95,77.95
7709,4416,82,1,126.68,126.68
7710,4417,110,1,113.16,113.16
7711,4417,25,1,102.53,102.53
7712,4418,19,1,69.78,69.78
7713,4419,70,1,27.52,27.52
7714,4419,88,1,30.63,30.63
7715,4419,137,2,95.99,191.98
7716,4419,126,1,50.25,50.25
7717,4420,66,1,105.26,105.26
7718,4420,106,1,111.49,111.49
7719,4420,80,3,163.07,489.21
7720,4420,24,2,30.79,61.58
7721,4421,34,1,167.82,167.82
7722,4421,135,1,113.07,113.07
7723,4421,65,1,94.21,94.21
7724,4422,4,1,48.57,48.57
7725,4423,57,1,43.25,43.25
7726,4423,12,1,108.7,108.7
7727,4424,98,1,98.76,98.76
7728,4425,71,2,21.91,43.82
7729,4426,24,2,30.79,61.58
7730,4427,90,2,39.66,79.32
7731,4428,8,3,47.18,141.54
7732,4428,148,1,135.92,135.92
7733,4428,69,2,101.23,202.46
7734,4429,49,1,61.05,61.05
7735,4429,84,3,112.96,338.88
7736,4430,122,1,74.91,74.91
7737,4431,90,1,39.66,39.66
7738,4431,106,1,111.49,111.49
7739,4432,13,1,105.94,105.94
7740,4433,117,1,88.88,88.88
7741,4434,91,1,72.73,72.73
7742,4434,6,2,51.08,102.16
7743,4435,95,3,68.19,204.57
7744,4436,88,2,30.63,61.26
7745,4437,106,2,111.49,222.98
7746,4438,130,1,92.74,92.74
7747,4439,144,1,141.3,141.3
7748,4440,8,1,47.18,47.18
7749,4440,31,2,85.02,170.04
7750,4441,56,2,65.84,131.68
7751,4441,100,3,63.47,190.41
7752,4442,17,1,122.66,122.66
7753,4443,13,1,105.94,105.94
7754,4443,94,2,114.63,229.26
7755,4444,116,1,99.25,99.25
7756,4445,130,1,92.74,92.74
7757,4446,8,3,47.18,141.54
7758,4447,126,1,50.25,50.25
7759,4448,60,1,34.01,34.01
7760,4448,38,1,97.25,97.25
7761,4449,49,3,61.05,183.15
7762,4450,82,2,126.68,253.36
7763,4450,90,1,39.66,39.66
7764,4451,96,1,167.08,167.08
7765,4452,9,1,31.04,31.04
7766,4453,38,3,97.25,291.75
7767,4453,21,1,36.73,36.73
7768,4453,8,1,47.18,47.18
7769,4454,63,1,111.53,111.53
7770,4455,95,1,68.19,68.19
7771,4455,62,1,41.29,41.29
7772,4456,68,1,25.01,25.01
7773,4457,141,1,33.34,33.34
7774,4457,38,1,97.25,97.25
7775,4458,28,1,32.28,32.28
7776,4458,65,2,94.21,188.42
7777,4459,84,1,112.96,112.96
7778,4459,48,1,42.1,42.1
7779,4459,2,2,127.2,254.4
7780,4460,80,1,163.07,163.07
7781,4460,7,1,96.04,96.04
7782,4461,90,3,39.66,118.98
7783,4461,3,1,29.93,29.93
7784,4461,127,2,56.25,112.5
7785,4462,7,1,96.04,96.04
7786,4462,104,1,42.67,42.67
7787,4462,131,2,156.36,312.72
7788,4463,122,1,74.91,74.91
7789,4463,51,1,38.0,38.0
7790,4464,81,2,48.07,96.14
7791,4464,67,1,36.36,36.36
7792,4465,106,1,111.49,111.49
7793,4465,104,1,42.67,42.67
7794,4465,16,3,37.81,113.43
7795,4465,54,1,73.69,73.69
7796,4466,77,1,69.72,69.72
7797,4467,95,1,68.19,68.19
7798,4467,140,1,66.92,66.92
7799,4468,122,1,74.91,74.91
7800,4469,95,1,68.19,68.19
7801,4469,110,1,113.16,113.16
7802,4470,142,1,104.52,104.52
7803,4471,77,2,69.72,139.44
7804,4472,49,1,61.05,61.05
7805,4473,134,1,115.02,115.02
7806,4474,105,1,66.0,66.0
7807,4475,35,2,118.14,236.28
7808,4475,144,2,141.3,282.6
7809,4475,26,2,60.62,121.24
7810,4475,104,3,42.67,128.01
7811,4476,6,2,51.08,102.16
7812,4477,141,1,33.34,33.34
7813,4478,29,1,91.23,91.23
7814,4478,11,2,113.47,226.94
7815,4478,111,1,25.05,25.05
7816,4479,76,3,78.32,234.96
7817,4480,11,1,113.47,113.47
7818,4481,3,1,29.93,29.93
7819,4482,54,1,73.69,73.69
7820,4482,77,1,69.72,69.72
7821,4483,24,1,30.79,30.79
7822,4484,40,2,33.35,66.7
7823,4484,15,1,123.75,123.75
7824,4485,124,1,19.86,19.86
7825,4486,93,1,56.41,56.41
7826,4486,28,2,32.28,64.56
7827,4487,102,1,123.35,123.35
7828,4487,37,3,104.19,312.57
7829,4488,114,1,93.96,93.96
7830,4488,101,1,160.16,160.16
7831,4488,20,1,43.77,43.77
7832,4489,144,2,141.3,282.6
7833,4490,47,2,44.74,89.48
7834,4490,80,1,163.07,163.07
7835,4490,110,3,113.16,339.48
7836,4491,146,1,135.82,135.82
7837,4491,19,1,69.78,69.78
7838,4492,104,1,42.67,42.67
7839,4492,81,1,48.07,48.07
7840,4493,51,1,38.0,38.0
7841,4493,145,1,101.8,101.8
7842,4494,106,1,111.49,111.49
7843,4494,25,1,102.53,102.53
7844,4494,49,3,61.05,183.15
7845,4494,8,1,47.18,47.18
7846,4495,95,1,68.19,68.19
7847,4495,92,1,107.96,107.96
7848,4495,72,1,90.43,90.43
7849,4495,25,2,102.53,205.06
7850,4496,83,1,110.09,110.09
7851,4496,134,1,115.02,115.02
7852,4497,98,1,98.76,98.76
7853,4498,19,2,69.78,139.56
7854,4498,99,1,115.68,115.68
7855,4498,38,1,97.25,97.25
7856,4498,76,2,78.32,156.64
7857,4499,71,2,21.91,43.82
7858,4500,53,3,34.65,103.95
7859,4501,34,2,167.82,335.64
7860,4502,102,2,123.35,246.7
7861,4502,139,1,56.23,56.23
7862,4502,97,1,167.71,167.71
7863,4503,147,3,77.95,233.85
7864,4503,54,1,73.69,73.69
7865,4504,115,1,114.0,114.0
7866,4504,17,1,122.66,122.66
7867,4504,106,1,111.49,111.49
7868,4505,13,2,105.94,211.88
7869,4505,33,1,47.02,47.02
7870,4506,23,2,47.63,95.26
7871,4507,2,1,127.2,127.2
7872,4507,94,1,114.63,114.63
7873,4508,58,2,65.57,131.14
7874,4509,37,1,104.19,104.19
7875,4509,9,2,31.04,62.08
7876,4510,52,1,81.24,81.24
7877,4511,84,1,112.96,112.96
7878,4511,148,2,135.92,271.84
7879,4512,111,2,25.05,50.1
7880,4513,39,1,159.15,159.15
7881,4513,14,1,153.24,153.24
7882,4514,97,1,167.71,167.71
7883,4515,20,1,43.77,43.77
7884,4516,100,3,63.47,190.41
7885,4517,76,1,78.32,78.32
7886,4518,65,1,94.21,94.21
7887,4519,65,1,94.21,94.21
7888,4520,30,3,112.19,336.57
7889,4521,99,2,115.68,231.36
7890,4521,73,3,70.7,212.1
7891,4521,61,1,180.83,180.83
7892,4522,111,2,25.05,50.1
7893,4523,33,1,47.02,47.02
7894,4524,16,1,37.81,37.81
7895,4525,20,2,43.77,87.54
7896,4526,54,2,73.69,147.38
7897,4526,17,1,122.66,122.66
7898,4526,66,3,105.26,315.78
7899,4527,67,1,36.36,36.36
7900,4528,38,2,97.25,194.5
7901,4529,36,2,79.89,159.78
7902,4529,14,1,153.24,153.24
7903,4529,9,1,31.04,31.04
7904,4530,97,1,167.71,167.71
7905,4531,46,1,77.71,77.71
7906,4532,110,1,113.16,113.16
7907,4532,10,1,115.41,115.41
7908,4532,140,3,66.92,200.76
7909,4532,8,1,47.18,47.18
7910,4533,93,1,56.41,56.41
7911,4533,89,1,23.55,23.55
7912,4534,78,2,101.79,203.58
7913,4534,32,1,135.32,135.32
7914,4535,18,3,104.51,313.53
7915,4535,51,1,38.0,38.0
7916,4536,10,1,115.41,115.41
7917,4536,27,3,96.2,288.6
7918,4536,114,2,93.96,187.92
7919,4537,36,1,79.89,79.89
7920,4538,101,1,160.16,160.16
7921,4538,11,1,113.47,113.47
7922,4538,10,1,115.41,115.41
7923,4539,140,1,66.92,66.92
7924,4539,125,1,99.26,99.26
7925,4539,67,2,36.36,72.72
7926,4540,131,1,156.36,156.36
7927,4540,43,1,42.12,42.12
7928,4541,128,1,102.12,102.12
7929,4542,84,1,112.96,112.96
7930,4542,147,2,77.95,155.9
7931,4542,66,1,105.26,105.26
7932,4542,65,1,94.21,94.21
7933,4543,5,1,49.7,49.7
7934,4544,63,1,111.53,111.53
7935,4544,91,1,72.73,72.73
7936,4545,36,1,79.89,79.89
7937,4545,95,1,68.19,68.19
7938,4546,112,3,51.13,153.39
7939,4547,62,1,41.29,41.29
7940,4547,7,1,96.04,96.04
7941,4548,91,2,72.73,145.46
7942,4548,145,1,101.8,101.8
7943,4548,122,1,74.91,74.91
7944,4549,78,3,101.79,305.37
7945,4549,5,1,49.7,49.7
7946,4550,138,1,104.13,104.13
7947,4550,56,1,65.84,65.84
7948,4550,75,1,52.19,52.19
7949,4551,93,1,56.41,56.41
7950,4552,141,1,33.34,33.34
7951,4552,2,1,127.2,127.2
7952,4553,28,1,32.28,32.28
7953,4554,24,1,30.79,30.79
7954,4555,118,1,49.84,49.84
7955,4555,92,1,107.96,107.96
7956,4555,58,1,65.57,65.57
7957,4556,62,1,41.29,41.29
7958,4556,139,2,56.23,112.46
7959,4557,74,2,109.3,218.6
7960,4557,12,1,108.7,108.7
7961,4558,54,2,73.69,147.38
7962,4558,119,1,89.03,89.03
7963,4559,23,1,47.63,47.63
7964,4560,53,2,34.65,69.3
7965,4561,77,2,69.72,139.44
7966,4562,21,1,36.73,36.73
7967,4563,138,1,104.13,104.13
7968,4564,2,1,127.2,127.2
7969,4565,119,1,89.03,89.03
7970,4566,1,1,20.32,20.32
7971,4566,6,1,51.08,51.08
7972,4567,129,1,82.98,82.98
7973,4567,106,2,111.49,222.98
7974,4567,23,3,47.63,142.89
7975,4567,97,2,167.71,335.42
7976,4568,73,1,70.7,70.7
7977,4569,7,1,96.04,96.04
7978,4570,113,1,110.24,110.24
7979,4571,52,3,81.24,243.72
7980,4571,49,1,61.05,61.05
7981,4572,17,2,122.66,245.32
7982,4573,58,1,65.57,65.57
7983,4574,134,3,115.02,345.06
7984,4575,30,1,112.19,112.19
7985,4575,6,2,51.08,102.16
7986,4575,29,1,91.23,91.23
7987,4576,82,2,126.68,253.36
7988,4576,101,2,160.16,320.32
7989,4577,68,1,25.01,25.01
7990,4578,116,1,99.25,99.25
7991,4579,103,2,53.36,106.72
7992,4579,143,1,50.23,50.23
7993,4580,67,1,36.36,36.36
7994,4581,53,1,34.65,34.65
7995,4582,25,1,102.53,102.53
7996,4582,39,2,159.15,318.3
7997,4582,95,1,68.19,68.19
7998,4583,26,3,60.62,181.86
7999,4583,4,1,48.57,48.57
8000,4584,43,1,42.12,42.12
8001,4584,121,1,92.86,92.86
8002,4584,12,1,108.7,108.7
8003,4585,68,1,25.01,25.01
8004,4585,57,3,43.25,129.75
8005,4585,42,1,94.67,94.67
8006,4586,133,1,131.41,131.41
8007,4586,29,1,91.23,91.23
8008,4587,75,3,52.19,156.57
8009,4587,48,1,42.1,42.1
8010,4587,85,2,94.04,188.08
8011,4588,77,1,69.72,69.72
8012,4588,132,1,111.89,111.89
8013,4588,81,1,48.07,48.07
8014,4589,41,1,135.53,135.53
8015,4589,91,1,72.73,72.73
8016,4590,84,1,112.96,112.96
8017,4590,61,1,180.83,180.83
8018,4591,105,1,66.0,66.0
8019,4591,50,1,24.92,24.92
8020,4591,57,2,43.25,86.5
8021,4592,105,1,66.0,66.0
8022,4593,87,1,73.76,73.76
8023,4593,53,1,34.65,34.65
8024,4594,11,1,113.47,113.47
8025,4594,142,1,104.52,104.52
8026,4595,8,1,47.18,47.18
8027,4596,39,1,159.15,159.15
8028,4597,60,1,34.01,34.01
8029,4598,146,1,135.82,135.82
8030,4598,50,3,24.92,74.76
8031,4598,45,1,106.3,106.3
8032,4599,9,2,31.04,62.08
8033,4599,84,1,112.96,112.96
8034,4600,131,1,156.36,156.36
8035,4601,54,1,73.69,73.69
8036,4602,87,1,73.76,73.76
8037,4602,17,1,122.66,122.66
8038,4603,66,1,105.26,105.26
8039,4603,146,2,135.82,271.64
8040,4604,131,3,156.36,469.08
8041,4604,129,1,82.98,82.98
8042,4604,47,1,44.74,44.74
8043,4605,136,1,70.88,70.88
8044,4605,38,1,97.25,97.25
8045,4605,49,2,61.05,122.1
8046,4606,83,2,110.09,220.18
8047,4607,89,1,23.55,23.55
8048,4608,83,2,110.09,220.18
8049,4609,7,1,96.04,96.04
8050,4610,112,1,51.13,51.13
8051,4610,48,1,42.1,42.1
8052,4611,57,1,43.25,43.25
8053,4611,118,1,49.84,49.84
8054,4612,74,1,109.3,109.3
8055,4612,5,1,49.7,49.7
8056,4613,110,1,113.16,113.16
8057,4613,101,2,160.16,320.32
8058,4613,112,1,51.13,51.13
8059,4614,75,1,52.19,52.19
8060,4615,104,2,42.67,85.34
8061,4616,107,1,121.33,121.33
8062,4616,117,1,88.88,88.88
8063,4617,68,2,25.01,50.02
8064,4617,42,2,94.67,189.34
8065,4618,91,2,72.73,145.46
8066,4618,126,1,50.25,50.25
8067,4619,96,1,167.08,167.08
8068,4619,45,1,106.3,106.3
8069,4620,27,1,96.2,96.2
8070,4620,136,1,70.88,70.88
8071,4621,133,1,131.41,131.41
8072,4622,129,1,82.98,82.98
8073,4622,103,1,53.36,53.36
8074,4623,1,1,20.32,20.32
8075,4624,134,1,115.02,115.02
8076,4625,140,1,66.92,66.92
8077,4625,1,1,20.32,20.32
8078,4625,106,1,111.49,111.49
8079,4626,75,1,52.19,52.19
8080,4627,65,1,94.21,94.21
8081,4628,36,1,79.89,79.89
8082,4629,44,1,180.29,180.29
8083,4629,112,2,51.13,102.26
8084,4630,134,1,115.02,115.02
8085,4631,132,1,111.89,111.89
8086,4631,6,2,51.08,102.16
8087,4632,137,2,95.99,191.98
8088,4632,73,1,70.7,70.7
8089,4633,60,1,34.01,34.01
8090,4634,43,1,42.12,42.12
8091,4634,134,1,115.02,115.02
8092,4635,87,1,73.76,73.76
8093,4636,134,1,115.02,115.02
8094,4636,143,1,50.23,50.23
8095,4637,98,1,98.76,98.76
8096,4638,18,1,104.51,104.51
8097,4639,12,1,108.7,108.7
8098,4639,142,1,104.52,104.52
8099,4640,96,1,167.08,167.08
8100,4640,142,1,104.52,104.52
8101,4640,29,1,91.23,91.23
8102,4641,98,1,98.76,98.76
8103,4641,48,1,42.1,42.1
8104,4641,122,1,74.91,74.91
8105,4642,83,1,110.09,110.09
8106,4643,129,1,82.98,82.98
8107,4644,89,1,23.55,23.55
8108,4644,60,2,34.01,68.02
8109,4645,123,3,90.9,272.7
8110,4646,54,1,73.69,73.69
8111,4646,82,1,126.68,126.68
8112,4647,74,1,109.3,109.3
8113,4648,118,1,49.84,49.84
8114,4649,86,2,94.49,188.98
8115,4650,13,1,105.94,105.94
8116,4650,53,1,34.65,34.65
8117,4651,36,1,79.89,79.89
8118,4651,53,1,34.65,34.65
8119,4651,4,1,48.57,48.57
8120,4652,16,1,37.81,37.81
8121,4652,100,2,63.47,126.94
8122,4653,100,1,63.47,63.47
8123,4654,131,1,156.36,156.36
8124,4655,33,2,47.02,94.04
8125,4655,13,1,105.94,105.94
8126,4656,55,1,136.68,136.68
8127,4656,18,2,104.51,209.02
8128,4656,104,1,42.67,42.67
8129,4657,2,2,127.2,254.4
8130,4657,134,1,115.02,115.02
8131,4657,40,1,33.35,33.35
8132,4658,27,2,96.2,192.4
8133,4659,49,1,61.05,61.05
8134,4660,40,3,33.35,100.05
8135,4661,54,1,73.69,73.69
8136,4662,19,1,69.78,69.78
8137,4662,49,1,61.05,61.05
8138,4663,107,1,121.33,121.33
8139,4664,84,3,112.96,338.88
8140,4664,121,2,92.86,185.72
8141,4665,10,1,115.41,115.41
8142,4665,145,1,101.8,101.8
8143,4665,1,2,20.32,40.64
8144,4666,123,1,90.9,90.9
8145,4667,36,1,79.89,79.89
8146,4668,89,1,23.55,23.55
8147,4668,96,1,167.08,167.08
8148,4668,53,2,34.65,69.3
8149,4669,76,1,78.32,78.32
8150,4670,103,1,53.36,53.36
8151,4671,64,2,63.14,126.28
8152,4672,79,2,90.2,180.4
8153,4672,86,1,94.49,94.49
8154,4672,2,1,127.2,127.2
8155,4673,49,2,61.05,122.1
8156,4673,30,3,112.19,336.57
8157,4674,94,1,114.63,114.63
8158,4674,125,3,99.26,297.78
8159,4675,3,1,29.93,29.93
8160,4676,25,1,102.53,102.53
8161,4677,89,1,23.55,23.55
8162,4677,104,1,42.67,42.67
8163,4678,121,1,92.86,92.86
8164,4678,6,1,51.08,51.08
8165,4679,108,1,89.12,89.12
8166,4680,58,1,65.57,65.57
8167,4681,135,3,113.07,339.21
8168,4681,142,1,104.52,104.52
8169,4682,109,1,97.53,97.53
8170,4682,45,1,106.3,106.3
8171,4682,32,1,135.32,135.32
8172,4683,59,2,93.3,186.6
8173,4683,129,1,82.98,82.98
8174,4684,143,1,50.23,50.23
8175,4684,48,1,42.1,42.1
8176,4685,23,2,47.63,95.26
8177,4686,148,1,135.92,135.92
8178,4687,32,3,135.32,405.96
8179,4687,85,1,94.04,94.04
8180,4688,125,1,99.26,99.26
8181,4688,127,1,56.25,56.25
8182,4689,135,1,113.07,113.07
8183,4690,8,2,47.18,94.36
8184,4690,66,2,105.26,210.52
8185,4690,80,1,163.07,163.07
8186,4691,93,1,56.41,56.41
8187,4692,90,1,39.66,39.66
8188,4693,125,1,99.26,99.26
8189,4693,87,1,73.76,73.76
8190,4693,138,2,104.13,208.26
8191,4694,137,1,95.99,95.99
8192,4695,22,1,45.93,45.93
8193,4696,105,1,66.0,66.0
8194,4696,79,2,90.2,180.4
8195,4697,65,1,94.21,94.21
8196,4697,24,1,30.79,30.79
8197,4698,3,1,29.93,29.93
8198,4698,61,1,180.83,180.83
8199,4698,109,3,97.53,292.59
8200,4699,29,1,91.23,91.23
8201,4699,22,1,45.93,45.93
8202,4700,143,2,50.23,100.46
8203,4701,79,1,90.2,90.2
8204,4702,101,3,160.16,480.48
8205,4703,120,1,108.5,108.5
8206,4704,89,1,23.55,23.55
8207,4705,12,1,108.7,108.7
8208,4706,133,1,131.41,131.41
8209,4707,27,1,96.2,96.2
8210,4708,134,1,115.02,115.02
8211,4708,116,1,99.25,99.25
8212,4709,127,2,56.25,112.5
8213,4709,23,1,47.63,47.63
8214,4709,101,1,160.16,160.16
8215,4710,78,2,101.79,203.58
8216,4710,147,1,77.95,77.95
8217,4711,24,1,30.79,30.79
8218,4711,145,1,101.8,101.8
8219,4711,119,1,89.03,89.03
8220,4711,66,1,105.26,105.26
8221,4712,137,2,95.99,191.98
8222,4713,144,2,141.3,282.6
8223,4713,96,1,167.08,167.08
8224,4713,60,1,34.01,34.01
8225,4714,104,2,42.67,85.34
8226,4714,8,3,47.18,141.54
8227,4715,138,2,104.13,208.26
8228,4715,15,2,123.75,247.5
8229,4715,132,3,111.89,335.67
8230,4716,133,3,131.41,394.23
8231,4716,92,2,107.96,215.92
8232,4716,97,1,167.71,167.71
8233,4717,67,1,36.36,36.36
8234,4718,13,1,105.94,105.94
8235,4718,35,1,118.14,118.14
8236,4719,71,1,21.91,21.91
8237,4719,129,1,82.98,82.98
8238,4720,119,1,89.03,89.03
8239,4721,97,1,167.71,167.71
8240,4721,69,2,101.23,202.46
8241,4722,142,1,104.52,104.52
8242,4722,27,2,96.2,192.4
8243,4723,23,1,47.63,47.63
8244,4724,8,1,47.18,47.18
8245,4724,143,1,50.23,50.23
8246,4724,52,1,81.24,81.24
8247,4725,38,2,97.25,194.5
8248,4725,115,1,114.0,114.0
8249,4726,113,1,110.24,110.24
8250,4726,51,1,38.0,38.0
8251,4727,38,3,97.25,291.75
8252,4728,30,1,112.19,112.19
8253,4729,115,1,114.0,114.0
8254,4729,24,1,30.79,30.79
8255,4729,31,1,85.02,85.02
8256,4730,3,1,29.93,29.93
8257,4731,48,1,42.1,42.1
8258,4732,25,1,102.53,102.53
8259,4733,43,1,42.12,42.12
8260,4734,8,2,47.18,94.36
8261,4735,140,1,66.92,66.92
8262,4736,15,1,123.75,123.75
8263,4736,106,1,111.49,111.49
8264,4736,37,1,104.19,104.19
8265,4737,42,1,94.67,94.67
8266,4738,36,1,79.89,79.89
8267,4739,86,1,94.49,94.49
8268,4739,75,1,52.19,52.19
8269,4740,106,1,111.49,111.49
8270,4740,38,1,97.25,97.25
8271,4740,10,1,115.41,115.41
8272,4741,33,1,47.02,47.02
8273,4741,9,2,31.04,62.08
8274,4742,83,1,110.09,110.09
8275,4743,33,2,47.02,94.04
8276,4744,64,2,63.14,126.28
8277,4745,30,3,112.19,336.57
8278,4745,104,1,42.67,42.67
8279,4746,126,2,50.25,100.5
8280,4747,15,1,123.75,123.75
8281,4748,61,1,180.83,180.83
8282,4748,41,1,135.53,135.53
8283,4749,101,1,160.16,160.16
8284,4750,147,2,77.95,155.9
8285,4751,6,1,51.08,51.08
8286,4751,135,1,113.07,113.07
8287,4752,59,1,93.3,93.3
8288,4753,17,1,122.66,122.66
8289,4754,127,1,56.25,56.25
8290,4755,87,1,73.76,73.76
8291,4755,129,1,82.98,82.98
8292,4756,45,1,106.3,106.3
8293,4757,10,1,115.41,115.41
8294,4758,124,2,19.86,39.72
8295,4758,109,1,97.53,97.53
8296,4759,77,1,69.72,69.72
8297,4760,23,2,47.63,95.26
8298,4761,56,2,65.84,131.68
8299,4761,10,1,115.41,115.41
8300,4761,131,1,156.36,156.36
8301,4762,136,1,70.88,70.88
8302,4762,49,1,61.05,61.05
8303,4763,80,1,163.07,163.07
8304,4763,13,1,105.94,105.94
8305,4763,19,1,69.78,69.78
8306,4764,61,1,180.83,180.83
8307,4764,118,1,49.84,49.84
8308,4765,23,1,47.63,47.63
8309,4765,60,1,34.01,34.01
8310,4766,78,1,101.79,101.79
8311,4767,36,2,79.89,159.78
8312,4767,86,1,94.49,94.49
8313,4767,38,3,97.25,291.75
8314,4768,116,1,99.25,99.25
8315,4768,126,2,50.25,100.5
8316,4769,105,1,66.0,66.0
8317,4769,96,1,167.08,167.08
8318,4769,16,1,37.81,37.81
8319,4770,17,3,122.66,367.98
8320,4770,99,1,115.68,115.68
8321,4770,127,1,56.25,56.25
8322,4771,52,1,81.24,81.24
8323,4772,103,1,53.36,53.36
8324,4772,63,3,111.53,334.59
8325,4773,33,3,47.02,141.06
8326,4773,110,2,113.16,226.32
8327,4774,23,2,47.63,95.26
8328,4774,148,3,135.92,407.76
8329,4775,106,1,111.49,111.49
8330,4775,3,1,29.93,29.93
8331,4775,116,3,99.25,297.75
8332,4776,34,1,167.82,167.82
8333,4777,89,2,23.55,47.1
8334,4778,34,1,167.82,167.82
8335,4779,32,1,135.32,135.32
8336,4779,120,1,108.5,108.5
8337,4779,141,2,33.34,66.68
8338,4780,34,1,167.82,167.82
8339,4781,35,1,118.14,118.14
8340,4781,15,1,123.75,123.75
8341,4781,132,1,111.89,111.89
8342,4782,98,1,98.76,98.76
8343,4782,18,1,104.51,104.51
8344,4783,92,1,107.96,107.96
8345,4784,135,1,113.07,113.07
8346,4784,69,1,101.23,101.23
8347,4785,79,2,90.2,180.4
8348,4786,121,1,92.86,92.86
8349,4786,39,1,159.15,159.15
8350,4787,62,1,41.29,41.29
8351,4787,108,3,89.12,267.36
8352,4787,46,1,77.71,77.71
8353,4788,109,3,97.53,292.59
8354,4789,78,1,101.79,101.79
8355,4790,84,2,112.96,225.92
8356,4791,81,1,48.07,48.07
8357,4791,104,2,42.67,85.34
8358,4792,81,1,48.07,48.07
8359,4792,138,1,104.13,104.13
8360,4792,5,1,49.7,49.7
8361,4793,12,2,108.7,217.4
8362,4793,138,1,104.13,104.13
8363,4794,24,3,30.79,92.37
8364,4794,137,1,95.99,95.99
8365,4795,146,1,135.82,135.82
8366,4795,145,1,101.8,101.8
8367,4795,93,2,56.41,112.82
8368,4795,73,3,70.7,212.1
8369,4796,85,3,94.04,282.12
8370,4797,19,1,69.78,69.78
8371,4798,81,3,48.07,144.21
8372,4798,88,1,30.63,30.63
8373,4799,74,2,109.3,218.6
8374,4800,35,2,118.14,236.28
8375,4800,83,1,110.09,110.09
8376,4800,77,1,69.72,69.72
8377,4801,144,1,141.3,141.3
8378,4801,33,1,47.02,47.02
8379,4802,70,3,27.52,82.56
8380,4803,43,3,42.12,126.36
8381,4804,3,1,29.93,29.93
8382,4804,111,2,25.05,50.1
8383,4804,4,3,48.57,145.71
8384,4805,102,2,123.35,246.7
8385,4805,108,2,89.12,178.24
8386,4806,76,2,78.32,156.64
8387,4806,96,1,167.08,167.08
8388,4807,48,1,42.1,42.1
8389,4807,69,1,101.23,101.23
8390,4808,138,2,104.13,208.26
8391,4808,62,1,41.29,41.29
8392,4808,127,1,56.25,56.25
8393,4809,68,1,25.01,25.01
8394,4810,131,1,156.36,156.36
8395,4811,106,1,111.49,111.49
8396,4812,77,3,69.72,209.16
8397,4813,53,1,34.65,34.65
8398,4814,24,1,30.79,30.79
8399,4814,127,2,56.25,112.5
8400,4814,23,2,47.63,95.26
8401,4815,141,1,33.34,33.34
8402,4816,112,1,51.13,51.13
8403,4817,85,1,94.04,94.04
8404,4818,123,1,90.9,90.9
8405,4818,42,1,94.67,94.67
8406,4819,23,1,47.63,47.63
8407,4820,31,1,85.02,85.02
8408,4820,83,2,110.09,220.18
8409,4821,21,1,36.73,36.73
8410,4822,4,1,48.57,48.57
8411,4823,10,1,115.41,115.41
8412,4824,15,1,123.75,123.75
8413,4825,34,1,167.82,167.82
8414,4825,138,2,104.13,208.26
8415,4825,57,1,43.25,43.25
8416,4826,36,1,79.89,79.89
8417,4827,110,3,113.16,339.48
8418,4828,114,1,93.96,93.96
8419,4828,84,1,112.96,112.96
8420,4829,21,1,36.73,36.73
8421,4829,116,2,99.25,198.5
8422,4829,97,1,167.71,167.71
8423,4830,36,2,79.89,159.78
8424,4830,75,1,52.19,52.19
8425,4830,24,1,30.79,30.79
8426,4830,85,1,94.04,94.04
8427,4831,100,2,63.47,126.94
8428,4831,55,1,136.68,136.68
8429,4831,117,1,88.88,88.88
8430,4832,55,1,136.68,136.68
8431,4833,1,2,20.32,40.64
8432,4833,43,3,42.12,126.36
8433,4833,114,2,93.96,187.92
8434,4834,2,1,127.2,127.2
8435,4835,89,1,23.55,23.55
8436,4836,89,2,23.55,47.1
8437,4837,119,1,89.03,89.03
8438,4838,71,1,21.91,21.91
8439,4839,68,1,25.01,25.01
8440,4839,87,1,73.76,73.76
8441,4840,46,2,77.71,155.42
8442,4840,124,1,19.86,19.86
8443,4841,132,1,111.89,111.89
8444,4841,27,1,96.2,96.2
8445,4842,6,1,51.08,51.08
8446,4843,82,2,126.68,253.36
8447,4844,63,1,111.53,111.53
8448,4845,29,1,91.23,91.23
8449,4845,72,1,90.43,90.43
8450,4846,145,2,101.8,203.6
8451,4846,107,1,121.33,121.33
8452,4846,61,1,180.83,180.83
8453,4847,48,3,42.1,126.3
8454,4847,135,1,113.07,113.07
8455,4848,114,1,93.96,93.96
8456,4848,38,1,97.25,97.25
8457,4848,147,2,77.95,155.9
8458,4849,145,1,101.8,101.8
8459,4849,144,2,141.3,282.6
8460,4850,122,2,74.91,149.82
8461,4850,60,1,34.01,34.01
8462,4851,5,1,49.7,49.7
8463,4852,63,1,111.53,111.53
8464,4852,17,1,122.66,122.66
8465,4853,104,1,42.67,42.67
8466,4853,32,1,135.32,135.32
8467,4853,135,2,113.07,226.14
8468,4853,5,1,49.7,49.7
8469,4854,96,1,167.08,167.08
8470,4854,92,1,107.96,107.96
8471,4855,88,1,30.63,30.63
8472,4855,129,1,82.98,82.98
8473,4856,108,2,89.12,178.24
8474,4856,58,1,65.57,65.57
8475,4857,4,1,48.57,48.57
8476,4857,6,1,51.08,51.08
8477,4858,126,1,50.25,50.25
8478,4859,9,1,31.04,31.04
8479,4859,70,1,27.52,27.52
8480,4860,5,1,49.7,49.7
8481,4860,51,1,38.0,38.0
8482,4861,120,1,108.5,108.5
8483,4861,73,1,70.7,70.7
8484,4862,72,1,90.43,90.43
8485,4863,67,1,36.36,36.36
8486,4863,146,1,135.82,135.82
8487,4864,128,1,102.12,102.12
8488,4865,101,1,160.16,160.16
8489,4865,99,2,115.68,231.36
8490,4865,45,1,106.3,106.3
8491,4866,38,1,97.25,97.25
8492,4866,49,1,61.05,61.05
8493,4867,121,1,92.86,92.86
8494,4868,6,1,51.08,51.08
8495,4868,136,1,70.88,70.88
8496,4869,86,1,94.49,94.49
8497,4870,78,1,101.79,101.79
8498,4870,62,1,41.29,41.29
8499,4871,114,1,93.96,93.96
8500,4872,126,2,50.25,100.5
8501,4872,43,1,42.12,42.12
8502,4872,72,1,90.43,90.43
8503,4873,120,1,108.5,108.5
8504,4874,9,2,31.04,62.08
8505,4875,5,1,49.7,49.7
8506,4876,20,1,43.77,43.77
8507,4876,117,2,88.88,177.76
8508,4876,41,1,135.53,135.53
8509,4876,48,2,42.1,84.2
8510,4877,123,2,90.9,181.8
8511,4878,94,1,114.63,114.63
8512,4879,1,3,20.32,60.96
8513,4879,8,1,47.18,47.18
8514,4879,116,1,99.25,99.25
8515,4879,104,1,42.67,42.67
8516,4880,93,1,56.41,56.41
8517,4880,146,3,135.82,407.46
8518,4881,93,1,56.41,56.41
8519,4881,34,1,167.82,167.82
8520,4882,93,3,56.41,169.23
8521,4882,64,2,63.14,126.28
8522,4882,88,1,30.63,30.63
8523,4882,137,1,95.99,95.99
8524,4883,108,1,89.12,89.12
8525,4884,115,2,114.0,228.0
8526,4884,131,1,156.36,156.36
8527,4884,1,1,20.32,20.32
8528,4885,87,1,73.76,73.76
8529,4885,132,3,111.89,335.67
8530,4886,28,1,32.28,32.28
8531,4886,113,1,110.24,110.24
8532,4886,106,1,111.49,111.49
8533,4886,79,1,90.2,90.2
8534,4887,113,1,110.24,110.24
8535,4888,105,1,66.0,66.0
8536,4889,42,1,94.67,94.67
8537,4889,139,2,56.23,112.46
8538,4890,76,3,78.32,234.96
8539,4890,104,3,42.67,128.01
8540,4891,76,2,78.32,156.64
8541,4891,113,1,110.24,110.24
8542,4891,114,1,93.96,93.96
8543,4892,131,1,156.36,156.36
8544,4892,69,3,101.23,303.69
8545,4892,90,1,39.66,39.66
8546,4892,11,1,113.47,113.47
8547,4893,148,2,135.92,271.84
8548,4893,104,1,42.67,42.67
8549,4894,98,2,98.76,197.52
8550,4894,147,1,77.95,77.95
8551,4894,44,1,180.29,180.29
8552,4895,39,3,159.15,477.45
8553,4896,67,1,36.36,36.36
8554,4897,109,1,97.53,97.53
8555,4898,110,1,113.16,113.16
8556,4898,50,1,24.92,24.92
8557,4898,91,1,72.73,72.73
8558,4899,112,1,51.13,51.13
8559,4900,59,1,93.3,93.3
8560,4900,81,1,48.07,48.07
8561,4900,13,1,105.94,105.94
8562,4901,124,1,19.86,19.86
8563,4901,72,2,90.43,180.86
8564,4901,99,1,115.68,115.68
8565,4902,55,1,136.68,136.68
8566,4902,121,1,92.86,92.86
8567,4903,47,2,44.74,89.48
8568,4904,55,2,136.68,273.36
8569,4905,48,1,42.1,42.1
8570,4905,8,2,47.18,94.36
8571,4905,9,2,31.04,62.08
8572,4905,113,1,110.24,110.24
8573,4906,98,1,98.76,98.76
8574,4907,146,1,135.82,135.82
8575,4907,85,1,94.04,94.04
8576,4907,30,1,112.19,112.19
8577,4908,70,3,27.52,82.56
8578,4908,21,3,36.73,110.19
8579,4909,95,3,68.19,204.57
8580,4910,135,1,113.07,113.07
8581,4910,37,1,104.19,104.19
8582,4910,124,1,19.86,19.86
8583,4910,22,2,45.93,91.86
8584,4911,62,1,41.29,41.29
8585,4911,87,1,73.76,73.76
8586,4912,136,2,70.88,141.76
8587,4913,139,1,56.23,56.23
8588,4913,95,1,68.19,68.19
8589,4914,6,1,51.08,51.08
8590,4915,38,1,97.25,97.25
8591,4916,4,1,48.57,48.57
8592,4916,74,1,109.3,109.3
8593,4917,142,1,104.52,104.52
8594,4917,53,1,34.65,34.65
8595,4917,124,1,19.86,19.86
8596,4917,28,1,32.28,32.28
8597,4918,65,1,94.21,94.21
8598,4919,91,1,72.73,72.73
8599,4919,16,3,37.81,113.43
8600,4920,60,1,34.01,34.01
8601,4921,14,1,153.24,153.24
8602,4921,126,2,50.25,100.5
8603,4922,22,1,45.93,45.93
8604,4923,12,3,108.7,326.1
8605,4923,91,1,72.73,72.73
8606,4924,19,2,69.78,139.56
8607,4924,60,1,34.01,34.01
8608,4925,129,3,82.98,248.94
8609,4925,94,1,114.63,114.63
8610,4926,142,1,104.52,104.52
8611,4927,84,3,112.96,338.88
8612,4928,122,3,74.91,224.73
8613,4929,55,2,136.68,273.36
8614,4930,130,1,92.74,92.74
8615,4931,101,1,160.16,160.16
8616,4932,78,2,101.79,203.58
8617,4932,118,1,49.84,49.84
8618,4932,124,3,19.86,59.58
8619,4933,72,1,90.43,90.43
8620,4933,51,1,38.0,38.0
8621,4934,126,2,50.25,100.5
8622,4935,91,2,72.73,145.46
8623,4935,130,1,92.74,92.74
8624,4936,32,1,135.32,135.32
8625,4937,34,3,167.82,503.46
8626,4938,61,1,180.83,180.83
8627,4938,46,2,77.71,155.42
8628,4939,36,1,79.89,79.89
8629,4939,16,1,37.81,37.81
8630,4940,46,2,77.71,155.42
8631,4941,126,3,50.25,150.75
8632,4942,84,1,112.96,112.96
8633,4942,3,1,29.93,29.93
8634,4943,21,1,36.73,36.73
8635,4944,63,1,111.53,111.53
8636,4944,17,1,122.66,122.66
8637,4944,31,1,85.02,85.02
8638,4945,65,1,94.21,94.21
8639,4945,25,1,102.53,102.53
8640,4946,51,2,38.0,76.0
8641,4947,106,1,111.49,111.49
8642,4947,110,1,113.16,113.16
8643,4948,60,1,34.01,34.01
8644,4949,135,1,113.07,113.07
8645,4949,124,2,19.86,39.72
8646,4949,76,2,78.32,156.64
8647,4950,5,3,49.7,149.1
8648,4950,68,1,25.01,25.01
8649,4951,87,2,73.76,147.52
8650,4952,24,2,30.79,61.58
8651,4953,94,1,114.63,114.63
8652,4953,37,1,104.19,104.19
8653,4953,88,1,30.63,30.63
8654,4953,86,1,94.49,94.49
8655,4954,93,1,56.41,56.41
8656,4954,53,1,34.65,34.65
8657,4954,48,1,42.1,42.1
8658,4954,105,1,66.0,66.0
8659,4955,98,2,98.76,197.52
8660,4956,45,1,106.3,106.3
8661,4957,53,1,34.65,34.65
8662,4957,104,1,42.67,42.67
8663,4958,62,1,41.29,41.29
8664,4958,143,1,50.23,50.23
8665,4958,59,1,93.3,93.3
8666,4959,87,1,73.76,73.76
8667,4960,41,1,135.53,135.53
8668,4960,45,2,106.3,212.6
8669,4961,126,2,50.25,100.5
8670,4961,101,3,160.16,480.48
8671,4961,109,2,97.53,195.06
8672,4962,52,1,81.24,81.24
8673,4962,136,1,70.88,70.88
8674,4963,115,1,114.0,114.0
8675,4964,34,2,167.82,335.64
8676,4965,93,3,56.41,169.23
8677,4966,120,1,108.5,108.5
8678,4967,85,2,94.04,188.08
8679,4968,3,1,29.93,29.93
8680,4969,8,2,47.18,94.36
8681,4969,9,1,31.04,31.04
8682,4970,147,1,77.95,77.95
8683,4971,49,1,61.05,61.05
8684,4972,70,2,27.52,55.04
8685,4972,113,1,110.24,110.24
8686,4973,136,2,70.88,141.76
8687,4973,110,1,113.16,113.16
8688,4973,114,1,93.96,93.96
8689,4974,49,1,61.05,61.05
8690,4974,56,1,65.84,65.84
8691,4974,23,2,47.63,95.26
8692,4974,126,1,50.25,50.25
8693,4975,81,2,48.07,96.14
8694,4976,107,1,121.33,121.33
8695,4977,107,1,121.33,121.33
8696,4977,105,2,66.0,132.0
8697,4977,53,1,34.65,34.65
8698,4978,1,1,20.32,20.32
8699,4979,30,2,112.19,224.38
8700,4980,5,2,49.7,99.4
8701,4980,78,1,101.79,101.79
8702,4981,47,1,44.74,44.74
8703,4981,48,1,42.1,42.1
8704,4982,101,1,160.16,160.16
8705,4982,134,2,115.02,230.04
8706,4982,109,1,97.53,97.53
8707,4983,72,1,90.43,90.43
8708,4984,27,1,96.2,96.2
8709,4985,134,1,115.02,115.02
8710,4985,36,2,79.89,159.78
8711,4985,48,1,42.1,42.1
8712,4986,98,1,98.76,98.76
8713,4986,56,1,65.84,65.84
8714,4987,140,2,66.92,133.84
8715,4987,13,2,105.94,211.88
8716,4988,11,1,113.47,113.47
8717,4989,28,1,32.28,32.28
8718,4990,30,1,112.19,112.19
8719,4990,23,1,47.63,47.63
8720,4991,3,3,29.93,89.79
8721,4991,130,2,92.74,185.48
8722,4992,26,1,60.62,60.62
8723,4992,88,2,30.63,61.26
8724,4992,45,1,106.3,106.3
8725,4992,90,1,39.66,39.66
8726,4993,84,2,112.96,225.92
8727,4994,103,1,53.36,53.36
8728,4995,130,3,92.74,278.22
8729,4996,134,1,115.02,115.02
8730,4997,125,2,99.26,198.52
8731,4998,58,1,65.57,65.57
8732,4999,16,2,37.81,75.62
8733,5000,86,3,94.49,283.47
8734,5000,105,2,66.0,132.0
8735,5000,92,1,107.96,107.96
8736,5001,38,1,97.25,97.25
8737,5002,77,1,69.72,69.72
8738,5003,72,1,90.43,90.43
8739,5003,2,1,127.2,127.2
8740,5003,40,1,33.35,33.35
8741,5004,136,1,70.88,70.88
8742,5005,50,2,24.92,49.84
8743,5006,134,1,115.02,115.02
8744,5007,124,1,19.86,19.86
8745,5008,107,2,121.33,242.66
8746,5008,116,2,99.25,198.5
8747,5008,88,1,30.63,30.63
8748,5008,70,1,27.52,27.52
8749,5009,112,1,51.13,51.13
8750,5010,85,2,94.04,188.08
8751,5011,64,3,63.14,189.42
8752,5012,144,1,141.3,141.3
8753,5013,121,1,92.86,92.86
8754,5014,85,2,94.04,188.08
8755,5015,110,1,113.16,113.16
8756,5016,24,2,30.79,61.58
8757,5016,26,1,60.62,60.62
8758,5016,71,2,21.91,43.82
8759,5017,69,3,101.23,303.69
8760,5017,123,1,90.9,90.9
8761,5018,79,1,90.2,90.2
8762,5019,20,1,43.77,43.77
8763,5020,2,2,127.2,254.4
8764,5021,59,1,93.3,93.3
8765,5021,94,1,114.63,114.63
8766,5022,39,1,159.15,159.15
8767,5022,76,1,78.32,78.32
8768,5022,99,2,115.68,231.36
8769,5023,67,1,36.36,36.36
8770,5023,65,1,94.21,94.21
8771,5024,93,1,56.41,56.41
8772,5025,95,1,68.19,68.19
8773,5026,104,1,42.67,42.67
8774,5027,67,1,36.36,36.36
8775,5027,142,2,104.52,209.04
8776,5028,98,1,98.76,98.76
8777,5028,82,3,126.68,380.04
8778,5029,11,1,113.47,113.47
8779,5029,77,1,69.72,69.72
8780,5030,25,1,102.53,102.53
8781,5030,146,1,135.82,135.82
8782,5030,35,1,118.14,118.14
8783,5031,109,1,97.53,97.53
8784,5031,104,1,42.67,42.67
8785,5031,75,3,52.19,156.57
8786,5032,28,1,32.28,32.28
8787,5033,146,1,135.82,135.82
8788,5034,89,1,23.55,23.55
8789,5034,111,1,25.05,25.05
8790,5034,71,3,21.91,65.73
8791,5034,56,1,65.84,65.84
8792,5035,114,1,93.96,93.96
8793,5036,28,1,32.28,32.28
8794,5036,32,1,135.32,135.32
8795,5037,95,1,68.19,68.19
8796,5038,32,3,135.32,405.96
8797,5039,35,1,118.14,118.14
8798,5039,81,1,48.07,48.07
8799,5039,124,1,19.86,19.86
8800,5039,100,1,63.47,63.47
8801,5040,83,1,110.09,110.09
8802,5041,134,1,115.02,115.02
8803,5042,20,1,43.77,43.77
8804,5043,145,3,101.8,305.4
8805,5043,124,1,19.86,19.86
8806,5044,96,1,167.08,167.08
8807,5044,84,1,112.96,112.96
8808,5044,43,3,42.12,126.36
8809,5045,14,1,153.24,153.24
8810,5046,56,1,65.84,65.84
8811,5047,94,1,114.63,114.63
8812,5048,73,1,70.7,70.7
8813,5048,94,1,114.63,114.63
8814,5049,129,1,82.98,82.98
8815,5050,71,1,21.91,21.91
8816,5050,70,1,27.52,27.52
8817,5051,77,1,69.72,69.72
8818,5052,115,3,114.0,342.0
8819,5052,141,1,33.34,33.34
8820,5052,107,2,121.33,242.66
8821,5053,132,1,111.89,111.89
8822,5053,36,1,79.89,79.89
8823,5054,55,1,136.68,136.68
8824,5055,125,1,99.26,99.26
8825,5056,2,1,127.2,127.2
8826,5056,105,1,66.0,66.0
8827,5056,58,3,65.57,196.71
8828,5056,95,1,68.19,68.19
8829,5057,41,1,135.53,135.53
8830,5058,55,1,136.68,136.68
8831,5058,112,1,51.13,51.13
8832,5059,32,1,135.32,135.32
8833,5060,13,2,105.94,211.88
8834,5060,25,1,102.53,102.53
8835,5060,45,1,106.3,106.3
8836,5061,8,2,47.18,94.36
8837,5062,119,1,89.03,89.03
8838,5062,10,1,115.41,115.41
8839,5063,113,1,110.24,110.24
8840,5064,116,1,99.25,99.25
8841,5064,140,2,66.92,133.84
8842,5065,124,1,19.86,19.86
8843,5065,109,2,97.53,195.06
8844,5066,124,2,19.86,39.72
8845,5066,32,3,135.32,405.96
8846,5067,13,1,105.94,105.94
8847,5068,142,2,104.52,209.04
8848,5068,92,1,107.96,107.96
8849,5068,103,1,53.36,53.36
8850,5068,4,2,48.57,97.14
8851,5069,143,1,50.23,50.23
8852,5069,107,1,121.33,121.33
8853,5070,128,1,102.12,102.12
8854,5071,148,1,135.92,135.92
8855,5071,146,1,135.82,135.82
8856,5071,138,1,104.13,104.13
8857,5071,21,1,36.73,36.73
8858,5072,142,1,104.52,104.52
8859,5073,45,1,106.3,106.3
8860,5073,17,1,122.66,122.66
8861,5073,81,3,48.07,144.21
8862,5074,96,2,167.08,334.16
8863,5075,9,2,31.04,62.08
8864,5076,139,1,56.23,56.23
8865,5076,55,3,136.68,410.04
8866,5076,90,1,39.66,39.66
8867,5076,74,2,109.3,218.6
8868,5077,116,1,99.25,99.25
8869,5077,61,1,180.83,180.83
8870,5077,23,1,47.63,47.63
8871,5078,97,1,167.71,167.71
8872,5079,70,1,27.52,27.52
8873,5080,70,1,27.52,27.52
8874,5080,72,3,90.43,271.29
8875,5080,114,1,93.96,93.96
8876,5080,32,1,135.32,135.32
8877,5081,19,3,69.78,209.34
8878,5081,82,2,126.68,253.36
8879,5081,12,2,108.7,217.4
8880,5082,52,2,81.24,162.48
8881,5082,92,1,107.96,107.96
8882,5082,56,1,65.84,65.84
8883,5083,78,2,101.79,203.58
8884,5084,26,1,60.62,60.62
8885,5085,68,1,25.01,25.01
8886,5086,140,1,66.92,66.92
8887,5087,131,1,156.36,156.36
8888,5088,38,1,97.25,97.25
8889,5088,35,2,118.14,236.28
8890,5089,25,2,102.53,205.06
8891,5089,125,2,99.26,198.52
8892,5089,22,1,45.93,45.93
8893,5090,60,1,34.01,34.01
8894,5091,70,3,27.52,82.56
8895,5092,110,1,113.16,113.16
8896,5093,116,3,99.25,297.75
8897,5094,24,2,30.79,61.58
8898,5094,106,1,111.49,111.49
8899,5095,61,3,180.83,542.49
8900,5095,72,1,90.43,90.43
8901,5095,34,1,167.82,167.82
8902,5096,110,3,113.16,339.48
8903,5097,80,1,163.07,163.07
8904,5098,13,1,105.94,105.94
8905,5098,18,1,104.51,104.51
8906,5098,69,1,101.23,101.23
8907,5099,2,2,127.2,254.4
8908,5099,137,1,95.99,95.99
8909,5099,7,2,96.04,192.08
8910,5100,124,1,19.86,19.86
8911,5100,12,1,108.7,108.7
8912,5101,147,1,77.95,77.95
8913,5102,41,1,135.53,135.53
8914,5103,83,1,110.09,110.09
8915,5103,97,1,167.71,167.71
8916,5104,35,1,118.14,118.14
8917,5104,91,1,72.73,72.73
8918,5104,95,1,68.19,68.19
8919,5105,41,1,135.53,135.53
8920,5106,34,1,167.82,167.82
8921,5106,104,1,42.67,42.67
8922,5106,91,3,72.73,218.19
8923,5107,43,1,42.12,42.12
8924,5107,12,1,108.7,108.7
8925,5108,86,1,94.49,94.49
8926,5109,102,1,123.35,123.35
8927,5110,136,1,70.88,70.88
8928,5110,6,1,51.08,51.08
8929,5111,28,2,32.28,64.56
8930,5112,138,3,104.13,312.39
8931,5113,111,1,25.05,25.05
8932,5114,73,1,70.7,70.7
8933,5114,128,1,102.12,102.12
8934,5114,65,1,94.21,94.21
8935,5115,100,1,63.47,63.47
8936,5116,16,2,37.81,75.62
8937,5117,108,1,89.12,89.12
8938,5118,19,1,69.78,69.78
8939,5118,15,1,123.75,123.75
8940,5119,111,1,25.05,25.05
8941,5120,15,2,123.75,247.5
8942,5121,37,1,104.19,104.19
8943,5121,24,1,30.79,30.79
8944,5122,7,1,96.04,96.04
8945,5122,73,3,70.7,212.1
8946,5123,127,1,56.25,56.25
8947,5123,22,1,45.93,45.93
8948,5124,135,1,113.07,113.07
8949,5125,24,1,30.79,30.79
8950,5125,148,1,135.92,135.92
8951,5126,112,2,51.13,102.26
8952,5126,105,1,66.0,66.0
8953,5127,18,1,104.51,104.51
8954,5128,73,1,70.7,70.7
8955,5129,148,1,135.92,135.92
8956,5130,148,1,135.92,135.92
8957,5130,118,1,49.84,49.84
8958,5130,14,3,153.24,459.72
8959,5131,60,1,34.01,34.01
8960,5131,12,1,108.7,108.7
8961,5132,114,1,93.96,93.96
8962,5133,116,2,99.25,198.5
8963,5133,27,1,96.2,96.2
8964,5134,27,2,96.2,192.4
8965,5135,132,2,111.89,223.78
8966,5136,93,2,56.41,112.82
8967,5137,76,2,78.32,156.64
8968,5137,69,2,101.23,202.46
8969,5138,98,1,98.76,98.76
8970,5138,109,1,97.53,97.53
8971,5139,130,1,92.74,92.74
8972,5140,69,1,101.23,101.23
8973,5140,15,1,123.75,123.75
8974,5140,36,1,79.89,79.89
8975,5141,72,1,90.43,90.43
8976,5142,19,2,69.78,139.56
8977,5143,76,3,78.32,234.96
8978,5144,37,1,104.19,104.19
8979,5145,60,1,34.01,34.01
8980,5146,5,1,49.7,49.7
8981,5146,3,1,29.93,29.93
8982,5146,36,1,79.89,79.89
8983,5146,134,3,115.02,345.06
8984,5147,40,2,33.35,66.7
8985,5147,108,1,89.12,89.12
8986,5147,147,1,77.95,77.95
8987,5148,112,1,51.13,51.13
8988,5149,22,1,45.93,45.93
8989,5150,27,1,96.2,96.2
8990,5151,119,1,89.03,89.03
8991,5152,97,1,167.71,167.71
8992,5153,119,2,89.03,178.06
8993,5154,110,1,113.16,113.16
8994,5154,37,1,104.19,104.19
8995,5155,139,1,56.23,56.23
8996,5156,37,2,104.19,208.38
8997,5157,96,1,167.08,167.08
8998,5158,48,1,42.1,42.1
8999,5159,119,3,89.03,267.09
9000,5160,68,1,25.01,25.01
9001,5161,54,1,73.69,73.69
9002,5161,45,1,106.3,106.3
9003,5161,61,1,180.83,180.83
9004,5162,97,1,167.71,167.71
9005,5163,13,2,105.94,211.88
9006,5163,46,1,77.71,77.71
9007,5164,96,1,167.08,167.08
9008,5164,100,2,63.47,126.94
9009,5164,20,1,43.77,43.77
9010,5165,78,1,101.79,101.79
9011,5166,146,1,135.82,135.82
9012,5166,68,2,25.01,50.02
9013,5166,131,3,156.36,469.08
9014,5167,24,1,30.79,30.79
9015,5167,88,3,30.63,91.89
9016,5167,100,1,63.47,63.47
9017,5168,130,1,92.74,92.74
9018,5168,133,1,131.41,131.41
9019,5168,103,1,53.36,53.36
9020,5169,106,1,111.49,111.49
9021,5169,71,1,21.91,21.91
9022,5169,55,2,136.68,273.36
9023,5170,126,1,50.25,50.25
9024,5171,73,3,70.7,212.1
9025,5172,34,1,167.82,167.82
9026,5173,39,1,159.15,159.15
9027,5174,87,1,73.76,73.76
9028,5175,60,1,34.01,34.01
9029,5175,21,1,36.73,36.73
9030,5176,20,1,43.77,43.77
9031,5177,59,1,93.3,93.3
9032,5178,9,1,31.04,31.04
9033,5178,46,1,77.71,77.71
9034,5179,71,2,21.91,43.82
9035,5179,52,1,81.24,81.24
9036,5179,93,1,56.41,56.41
9037,5180,30,2,112.19,224.38
9038,5181,51,1,38.0,38.0
9039,5181,38,1,97.25,97.25
9040,5182,124,2,19.86,39.72
9041,5182,121,1,92.86,92.86
9042,5182,34,1,167.82,167.82
9043,5183,51,2,38.0,76.0
9044,5183,117,1,88.88,88.88
9045,5183,41,1,135.53,135.53
9046,5184,101,1,160.16,160.16
9047,5184,109,1,97.53,97.53
9048,5185,124,1,19.86,19.86
9049,5186,145,2,101.8,203.6
9050,5186,65,2,94.21,188.42
9051,5187,93,2,56.41,112.82
9052,5188,86,2,94.49,188.98
9053,5188,105,3,66.0,198.0
9054,5188,50,1,24.92,24.92
9055,5189,101,1,160.16,160.16
9056,5189,44,1,180.29,180.29
9057,5190,132,3,111.89,335.67
9058,5191,119,1,89.03,89.03
9059,5191,48,1,42.1,42.1
9060,5191,68,1,25.01,25.01
9061,5192,136,1,70.88,70.88
9062,5193,121,1,92.86,92.86
9063,5194,53,2,34.65,69.3
9064,5194,105,2,66.0,132.0
9065,5195,60,3,34.01,102.03
9066,5195,127,2,56.25,112.5
9067,5196,33,1,47.02,47.02
9068,5196,94,1,114.63,114.63
9069,5196,26,1,60.62,60.62
9070,5197,112,2,51.13,102.26
9071,5198,46,1,77.71,77.71
9072,5198,65,1,94.21,94.21
9073,5199,139,1,56.23,56.23
9074,5200,5,1,49.7,49.7
9075,5201,23,2,47.63,95.26
9076,5202,61,1,180.83,180.83
9077,5203,10,1,115.41,115.41
9078,5204,64,2,63.14,126.28
9079,5204,16,1,37.81,37.81
9080,5205,74,1,109.3,109.3
9081,5206,145,1,101.8,101.8
9082,5206,53,1,34.65,34.65
9083,5206,91,1,72.73,72.73
9084,5207,83,3,110.09,330.27
9085,5208,121,2,92.86,185.72
9086,5209,144,3,141.3,423.9
9087,5209,135,1,113.07,113.07
9088,5210,61,1,180.83,180.83
9089,5210,82,1,126.68,126.68
9090,5211,37,3,104.19,312.57
9091,5211,73,1,70.7,70.7
9092,5212,41,3,135.53,406.59
9093,5212,20,1,43.77,43.77
9094,5212,126,2,50.25,100.5
9095,5213,1,3,20.32,60.96
9096,5213,130,1,92.74,92.74
9097,5213,113,3,110.24,330.72
9098,5213,2,3,127.2,381.6
9099,5214,93,1,56.41,56.41
9100,5214,90,1,39.66,39.66
9101,5215,96,2,167.08,334.16
9102,5215,78,1,101.79,101.79
9103,5216,36,2,79.89,159.78
9104,5217,36,1,79.89,79.89
9105,5217,76,2,78.32,156.64
9106,5217,92,1,107.96,107.96
9107,5218,129,1,82.98,82.98
9108,5219,88,1,30.63,30.63
9109,5220,95,2,68.19,136.38
9110,5221,17,1,122.66,122.66
9111,5221,2,1,127.2,127.2
9112,5222,25,1,102.53,102.53
9113,5223,27,1,96.2,96.2
9114,5224,127,1,56.25,56.25
9115,5225,88,2,30.63,61.26
9116,5226,113,2,110.24,220.48
9117,5227,51,3,38.0,114.0
9118,5228,48,1,42.1,42.1
9119,5229,112,2,51.13,102.26
9120,5230,121,2,92.86,185.72
9121,5231,116,2,99.25,198.5
9122,5232,52,1,81.24,81.24
9123,5232,136,1,70.88,70.88
9124,5233,95,1,68.19,68.19
9125,5234,147,1,77.95,77.95
9126,5235,24,2,30.79,61.58
9127,5236,73,3,70.7,212.1
9128,5237,62,1,41.29,41.29
9129,5238,85,1,94.04,94.04
9130,5239,97,1,167.71,167.71
9131,5239,35,3,118.14,354.42
9132,5240,1,1,20.32,20.32
9133,5240,101,2,160.16,320.32
9134,5241,39,2,159.15,318.3
9135,5242,66,3,105.26,315.78
9136,5243,47,1,44.74,44.74
9137,5244,49,1,61.05,61.05
9138,5245,55,1,136.68,136.68
9139,5245,27,1,96.2,96.2
9140,5246,26,1,60.62,60.62
9141,5247,123,1,90.9,90.9
9142,5247,33,3,47.02,141.06
9143,5248,75,1,52.19,52.19
9144,5248,114,1,93.96,93.96
9145,5249,4,1,48.57,48.57
9146,5249,135,2,113.07,226.14
9147,5250,60,2,34.01,68.02
9148,5250,127,1,56.25,56.25
9149,5251,100,3,63.47,190.41
9150,5251,81,1,48.07,48.07
9151,5252,37,1,104.19,104.19
9152,5252,121,2,92.86,185.72
9153,5252,116,2,99.25,198.5
9154,5253,28,1,32.28,32.28
9155,5254,86,3,94.49,283.47
9156,5255,81,3,48.07,144.21
9157,5255,143,2,50.23,100.46
9158,5255,102,1,123.35,123.35
9159,5256,85,1,94.04,94.04
9160,5256,87,1,73.76,73.76
9161,5256,44,1,180.29,180.29
9162,5257,102,1,123.35,123.35
9163,5257,47,2,44.74,89.48
9164,5257,104,1,42.67,42.67
9165,5258,134,3,115.02,345.06
9166,5258,100,3,63.47,190.41
9167,5258,90,3,39.66,118.98
9168,5259,118,1,49.84,49.84
9169,5259,78,1,101.79,101.79
9170,5260,4,1,48.57,48.57
9171,5261,102,3,123.35,370.05
9172,5262,132,1,111.89,111.89
9173,5262,100,1,63.47,63.47
9174,5263,79,1,90.2,90.2
9175,5263,69,3,101.23,303.69
9176,5264,18,1,104.51,104.51
9177,5264,31,1,85.02,85.02
9178,5265,27,1,96.2,96.2
9179,5266,87,1,73.76,73.76
9180,5266,66,1,105.26,105.26
9181,5267,126,1,50.25,50.25
9182,5267,21,3,36.73,110.19
9183,5268,60,1,34.01,34.01
9184,5269,16,2,37.81,75.62
9185,5269,141,1,33.34,33.34
9186,5270,102,1,123.35,123.35
9187,5270,84,2,112.96,225.92
9188,5270,112,1,51.13,51.13
9189,5271,22,1,45.93,45.93
9190,5272,102,1,123.35,123.35
9191,5272,33,1,47.02,47.02
9192,5273,138,1,104.13,104.13
9193,5273,122,2,74.91,149.82
9194,5273,90,1,39.66,39.66
9195,5273,120,1,108.5,108.5
9196,5274,109,1,97.53,97.53
9197,5275,74,1,109.3,109.3
9198,5276,90,1,39.66,39.66
9199,5277,141,1,33.34,33.34
9200,5277,40,1,33.35,33.35
9201,5277,144,1,141.3,141.3
9202,5278,131,2,156.36,312.72
9203,5279,68,2,25.01,50.02
9204,5280,51,1,38.0,38.0
9205,5280,66,1,105.26,105.26
9206,5280,10,1,115.41,115.41
9207,5281,33,1,47.02,47.02
9208,5282,134,1,115.02,115.02
9209,5283,101,1,160.16,160.16
9210,5283,102,3,123.35,370.05
9211,5283,72,1,90.43,90.43
9212,5284,139,1,56.23,56.23
9213,5284,120,1,108.5,108.5
9214,5284,146,1,135.82,135.82
9215,5284,114,1,93.96,93.96
9216,5285,117,1,88.88,88.88
9217,5285,58,1,65.57,65.57
9218,5286,91,1,72.73,72.73
9219,5286,63,2,111.53,223.06
9220,5286,72,1,90.43,90.43
9221,5286,131,1,156.36,156.36
9222,5287,111,2,25.05,50.1
9223,5288,116,1,99.25,99.25
9224,5288,122,1,74.91,74.91
9225,5289,111,3,25.05,75.15
9226,5290,145,1,101.8,101.8
9227,5291,48,2,42.1,84.2
9228,5292,75,1,52.19,52.19
9229,5292,94,2,114.63,229.26
9230,5293,45,1,106.3,106.3
9231,5294,141,1,33.34,33.34
9232,5295,127,1,56.25,56.25
9233,5296,133,2,131.41,262.82
9234,5297,73,1,70.7,70.7
9235,5298,85,2,94.04,188.08
9236,5299,49,1,61.05,61.05
9237,5300,93,1,56.41,56.41
9238,5300,55,1,136.68,136.68
9239,5301,4,1,48.57,48.57
9240,5302,42,2,94.67,189.34
9241,5302,98,2,98.76,197.52
9242,5303,38,2,97.25,194.5
9243,5303,62,1,41.29,41.29
9244,5303,133,1,131.41,131.41
9245,5303,112,1,51.13,51.13
9246,5304,91,1,72.73,72.73
9247,5304,20,1,43.77,43.77
9248,5304,123,1,90.9,90.9
9249,5304,38,1,97.25,97.25
9250,5305,114,1,93.96,93.96
9251,5305,38,2,97.25,194.5
9252,5306,82,1,126.68,126.68
9253,5307,38,1,97.25,97.25
9254,5308,141,1,33.34,33.34
9255,5309,3,1,29.93,29.93
9256,5309,39,1,159.15,159.15
9257,5309,50,1,24.92,24.92
9258,5310,38,1,97.25,97.25
9259,5310,99,1,115.68,115.68
9260,5310,113,1,110.24,110.24
9261,5310,57,1,43.25,43.25
9262,5311,89,1,23.55,23.55
9263,5311,24,1,30.79,30.79
9264,5311,49,1,61.05,61.05
9265,5312,101,1,160.16,160.16
9266,5313,133,3,131.41,394.23
9267,5314,55,1,136.68,136.68
9268,5315,3,2,29.93,59.86
9269,5316,41,1,135.53,135.53
9270,5316,43,1,42.12,42.12
9271,5317,90,1,39.66,39.66
9272,5317,19,1,69.78,69.78
9273,5317,28,3,32.28,96.84
9274,5318,23,1,47.63,47.63
9275,5318,136,1,70.88,70.88
9276,5318,12,2,108.7,217.4
9277,5318,16,2,37.81,75.62
9278,5319,10,1,115.41,115.41
9279,5320,125,1,99.26,99.26
9280,5321,93,1,56.41,56.41
9281,5322,70,1,27.52,27.52
9282,5323,54,2,73.69,147.38
9283,5323,78,1,101.79,101.79
9284,5323,95,1,68.19,68.19
9285,5324,4,2,48.57,97.14
9286,5324,101,2,160.16,320.32
9287,5324,105,3,66.0,198.0
9288,5325,115,1,114.0,114.0
9289,5325,62,1,41.29,41.29
9290,5326,13,3,105.94,317.82
9291,5326,130,3,92.74,278.22
9292,5326,25,1,102.53,102.53
9293,5326,145,2,101.8,203.6
9294,5327,1,1,20.32,20.32
9295,5328,37,3,104.19,312.57
9296,5329,61,1,180.83,180.83
9297,5330,112,1,51.13,51.13
9298,5330,119,1,89.03,89.03
9299,5331,101,2,160.16,320.32
9300,5332,11,1,113.47,113.47
9301,5332,105,2,66.0,132.0
9302,5333,93,1,56.41,56.41
9303,5333,108,1,89.12,89.12
9304,5334,94,1,114.63,114.63
9305,5335,38,3,97.25,291.75
9306,5336,147,1,77.95,77.95
9307,5337,17,1,122.66,122.66
9308,5337,31,1,85.02,85.02
9309,5338,92,1,107.96,107.96
9310,5338,47,1,44.74,44.74
9311,5339,54,1,73.69,73.69
9312,5340,15,1,123.75,123.75
9313,5340,94,3,114.63,343.89
9314,5340,68,1,25.01,25.01
9315,5340,136,2,70.88,141.76
9316,5341,102,1,123.35,123.35
9317,5342,30,1,112.19,112.19
9318,5342,8,1,47.18,47.18
9319,5343,40,1,33.35,33.35
9320,5343,119,1,89.03,89.03
9321,5344,79,1,90.2,90.2
9322,5344,94,1,114.63,114.63
9323,5345,66,2,105.26,210.52
9324,5346,74,1,109.3,109.3
9325,5346,61,1,180.83,180.83
9326,5347,52,3,81.24,243.72
9327,5348,82,2,126.68,253.36
9328,5348,8,1,47.18,47.18
9329,5349,41,1,135.53,135.53
9330,5350,125,1,99.26,99.26
9331,5351,127,1,56.25,56.25
9332,5351,69,3,101.23,303.69
9333,5352,111,1,25.05,25.05
9334,5352,141,1,33.34,33.34
9335,5353,56,1,65.84,65.84
9336,5354,133,1,131.41,131.41
9337,5354,108,1,89.12,89.12
9338,5355,65,1,94.21,94.21
9339,5356,131,1,156.36,156.36
9340,5357,142,1,104.52,104.52
9341,5358,95,1,68.19,68.19
9342,5359,102,3,123.35,370.05
9343,5359,56,1,65.84,65.84
9344,5360,139,3,56.23,168.69
9345,5360,17,1,122.66,122.66
9346,5361,65,1,94.21,94.21
9347,5361,35,1,118.14,118.14
9348,5361,1,1,20.32,20.32
9349,5361,134,1,115.02,115.02
9350,5362,79,1,90.2,90.2
9351,5363,36,1,79.89,79.89
9352,5364,38,1,97.25,97.25
9353,5365,81,1,48.07,48.07
9354,5365,135,1,113.07,113.07
9355,5366,100,1,63.47,63.47
9356,5367,67,1,36.36,36.36
9357,5368,134,1,115.02,115.02
9358,5369,19,1,69.78,69.78
9359,5369,8,1,47.18,47.18
9360,5369,95,3,68.19,204.57
9361,5370,124,3,19.86,59.58
9362,5370,69,1,101.23,101.23
9363,5371,113,1,110.24,110.24
9364,5371,54,2,73.69,147.38
9365,5372,57,2,43.25,86.5
9366,5373,91,2,72.73,145.46
9367,5374,17,1,122.66,122.66
9368,5375,97,1,167.71,167.71
9369,5376,115,1,114.0,114.0
9370,5377,87,1,73.76,73.76
9371,5377,94,1,114.63,114.63
9372,5378,66,1,105.26,105.26
9373,5379,85,1,94.04,94.04
9374,5380,26,1,60.62,60.62
9375,5380,17,1,122.66,122.66
9376,5381,90,1,39.66,39.66
9377,5382,97,1,167.71,167.71
9378,5382,15,3,123.75,371.25
9379,5382,124,1,19.86,19.86
9380,5382,42,2,94.67,189.34
9381,5383,52,1,81.24,81.24
9382,5383,137,1,95.99,95.99
9383,5384,138,1,104.13,104.13
9384,5384,79,1,90.2,90.2
9385,5385,46,1,77.71,77.71
9386,5385,29,1,91.23,91.23
9387,5386,83,1,110.09,110.09
9388,5387,46,1,77.71,77.71
9389,5388,33,1,47.02,47.02
9390,5389,142,1,104.52,104.52
9391,5390,96,3,167.08,501.24
9392,5391,69,3,101.23,303.69
9393,5392,100,3,63.47,190.41
9394,5393,86,1,94.49,94.49
9395,5393,102,3,123.35,370.05
9396,5393,103,1,53.36,53.36
9397,5393,5,1,49.7,49.7
9398,5394,138,1,104.13,104.13
9399,5394,81,1,48.07,48.07
9400,5395,106,1,111.49,111.49
9401,5395,12,1,108.7,108.7
9402,5396,54,1,73.69,73.69
9403,5397,146,1,135.82,135.82
9404,5398,60,1,34.01,34.01
9405,5399,44,1,180.29,180.29
9406,5400,43,2,42.12,84.24
9407,5401,14,1,153.24,153.24
9408,5402,142,2,104.52,209.04
9409,5402,10,2,115.41,230.82
9410,5403,58,2,65.57,131.14
9411,5403,23,1,47.63,47.63
9412,5403,70,2,27.52,55.04
9413,5404,116,1,99.25,99.25
9414,5405,140,1,66.92,66.92
9415,5406,129,1,82.98,82.98
9416,5406,104,1,42.67,42.67
9417,5406,148,1,135.92,135.92
9418,5407,33,1,47.02,47.02
9419,5407,110,1,113.16,113.16
9420,5408,134,1,115.02,115.02
9421,5408,41,1,135.53,135.53
9422,5409,126,1,50.25,50.25
9423,5410,116,2,99.25,198.5
9424,5410,8,1,47.18,47.18
9425,5410,76,1,78.32,78.32
9426,5411,91,2,72.73,145.46
9427,5412,102,1,123.35,123.35
9428,5412,47,1,44.74,44.74
9429,5413,51,1,38.0,38.0
9430,5414,42,1,94.67,94.67
9431,5415,1,3,20.32,60.96
9432,5416,84,1,112.96,112.96
9433,5416,39,1,159.15,159.15
9434,5416,113,1,110.24,110.24
9435,5417,66,1,105.26,105.26
9436,5417,74,1,109.3,109.3
9437,5418,119,1,89.03,89.03
9438,5418,29,1,91.23,91.23
9439,5419,148,1,135.92,135.92
9440,5420,131,2,156.36,312.72
9441,5420,133,2,131.41,262.82
9442,5420,114,1,93.96,93.96
9443,5421,59,2,93.3,186.6
9444,5421,142,2,104.52,209.04
9445,5421,3,1,29.93,29.93
9446,5422,103,1,53.36,53.36
9447,5422,37,1,104.19,104.19
9448,5422,87,1,73.76,73.76
9449,5423,37,1,104.19,104.19
9450,5423,103,1,53.36,53.36
9451,5424,59,3,93.3,279.9
9452,5425,39,1,159.15,159.15
9453,5426,50,1,24.92,24.92
9454,5426,71,1,21.91,21.91
9455,5427,9,1,31.04,31.04
9456,5427,87,3,73.76,221.28
9457,5428,68,1,25.01,25.01
9458,5428,135,1,113.07,113.07
9459,5428,84,1,112.96,112.96
9460,5429,137,1,95.99,95.99
9461,5430,101,1,160.16,160.16
9462,5431,45,1,106.3,106.3
9463,5432,51,2,38.0,76.0
9464,5432,137,3,95.99,287.97
9465,5433,32,1,135.32,135.32
9466,5434,42,1,94.67,94.67
9467,5435,93,1,56.41,56.41
9468,5436,80,1,163.07,163.07
9469,5436,86,1,94.49,94.49
9470,5437,32,1,135.32,135.32
9471,5437,29,1,91.23,91.23
9472,5437,127,3,56.25,168.75
9473,5438,38,1,97.25,97.25
9474,5439,56,3,65.84,197.52
9475,5440,81,1,48.07,48.07
9476,5441,24,3,30.79,92.37
9477,5441,98,1,98.76,98.76
9478,5442,142,1,104.52,104.52
9479,5442,68,1,25.01,25.01
9480,5442,121,1,92.86,92.86
9481,5443,99,1,115.68,115.68
9482,5444,30,1,112.19,112.19
9483,5445,65,1,94.21,94.21
9484,5445,101,1,160.16,160.16
9485,5445,83,2,110.09,220.18
9486,5446,60,3,34.01,102.03
9487,5447,100,1,63.47,63.47
9488,5448,4,1,48.57,48.57
9489,5449,109,3,97.53,292.59
9490,5450,128,1,102.12,102.12
9491,5451,109,1,97.53,97.53
9492,5451,24,1,30.79,30.79
9493,5452,43,1,42.12,42.12
9494,5453,21,1,36.73,36.73
9495,5454,70,1,27.52,27.52
9496,5455,62,1,41.29,41.29
9497,5456,50,1,24.92,24.92
9498,5456,82,1,126.68,126.68
9499,5456,61,1,180.83,180.83
9500,5457,95,1,68.19,68.19
9501,5458,87,1,73.76,73.76
9502,5458,139,1,56.23,56.23
9503,5458,18,2,104.51,209.02
9504,5459,66,1,105.26,105.26
9505,5460,106,2,111.49,222.98
9506,5460,98,1,98.76,98.76
9507,5460,82,1,126.68,126.68
9508,5461,116,2,99.25,198.5
9509,5461,89,2,23.55,47.1
9510,5462,82,1,126.68,126.68
9511,5463,139,1,56.23,56.23
9512,5464,56,3,65.84,197.52
9513,5464,62,1,41.29,41.29
9514,5464,125,1,99.26,99.26
9515,5465,23,1,47.63,47.63
9516,5466,147,1,77.95,77.95
9517,5467,21,1,36.73,36.73
9518,5468,148,1,135.92,135.92
9519,5468,141,1,33.34,33.34
9520,5469,135,3,113.07,339.21
9521,5469,83,1,110.09,110.09
9522,5469,19,1,69.78,69.78
9523,5469,120,1,108.5,108.5
9524,5470,12,1,108.7,108.7
9525,5471,29,1,91.23,91.23
9526,5471,62,3,41.29,123.87
9527,5472,55,1,136.68,136.68
9528,5473,113,1,110.24,110.24
9529,5473,144,1,141.3,141.3
9530,5474,42,1,94.67,94.67
9531,5475,48,1,42.1,42.1
9532,5475,12,1,108.7,108.7
9533,5475,98,1,98.76,98.76
9534,5475,21,1,36.73,36.73
9535,5476,138,1,104.13,104.13
9536,5477,40,1,33.35,33.35
9537,5477,36,1,79.89,79.89
9538,5478,48,2,42.1,84.2
9539,5479,3,2,29.93,59.86
9540,5479,66,2,105.26,210.52
9541,5480,60,1,34.01,34.01
9542,5481,87,1,73.76,73.76
9543,5482,47,1,44.74,44.74
9544,5482,48,1,42.1,42.1
9545,5483,45,1,106.3,106.3
9546,5484,46,1,77.71,77.71
9547,5485,96,1,167.08,167.08
9548,5485,4,1,48.57,48.57
9549,5485,38,1,97.25,97.25
9550,5486,85,1,94.04,94.04
9551,5487,95,1,68.19,68.19
9552,5487,90,1,39.66,39.66
9553,5488,55,1,136.68,136.68
9554,5489,47,1,44.74,44.74
9555,5490,76,1,78.32,78.32
9556,5490,26,1,60.62,60.62
9557,5491,66,1,105.26,105.26
9558,5491,116,1,99.25,99.25
9559,5492,120,1,108.5,108.5
9560,5492,60,1,34.01,34.01
9561,5493,26,1,60.62,60.62
9562,5493,126,1,50.25,50.25
9563,5494,83,2,110.09,220.18
9564,5495,142,1,104.52,104.52
9565,5495,127,1,56.25,56.25
9566,5496,38,1,97.25,97.25
9567,5496,23,1,47.63,47.63
9568,5496,113,1,110.24,110.24
9569,5497,113,1,110.24,110.24
9570,5497,59,1,93.3,93.3
9571,5497,103,2,53.36,106.72
9572,5497,7,1,96.04,96.04
9573,5498,15,3,123.75,371.25
9574,5499,38,1,97.25,97.25
9575,5499,29,1,91.23,91.23
9576,5499,60,2,34.01,68.02
9577,5499,80,2,163.07,326.14
9578,5500,27,2,96.2,192.4
9579,5500,14,1,153.24,153.24
9580,5501,46,1,77.71,77.71
9581,5502,34,1,167.82,167.82
9582,5503,56,2,65.84,131.68
9583,5503,124,1,19.86,19.86
9584,5503,144,1,141.3,141.3
9585,5503,80,3,163.07,489.21
9586,5504,127,1,56.25,56.25
9587,5505,88,1,30.63,30.63
9588,5505,102,2,123.35,246.7
9589,5506,48,2,42.1,84.2
9590,5506,147,1,77.95,77.95
9591,5506,27,2,96.2,192.4
9592,5506,71,1,21.91,21.91
9593,5507,27,2,96.2,192.4
9594,5507,82,1,126.68,126.68
9595,5507,132,1,111.89,111.89
9596,5508,93,1,56.41,56.41
9597,5509,25,1,102.53,102.53
9598,5509,142,2,104.52,209.04
9599,5510,53,1,34.65,34.65
9600,5510,96,3,167.08,501.24
9601,5510,12,2,108.7,217.4
9602,5511,79,2,90.2,180.4
9603,5511,32,1,135.32,135.32
9604,5511,47,1,44.74,44.74
9605,5511,82,3,126.68,380.04
9606,5512,75,2,52.19,104.38
9607,5512,90,1,39.66,39.66
9608,5513,70,1,27.52,27.52
9609,5513,94,3,114.63,343.89
9610,5514,121,1,92.86,92.86
9611,5515,14,3,153.24,459.72
9612,5515,87,1,73.76,73.76
9613,5516,110,1,113.16,113.16
9614,5517,105,1,66.0,66.0
9615,5517,4,1,48.57,48.57
9616,5518,92,3,107.96,323.88
9617,5519,104,1,42.67,42.67
9618,5519,119,1,89.03,89.03
9619,5520,56,1,65.84,65.84
9620,5521,72,1,90.43,90.43
9621,5521,78,2,101.79,203.58
9622,5522,119,3,89.03,267.09
9623,5522,102,1,123.35,123.35
9624,5523,78,2,101.79,203.58
9625,5524,115,3,114.0,342.0
9626,5524,43,1,42.12,42.12
9627,5524,32,2,135.32,270.64
9628,5525,120,1,108.5,108.5
9629,5526,81,1,48.07,48.07
9630,5526,134,1,115.02,115.02
9631,5526,77,1,69.72,69.72
9632,5527,24,1,30.79,30.79
9633,5528,20,1,43.77,43.77
9634,5528,62,3,41.29,123.87
9635,5529,10,2,115.41,230.82
9636,5530,4,2,48.57,97.14
9637,5530,145,1,101.8,101.8
9638,5530,106,2,111.49,222.98
9639,5531,34,1,167.82,167.82
9640,5532,145,1,101.8,101.8
9641,5532,14,1,153.24,153.24
9642,5533,78,2,101.79,203.58
9643,5534,87,1,73.76,73.76
9644,5534,88,1,30.63,30.63
9645,5535,54,1,73.69,73.69
9646,5535,69,1,101.23,101.23
9647,5535,113,1,110.24,110.24
9648,5536,113,1,110.24,110.24
9649,5536,18,3,104.51,313.53
9650,5536,74,1,109.3,109.3
9651,5537,36,2,79.89,159.78
9652,5538,40,3,33.35,100.05
9653,5538,18,1,104.51,104.51
9654,5538,75,1,52.19,52.19
9655,5538,94,1,114.63,114.63
9656,5539,25,1,102.53,102.53
9657,5540,17,1,122.66,122.66
9658,5541,126,1,50.25,50.25
9659,5541,39,1,159.15,159.15
9660,5542,58,1,65.57,65.57
9661,5542,85,3,94.04,282.12
9662,5543,13,2,105.94,211.88
9663,5543,58,3,65.57,196.71
9664,5544,34,2,167.82,335.64
9665,5544,31,1,85.02,85.02
9666,5544,30,1,112.19,112.19
9667,5544,23,1,47.63,47.63
9668,5545,65,1,94.21,94.21
9669,5545,138,1,104.13,104.13
9670,5545,40,1,33.35,33.35
9671,5546,67,1,36.36,36.36
9672,5547,92,1,107.96,107.96
9673,5547,12,1,108.7,108.7
9674,5547,110,1,113.16,113.16
9675,5547,129,1,82.98,82.98
9676,5548,107,1,121.33,121.33
9677,5549,84,1,112.96,112.96
9678,5550,22,2,45.93,91.86
9679,5551,24,2,30.79,61.58
9680,5552,144,1,141.3,141.3
9681,5552,6,3,51.08,153.24
9682,5552,22,1,45.93,45.93
9683,5552,138,1,104.13,104.13
9684,5553,43,3,42.12,126.36
9685,5553,142,1,104.52,104.52
9686,5554,109,3,97.53,292.59
9687,5555,17,1,122.66,122.66
9688,5555,148,1,135.92,135.92
9689,5556,76,1,78.32,78.32
9690,5556,72,1,90.43,90.43
9691,5557,50,3,24.92,74.76
9692,5557,83,2,110.09,220.18
9693,5558,14,1,153.24,153.24
9694,5558,135,1,113.07,113.07
9695,5559,69,1,101.23,101.23
9696,5560,51,1,38.0,38.0
9697,5560,102,1,123.35,123.35
9698,5561,25,1,102.53,102.53
9699,5562,30,1,112.19,112.19
9700,5563,119,1,89.03,89.03
9701,5563,23,1,47.63,47.63
9702,5564,35,1,118.14,118.14
9703,5565,53,3,34.65,103.95
9704,5566,137,1,95.99,95.99
9705,5567,5,2,49.7,99.4
9706,5567,116,2,99.25,198.5
9707,5568,10,1,115.41,115.41
9708,5569,17,1,122.66,122.66
9709,5570,63,1,111.53,111.53
9710,5570,120,1,108.5,108.5
9711,5570,15,1,123.75,123.75
9712,5570,59,2,93.3,186.6
9713,5571,78,2,101.79,203.58
9714,5572,58,1,65.57,65.57
9715,5572,117,2,88.88,177.76
9716,5573,33,3,47.02,141.06
9717,5574,78,1,101.79,101.79
9718,5574,44,3,180.29,540.87
9719,5574,143,2,50.23,100.46
9720,5575,83,1,110.09,110.09
9721,5575,90,2,39.66,79.32
9722,5575,31,1,85.02,85.02
9723,5576,107,1,121.33,121.33
9724,5576,97,1,167.71,167.71
9725,5577,65,2,94.21,188.42
9726,5577,55,1,136.68,136.68
9727,5578,105,1,66.0,66.0
9728,5579,96,1,167.08,167.08
9729,5580,63,1,111.53,111.53
9730,5581,58,1,65.57,65.57
9731,5582,105,1,66.0,66.0
9732,5583,107,2,121.33,242.66
9733,5584,131,1,156.36,156.36
9734,5585,114,1,93.96,93.96
9735,5586,59,1,93.3,93.3
9736,5586,123,1,90.9,90.9
9737,5587,9,1,31.04,31.04
9738,5588,10,1,115.41,115.41
9739,5589,143,3,50.23,150.69
9740,5589,6,1,51.08,51.08
9741,5590,5,1,49.7,49.7
9742,5590,143,2,50.23,100.46
9743,5590,58,2,65.57,131.14
9744,5590,107,1,121.33,121.33
9745,5591,64,1,63.14,63.14
9746,5591,49,1,61.05,61.05
9747,5592,135,1,113.07,113.07
9748,5593,116,1,99.25,99.25
9749,5593,41,2,135.53,271.06
9750,5593,48,1,42.1,42.1
9751,5594,61,1,180.83,180.83
9752,5594,90,1,39.66,39.66
9753,5595,11,3,113.47,340.41
9754,5595,44,2,180.29,360.58
9755,5596,81,1,48.07,48.07
9756,5597,129,1,82.98,82.98
9757,5597,53,1,34.65,34.65
9758,5598,30,1,112.19,112.19
9759,5598,116,3,99.25,297.75
9760,5599,1,1,20.32,20.32
9761,5599,109,1,97.53,97.53
9762,5599,43,2,42.12,84.24
9763,5600,29,1,91.23,91.23
9764,5601,31,1,85.02,85.02
9765,5602,64,1,63.14,63.14
9766,5602,52,1,81.24,81.24
9767,5602,130,3,92.74,278.22
9768,5602,39,1,159.15,159.15
9769,5603,59,1,93.3,93.3
9770,5603,42,2,94.67,189.34
9771,5603,76,1,78.32,78.32
9772,5604,127,2,56.25,112.5
9773,5605,13,2,105.94,211.88
9774,5606,115,1,114.0,114.0
9775,5606,131,1,156.36,156.36
9776,5606,11,2,113.47,226.94
9777,5607,25,1,102.53,102.53
9778,5607,87,1,73.76,73.76
9779,5607,97,1,167.71,167.71
9780,5607,33,2,47.02,94.04
9781,5608,121,2,92.86,185.72
9782,5609,117,1,88.88,88.88
9783,5609,20,1,43.77,43.77
9784,5610,94,2,114.63,229.26
9785,5610,73,1,70.7,70.7
9786,5611,58,3,65.57,196.71
9787,5611,122,2,74.91,149.82
9788,5612,38,1,97.25,97.25
9789,5613,131,3,156.36,469.08
9790,5614,88,1,30.63,30.63
9791,5614,98,2,98.76,197.52
9792,5614,104,1,42.67,42.67
9793,5615,142,1,104.52,104.52
9794,5616,104,1,42.67,42.67
9795,5616,145,3,101.8,305.4
9796,5616,123,1,90.9,90.9
9797,5616,49,2,61.05,122.1
9798,5617,114,3,93.96,281.88
9799,5617,98,1,98.76,98.76
9800,5618,97,2,167.71,335.42
9801,5619,57,1,43.25,43.25
9802,5619,126,3,50.25,150.75
9803,5620,64,1,63.14,63.14
9804,5621,95,1,68.19,68.19
9805,5622,112,1,51.13,51.13
9806,5622,16,2,37.81,75.62
9807,5622,19,1,69.78,69.78
9808,5623,7,3,96.04,288.12
9809,5624,131,2,156.36,312.72
9810,5624,37,1,104.19,104.19
9811,5625,93,2,56.41,112.82
9812,5626,31,1,85.02,85.02
9813,5627,51,3,38.0,114.0
9814,5627,53,3,34.65,103.95
9815,5628,127,1,56.25,56.25
9816,5629,11,2,113.47,226.94
9817,5629,83,1,110.09,110.09
9818,5630,85,3,94.04,282.12
9819,5630,102,1,123.35,123.35
9820,5631,71,1,21.91,21.91
9821,5631,6,2,51.08,102.16
9822,5632,53,3,34.65,103.95
9823,5632,33,1,47.02,47.02
9824,5633,8,1,47.18,47.18
9825,5633,92,1,107.96,107.96
9826,5633,125,1,99.26,99.26
9827,5634,45,1,106.3,106.3
9828,5634,102,3,123.35,370.05
9829,5635,99,2,115.68,231.36
9830,5635,145,1,101.8,101.8
9831,5635,59,1,93.3,93.3
9832,5636,104,2,42.67,85.34
9833,5636,52,1,81.24,81.24
9834,5637,108,1,89.12,89.12
9835,5637,94,1,114.63,114.63
9836,5637,125,3,99.26,297.78
9837,5638,57,1,43.25,43.25
9838,5638,10,1,115.41,115.41
9839,5639,68,1,25.01,25.01
9840,5640,127,3,56.25,168.75
9841,5640,113,1,110.24,110.24
9842,5640,126,1,50.25,50.25
9843,5641,62,1,41.29,41.29
9844,5642,99,1,115.68,115.68
9845,5643,142,1,104.52,104.52
9846,5643,60,2,34.01,68.02
9847,5643,75,2,52.19,104.38
9848,5643,5,1,49.7,49.7
9849,5644,16,1,37.81,37.81
9850,5644,126,1,50.25,50.25
9851,5645,120,1,108.5,108.5
9852,5645,16,2,37.81,75.62
9853,5645,32,3,135.32,405.96
9854,5646,147,1,77.95,77.95
9855,5647,88,1,30.63,30.63
9856,5648,143,1,50.23,50.23
9857,5648,81,1,48.07,48.07
9858,5648,133,1,131.41,131.41
9859,5648,47,2,44.74,89.48
9860,5649,84,3,112.96,338.88
9861,5650,121,2,92.86,185.72
9862,5650,90,2,39.66,79.32
9863,5651,67,1,36.36,36.36
9864,5651,148,3,135.92,407.76
9865,5651,56,1,65.84,65.84
9866,5651,134,1,115.02,115.02
9867,5652,78,1,101.79,101.79
9868,5653,16,1,37.81,37.81
9869,5653,15,1,123.75,123.75
9870,5654,30,2,112.19,224.38
9871,5655,15,1,123.75,123.75
9872,5656,51,1,38.0,38.0
9873,5657,48,1,42.1,42.1
9874,5658,86,2,94.49,188.98
9875,5658,23,1,47.63,47.63
9876,5659,147,1,77.95,77.95
9877,5659,78,1,101.79,101.79
9878,5659,24,1,30.79,30.79
9879,5660,126,1,50.25,50.25
9880,5661,120,1,108.5,108.5
9881,5662,114,1,93.96,93.96
9882,5663,63,1,111.53,111.53
9883,5664,108,1,89.12,89.12
9884,5665,17,2,122.66,245.32
9885,5666,104,1,42.67,42.67
9886,5666,91,2,72.73,145.46
9887,5666,62,1,41.29,41.29
9888,5667,84,3,112.96,338.88
9889,5667,97,1,167.71,167.71
9890,5668,109,1,97.53,97.53
9891,5669,135,1,113.07,113.07
9892,5670,62,3,41.29,123.87
9893,5671,93,2,56.41,112.82
9894,5671,11,2,113.47,226.94
9895,5672,125,1,99.26,99.26
9896,5672,10,1,115.41,115.41
9897,5673,84,3,112.96,338.88
9898,5673,42,1,94.67,94.67
9899,5674,10,2,115.41,230.82
9900,5674,91,2,72.73,145.46
9901,5675,41,2,135.53,271.06
9902,5676,96,1,167.08,167.08
9903,5676,66,1,105.26,105.26
9904,5676,24,3,30.79,92.37
9905,5677,141,2,33.34,66.68
9906,5678,4,1,48.57,48.57
9907,5679,52,1,81.24,81.24
9908,5679,40,1,33.35,33.35
9909,5680,145,1,101.8,101.8
9910,5681,82,1,126.68,126.68
9911,5681,81,3,48.07,144.21
9912,5682,84,1,112.96,112.96
9913,5682,40,1,33.35,33.35
9914,5683,59,1,93.3,93.3
9915,5683,81,1,48.07,48.07
9916,5684,54,1,73.69,73.69
9917,5685,15,1,123.75,123.75
9918,5685,81,2,48.07,96.14
9919,5685,132,1,111.89,111.89
9920,5686,136,1,70.88,70.88
9921,5687,144,1,141.3,141.3
9922,5687,33,1,47.02,47.02
9923,5688,90,2,39.66,79.32
9924,5688,118,3,49.84,149.52
9925,5688,100,1,63.47,63.47
9926,5688,24,3,30.79,92.37
9927,5689,131,1,156.36,156.36
9928,5690,126,1,50.25,50.25
9929,5691,3,1,29.93,29.93
9930,5691,120,1,108.5,108.5
9931,5692,34,1,167.82,167.82
9932,5693,103,2,53.36,106.72
9933,5694,18,1,104.51,104.51
9934,5694,144,1,141.3,141.3
9935,5695,57,1,43.25,43.25
9936,5695,70,1,27.52,27.52
9937,5695,148,1,135.92,135.92
9938,5696,19,1,69.78,69.78
9939,5697,135,2,113.07,226.14
9940,5698,45,1,106.3,106.3
9941,5698,15,2,123.75,247.5
9942,5699,109,1,97.53,97.53
9943,5699,139,2,56.23,112.46
9944,5700,98,3,98.76,296.28
9945,5701,41,1,135.53,135.53
9946,5701,38,2,97.25,194.5
9947,5702,12,1,108.7,108.7
9948,5703,45,1,106.3,106.3
9949,5703,100,1,63.47,63.47
9950,5703,58,1,65.57,65.57
9951,5704,67,1,36.36,36.36
9952,5704,9,1,31.04,31.04
9953,5705,126,2,50.25,100.5
9954,5706,7,1,96.04,96.04
9955,5707,68,1,25.01,25.01
9956,5707,4,1,48.57,48.57
9957,5708,110,3,113.16,339.48
9958,5708,98,1,98.76,98.76
9959,5708,9,1,31.04,31.04
9960,5709,121,1,92.86,92.86
9961,5709,18,1,104.51,104.51
9962,5710,102,3,123.35,370.05
9963,5710,66,1,105.26,105.26
9964,5710,121,3,92.86,278.58
9965,5710,72,1,90.43,90.43
9966,5711,140,2,66.92,133.84
9967,5712,67,1,36.36,36.36
9968,5712,40,2,33.35,66.7
9969,5713,61,1,180.83,180.83
9970,5714,33,1,47.02,47.02
9971,5715,65,2,94.21,188.42
9972,5715,105,3,66.0,198.0
9973,5716,86,1,94.49,94.49
9974,5717,46,1,77.71,77.71
9975,5718,55,1,136.68,136.68
9976,5718,17,1,122.66,122.66
9977,5719,111,1,25.05,25.05
9978,5719,11,1,113.47,113.47
9979,5719,88,2,30.63,61.26
9980,5720,122,1,74.91,74.91
9981,5720,38,1,97.25,97.25
9982,5721,27,1,96.2,96.2
9983,5721,66,1,105.26,105.26
9984,5722,23,1,47.63,47.63
9985,5722,86,1,94.49,94.49
9986,5722,104,3,42.67,128.01
9987,5723,21,1,36.73,36.73
9988,5723,77,1,69.72,69.72
9989,5724,92,2,107.96,215.92
9990,5725,43,1,42.12,42.12
9991,5725,115,1,114.0,114.0
9992,5725,77,1,69.72,69.72
9993,5726,106,1,111.49,111.49
9994,5727,4,2,48.57,97.14
9995,5728,84,3,112.96,338.88
9996,5728,99,1,115.68,115.68
9997,5729,33,1,47.02,47.02
9998,5729,30,1,112.19,112.19
9999,5730,22,2,45.93,91.86
10000,5731,91,1,72.73,72.73
10001,5732,87,1,73.76,73.76
10002,5732,112,1,51.13,51.13
10003,5732,102,1,123.35,123.35
10004,5732,110,1,113.16,113.16
10005,5733,134,1,115.02,115.02
10006,5734,64,3,63.14,189.42
10007,5734,56,1,65.84,65.84
10008,5735,13,3,105.94,317.82
10009,5736,101,1,160.16,160.16
10010,5736,140,1,66.92,66.92
10011,5737,57,1,43.25,43.25
10012,5738,76,1,78.32,78.32
10013,5738,127,1,56.25,56.25
10014,5739,85,2,94.04,188.08
10015,5740,3,1,29.93,29.93
10016,5741,4,2,48.57,97.14
10017,5742,93,1,56.41,56.41
10018,5743,146,2,135.82,271.64
10019,5743,57,1,43.25,43.25
10020,5744,129,1,82.98,82.98
10021,5745,30,1,112.19,112.19
10022,5745,68,2,25.01,50.02
10023,5745,42,1,94.67,94.67
10024,5745,129,1,82.98,82.98
10025,5746,137,1,95.99,95.99
10026,5746,69,1,101.23,101.23
10027,5747,22,1,45.93,45.93
10028,5748,114,1,93.96,93.96
10029,5748,28,1,32.28,32.28
10030,5748,65,1,94.21,94.21
10031,5749,128,1,102.12,102.12
10032,5749,91,2,72.73,145.46
10033,5749,32,1,135.32,135.32
10034,5750,13,1,105.94,105.94
10035,5751,128,1,102.12,102.12
10036,5751,76,1,78.32,78.32
10037,5752,56,1,65.84,65.84
10038,5753,19,1,69.78,69.78
10039,5754,93,3,56.41,169.23
10040,5755,22,1,45.93,45.93
10041,5756,31,1,85.02,85.02
10042,5757,56,1,65.84,65.84
10043,5757,8,3,47.18,141.54
10044,5758,64,1,63.14,63.14
10045,5759,111,2,25.05,50.1
10046,5759,44,1,180.29,180.29
10047,5760,28,2,32.28,64.56
10048,5761,59,1,93.3,93.3
10049,5762,117,2,88.88,177.76
10050,5762,115,1,114.0,114.0
10051,5763,21,1,36.73,36.73
10052,5764,121,2,92.86,185.72
10053,5765,99,1,115.68,115.68
10054,5766,71,1,21.91,21.91
10055,5766,10,2,115.41,230.82
10056,5766,129,1,82.98,82.98
10057,5767,124,3,19.86,59.58
10058,5767,130,2,92.74,185.48
10059,5767,108,2,89.12,178.24
10060,5768,138,1,104.13,104.13
10061,5768,42,1,94.67,94.67
10062,5769,114,1,93.96,93.96
10063,5769,1,1,20.32,20.32
10064,5770,12,2,108.7,217.4
10065,5770,108,1,89.12,89.12
10066,5770,135,1,113.07,113.07
10067,5771,97,1,167.71,167.71
10068,5772,80,1,163.07,163.07
10069,5773,93,1,56.41,56.41
10070,5773,52,1,81.24,81.24
10071,5774,131,1,156.36,156.36
10072,5775,121,2,92.86,185.72
10073,5776,22,1,45.93,45.93
10074,5776,25,2,102.53,205.06
10075,5777,77,1,69.72,69.72
10076,5778,92,1,107.96,107.96
10077,5779,84,1,112.96,112.96
10078,5780,94,1,114.63,114.63
10079,5780,79,3,90.2,270.6
10080,5781,55,3,136.68,410.04
10081,5782,57,1,43.25,43.25
10082,5782,42,2,94.67,189.34
10083,5783,28,2,32.28,64.56
10084,5783,146,3,135.82,407.46
10085,5783,139,1,56.23,56.23
10086,5784,21,1,36.73,36.73
10087,5785,92,2,107.96,215.92
10088,5785,25,1,102.53,102.53
10089,5786,63,1,111.53,111.53
10090,5787,46,1,77.71,77.71
10091,5788,77,1,69.72,69.72
10092,5789,112,1,51.13,51.13
10093,5790,109,2,97.53,195.06
10094,5791,142,2,104.52,209.04
10095,5792,75,1,52.19,52.19
10096,5793,11,1,113.47,113.47
10097,5793,35,1,118.14,118.14
10098,5794,86,2,94.49,188.98
10099,5795,44,2,180.29,360.58
10100,5795,32,1,135.32,135.32
10101,5796,144,2,141.3,282.6
10102,5796,65,1,94.21,94.21
10103,5796,117,1,88.88,88.88
10104,5797,136,1,70.88,70.88
10105,5798,137,1,95.99,95.99
10106,5798,56,1,65.84,65.84
10107,5799,1,1,20.32,20.32
10108,5800,61,1,180.83,180.83
10109,5800,69,1,101.23,101.23
10110,5800,119,1,89.03,89.03
10111,5800,57,1,43.25,43.25
10112,5801,109,1,97.53,97.53
10113,5802,18,1,104.51,104.51
10114,5803,116,1,99.25,99.25
10115,5803,124,1,19.86,19.86
10116,5803,96,2,167.08,334.16
10117,5804,122,2,74.91,149.82
10118,5805,131,1,156.36,156.36
10119,5805,62,1,41.29,41.29
10120,5806,2,1,127.2,127.2
10121,5806,109,1,97.53,97.53
10122,5807,73,1,70.7,70.7
10123,5808,59,1,93.3,93.3
10124,5809,27,1,96.2,96.2
10125,5809,10,1,115.41,115.41
10126,5809,39,3,159.15,477.45
10127,5809,120,3,108.5,325.5
10128,5810,107,1,121.33,121.33
10129,5810,45,1,106.3,106.3
10130,5811,58,2,65.57,131.14
10131,5812,67,3,36.36,109.08
10132,5812,142,1,104.52,104.52
10133,5813,129,1,82.98,82.98
10134,5814,53,1,34.65,34.65
10135,5814,22,1,45.93,45.93
10136,5814,107,2,121.33,242.66
10137,5814,99,1,115.68,115.68
10138,5815,54,2,73.69,147.38
10139,5816,143,1,50.23,50.23
10140,5817,113,2,110.24,220.48
10141,5818,129,1,82.98,82.98
10142,5818,109,1,97.53,97.53
10143,5818,8,1,47.18,47.18
10144,5819,33,1,47.02,47.02
10145,5820,34,1,167.82,167.82
10146,5820,130,3,92.74,278.22
10147,5820,61,1,180.83,180.83
10148,5821,79,1,90.2,90.2
10149,5822,57,1,43.25,43.25
10150,5823,128,1,102.12,102.12
10151,5824,43,1,42.12,42.12
10152,5825,9,1,31.04,31.04
10153,5826,70,1,27.52,27.52
10154,5826,86,2,94.49,188.98
10155,5826,148,1,135.92,135.92
10156,5826,109,2,97.53,195.06
10157,5827,96,1,167.08,167.08
10158,5828,146,1,135.82,135.82
10159,5829,96,2,167.08,334.16
10160,5830,134,1,115.02,115.02
10161,5831,32,1,135.32,135.32
10162,5831,106,2,111.49,222.98
10163,5832,22,1,45.93,45.93
10164,5832,52,2,81.24,162.48
10165,5832,120,3,108.5,325.5
10166,5833,78,1,101.79,101.79
10167,5834,83,2,110.09,220.18
10168,5835,83,1,110.09,110.09
10169,5835,57,1,43.25,43.25
10170,5836,63,1,111.53,111.53
10171,5836,120,1,108.5,108.5
10172,5837,50,2,24.92,49.84
10173,5838,145,1,101.8,101.8
10174,5838,141,1,33.34,33.34
10175,5839,129,1,82.98,82.98
10176,5839,145,1,101.8,101.8
10177,5839,67,1,36.36,36.36
10178,5840,135,1,113.07,113.07
10179,5840,70,3,27.52,82.56
10180,5840,72,1,90.43,90.43
10181,5841,14,2,153.24,306.48
10182,5841,94,1,114.63,114.63
10183,5842,86,3,94.49,283.47
10184,5842,34,2,167.82,335.64
10185,5842,98,3,98.76,296.28
10186,5843,58,1,65.57,65.57
10187,5843,63,1,111.53,111.53
10188,5843,103,1,53.36,53.36
10189,5844,91,1,72.73,72.73
10190,5844,70,1,27.52,27.52
10191,5844,122,1,74.91,74.91
10192,5845,85,2,94.04,188.08
10193,5846,98,1,98.76,98.76
10194,5847,20,1,43.77,43.77
10195,5848,82,3,126.68,380.04
10196,5848,88,1,30.63,30.63
10197,5849,28,2,32.28,64.56
10198,5849,116,1,99.25,99.25
10199,5849,53,1,34.65,34.65
10200,5850,44,2,180.29,360.58
10201,5850,62,1,41.29,41.29
10202,5851,43,2,42.12,84.24
10203,5851,7,3,96.04,288.12
10204,5852,39,1,159.15,159.15
10205,5853,59,1,93.3,93.3
10206,5854,133,1,131.41,131.41
10207,5855,51,1,38.0,38.0
10208,5856,52,1,81.24,81.24
10209,5856,40,1,33.35,33.35
10210,5856,91,2,72.73,145.46
10211,5857,23,1,47.63,47.63
10212,5857,1,1,20.32,20.32
10213,5858,44,3,180.29,540.87
10214,5859,33,2,47.02,94.04
10215,5859,49,1,61.05,61.05
10216,5859,121,1,92.86,92.86
10217,5860,45,1,106.3,106.3
10218,5861,100,2,63.47,126.94
10219,5861,56,1,65.84,65.84
10220,5862,38,2,97.25,194.5
10221,5862,26,1,60.62,60.62
10222,5862,66,1,105.26,105.26
10223,5863,21,1,36.73,36.73
10224,5864,41,1,135.53,135.53
10225,5864,2,2,127.2,254.4
10226,5864,20,2,43.77,87.54
10227,5865,65,3,94.21,282.63
10228,5865,110,1,113.16,113.16
10229,5866,138,1,104.13,104.13
10230,5867,93,2,56.41,112.82
10231,5867,64,1,63.14,63.14
10232,5868,142,3,104.52,313.56
10233,5868,77,1,69.72,69.72
10234,5868,136,1,70.88,70.88
10235,5869,7,3,96.04,288.12
10236,5870,21,2,36.73,73.46
10237,5871,29,2,91.23,182.46
10238,5871,9,1,31.04,31.04
10239,5872,146,1,135.82,135.82
10240,5873,60,1,34.01,34.01
10241,5874,27,3,96.2,288.6
10242,5874,90,1,39.66,39.66
10243,5875,109,2,97.53,195.06
10244,5876,65,1,94.21,94.21
10245,5877,114,1,93.96,93.96
10246,5877,119,1,89.03,89.03
10247,5877,83,1,110.09,110.09
10248,5877,89,1,23.55,23.55
10249,5878,78,1,101.79,101.79
10250,5879,81,1,48.07,48.07
10251,5879,30,1,112.19,112.19
10252,5879,59,3,93.3,279.9
10253,5880,123,1,90.9,90.9
10254,5880,18,1,104.51,104.51
10255,5880,102,1,123.35,123.35
10256,5881,41,1,135.53,135.53
10257,5882,144,1,141.3,141.3
10258,5882,60,1,34.01,34.01
10259,5883,28,1,32.28,32.28
10260,5883,72,2,90.43,180.86
10261,5883,118,1,49.84,49.84
10262,5884,30,1,112.19,112.19
10263,5885,33,2,47.02,94.04
10264,5886,23,1,47.63,47.63
10265,5887,74,1,109.3,109.3
10266,5888,77,1,69.72,69.72
10267,5888,14,3,153.24,459.72
10268,5888,142,1,104.52,104.52
10269,5889,141,1,33.34,33.34
10270,5890,101,1,160.16,160.16
10271,5891,100,1,63.47,63.47
10272,5892,143,1,50.23,50.23
10273,5892,39,1,159.15,159.15
10274,5893,87,1,73.76,73.76
10275,5894,18,1,104.51,104.51
10276,5895,111,1,25.05,25.05
10277,5896,122,1,74.91,74.91
10278,5896,52,3,81.24,243.72
10279,5897,130,1,92.74,92.74
10280,5897,117,1,88.88,88.88
10281,5898,128,1,102.12,102.12
10282,5899,90,1,39.66,39.66
10283,5900,107,1,121.33,121.33
10284,5900,133,1,131.41,131.41
10285,5901,82,2,126.68,253.36
10286,5901,46,3,77.71,233.13
10287,5902,75,1,52.19,52.19
10288,5902,126,1,50.25,50.25
10289,5902,124,3,19.86,59.58
10290,5903,30,2,112.19,224.38
10291,5904,91,1,72.73,72.73
10292,5904,64,3,63.14,189.42
10293,5904,118,3,49.84,149.52
10294,5905,87,1,73.76,73.76
10295,5905,122,1,74.91,74.91
10296,5906,21,1,36.73,36.73
10297,5907,54,2,73.69,147.38
10298,5907,110,1,113.16,113.16
10299,5908,25,2,102.53,205.06
10300,5909,89,2,23.55,47.1
10301,5910,112,1,51.13,51.13
10302,5910,57,1,43.25,43.25
10303,5911,3,2,29.93,59.86
10304,5911,97,1,167.71,167.71
10305,5912,11,2,113.47,226.94
10306,5912,107,1,121.33,121.33
10307,5913,34,2,167.82,335.64
10308,5914,118,1,49.84,49.84
10309,5914,40,3,33.35,100.05
10310,5914,14,2,153.24,306.48
10311,5915,79,1,90.2,90.2
10312,5915,62,2,41.29,82.58
10313,5915,60,1,34.01,34.01
10314,5916,82,1,126.68,126.68
10315,5916,2,1,127.2,127.2
10316,5916,70,2,27.52,55.04
10317,5916,42,2,94.67,189.34
10318,5917,3,1,29.93,29.93
10319,5917,140,1,66.92,66.92
10320,5918,78,2,101.79,203.58
10321,5919,61,1,180.83,180.83
10322,5920,20,1,43.77,43.77
10323,5920,37,2,104.19,208.38
10324,5921,27,1,96.2,96.2
10325,5921,24,2,30.79,61.58
10326,5921,3,1,29.93,29.93
10327,5922,144,1,141.3,141.3
10328,5923,17,1,122.66,122.66
10329,5923,88,3,30.63,91.89
10330,5924,71,1,21.91,21.91
10331,5925,133,1,131.41,131.41
10332,5926,75,1,52.19,52.19
10333,5927,80,1,163.07,163.07
10334,5927,143,1,50.23,50.23
10335,5928,112,1,51.13,51.13
10336,5929,114,1,93.96,93.96
10337,5930,100,1,63.47,63.47
10338,5931,9,1,31.04,31.04
10339,5931,137,2,95.99,191.98
10340,5932,2,1,127.2,127.2
10341,5933,109,1,97.53,97.53
10342,5934,99,1,115.68,115.68
10343,5934,19,1,69.78,69.78
10344,5935,132,1,111.89,111.89
10345,5936,63,1,111.53,111.53
10346,5936,91,1,72.73,72.73
10347,5937,51,1,38.0,38.0
10348,5937,14,1,153.24,153.24
10349,5937,97,1,167.71,167.71
10350,5938,27,1,96.2,96.2
10351,5938,76,1,78.32,78.32
10352,5939,14,1,153.24,153.24
10353,5939,122,1,74.91,74.91
10354,5940,28,1,32.28,32.28
10355,5940,77,1,69.72,69.72
10356,5941,34,1,167.82,167.82
10357,5942,30,1,112.19,112.19
10358,5943,58,2,65.57,131.14
10359,5943,37,1,104.19,104.19
10360,5943,81,1,48.07,48.07
10361,5943,87,1,73.76,73.76
10362,5944,148,1,135.92,135.92
10363,5944,1,1,20.32,20.32
10364,5944,97,1,167.71,167.71
10365,5945,91,1,72.73,72.73
10366,5946,3,1,29.93,29.93
10367,5947,147,2,77.95,155.9
10368,5948,87,2,73.76,147.52
10369,5949,16,2,37.81,75.62
10370,5950,65,1,94.21,94.21
10371,5951,68,2,25.01,50.02
10372,5952,55,1,136.68,136.68
10373,5952,99,2,115.68,231.36
10374,5953,21,2,36.73,73.46
10375,5954,34,2,167.82,335.64
10376,5955,7,1,96.04,96.04
10377,5956,135,1,113.07,113.07
10378,5956,119,1,89.03,89.03
10379,5957,109,3,97.53,292.59
10380,5957,94,1,114.63,114.63
10381,5958,82,3,126.68,380.04
10382,5959,43,2,42.12,84.24
10383,5959,8,1,47.18,47.18
10384,5960,37,3,104.19,312.57
10385,5960,133,3,131.41,394.23
10386,5961,9,1,31.04,31.04
10387,5961,102,1,123.35,123.35
10388,5962,5,1,49.7,49.7
10389,5963,4,1,48.57,48.57
10390,5964,51,3,38.0,114.0
10391,5965,5,1,49.7,49.7
10392,5966,81,1,48.07,48.07
10393,5966,64,1,63.14,63.14
10394,5966,136,1,70.88,70.88
10395,5966,30,1,112.19,112.19
10396,5967,148,2,135.92,271.84
10397,5968,79,2,90.2,180.4
10398,5968,13,1,105.94,105.94
10399,5969,139,1,56.23,56.23
10400,5970,2,1,127.2,127.2
10401,5971,35,1,118.14,118.14
10402,5971,68,2,25.01,50.02
10403,5972,59,2,93.3,186.6
10404,5973,147,1,77.95,77.95
10405,5973,72,1,90.43,90.43
10406,5974,91,1,72.73,72.73
10407,5975,37,2,104.19,208.38
10408,5975,20,1,43.77,43.77
10409,5976,40,2,33.35,66.7
10410,5976,28,3,32.28,96.84
10411,5977,24,1,30.79,30.79
10412,5978,2,1,127.2,127.2
10413,5978,50,3,24.92,74.76
10414,5979,134,2,115.02,230.04
10415,5980,105,2,66.0,132.0
10416,5980,28,3,32.28,96.84
10417,5980,50,3,24.92,74.76
10418,5980,43,1,42.12,42.12
10419,5981,146,1,135.82,135.82
10420,5981,103,1,53.36,53.36
10421,5982,23,1,47.63,47.63
10422,5982,42,1,94.67,94.67
10423,5982,10,1,115.41,115.41
10424,5983,64,1,63.14,63.14
10425,5983,12,3,108.7,326.1
10426,5983,141,1,33.34,33.34
10427,5984,79,1,90.2,90.2
10428,5985,52,1,81.24,81.24
10429,5986,4,2,48.57,97.14
10430,5987,93,1,56.41,56.41
10431,5988,8,1,47.18,47.18
10432,5989,114,1,93.96,93.96
10433,5989,109,1,97.53,97.53
10434,5990,121,1,92.86,92.86
10435,5991,114,1,93.96,93.96
10436,5991,111,1,25.05,25.05
10437,5992,145,1,101.8,101.8
10438,5993,101,2,160.16,320.32
10439,5994,64,1,63.14,63.14
10440,5995,117,1,88.88,88.88
10441,5996,130,2,92.74,185.48
10442,5996,49,2,61.05,122.1
10443,5997,58,1,65.57,65.57
10444,5998,91,3,72.73,218.19
10445,5999,122,1,74.91,74.91
10446,5999,39,1,159.15,159.15
10447,5999,52,1,81.24,81.24
10448,6000,40,1,33.35,33.35
10449,6000,32,2,135.32,270.64
10450,6001,67,1,36.36,36.36
10451,6002,19,1,69.78,69.78
10452,6003,147,2,77.95,155.9
10453,6004,80,1,163.07,163.07
10454,6005,45,1,106.3,106.3
10455,6005,26,2,60.62,121.24
10456,6005,113,1,110.24,110.24
10457,6006,74,1,109.3,109.3
10458,6007,27,1,96.2,96.2
10459,6008,130,1,92.74,92.74
10460,6009,27,1,96.2,96.2
10461,6009,121,3,92.86,278.58
10462,6009,96,1,167.08,167.08
10463,6010,88,2,30.63,61.26
10464,6011,124,1,19.86,19.86
10465,6011,87,1,73.76,73.76
10466,6011,44,3,180.29,540.87
10467,6011,91,1,72.73,72.73
10468,6012,145,2,101.8,203.6
10469,6013,63,2,111.53,223.06
10470,6013,70,1,27.52,27.52
10471,6014,130,1,92.74,92.74
10472,6015,61,1,180.83,180.83
10473,6015,99,1,115.68,115.68
10474,6015,32,1,135.32,135.32
10475,6016,67,1,36.36,36.36
10476,6017,84,3,112.96,338.88
10477,6018,9,1,31.04,31.04
10478,6019,59,1,93.3,93.3
10479,6020,19,2,69.78,139.56
10480,6020,107,3,121.33,363.99
10481,6020,114,1,93.96,93.96
10482,6021,132,1,111.89,111.89
10483,6021,124,1,19.86,19.86
10484,6022,135,1,113.07,113.07
10485,6022,96,1,167.08,167.08
10486,6022,78,1,101.79,101.79
10487,6023,98,1,98.76,98.76
10488,6023,68,1,25.01,25.01
10489,6023,133,1,131.41,131.41
10490,6024,109,2,97.53,195.06
10491,6025,46,1,77.71,77.71
10492,6025,17,1,122.66,122.66
10493,6025,49,1,61.05,61.05
10494,6025,70,1,27.52,27.52
10495,6026,86,1,94.49,94.49
10496,6027,122,1,74.91,74.91
10497,6028,140,1,66.92,66.92
10498,6028,16,1,37.81,37.81
10499,6028,30,1,112.19,112.19
10500,6029,129,3,82.98,248.94
10501,6030,120,1,108.5,108.5
10502,6030,143,1,50.23,50.23
10503,6031,85,2,94.04,188.08
10504,6031,37,1,104.19,104.19
10505,6032,26,1,60.62,60.62
10506,6032,111,1,25.05,25.05
10507,6033,47,1,44.74,44.74
10508,6033,66,2,105.26,210.52
10509,6034,98,2,98.76,197.52
10510,6035,13,1,105.94,105.94
10511,6036,108,1,89.12,89.12
10512,6037,71,3,21.91,65.73
10513,6037,119,1,89.03,89.03
10514,6038,91,1,72.73,72.73
10515,6038,54,1,73.69,73.69
10516,6039,49,2,61.05,122.1
10517,6039,108,1,89.12,89.12
10518,6039,29,2,91.23,182.46
10519,6039,70,2,27.52,55.04
10520,6040,35,1,118.14,118.14
10521,6041,34,1,167.82,167.82
10522,6041,24,1,30.79,30.79
10523,6041,80,2,163.07,326.14
10524,6042,84,1,112.96,112.96
10525,6043,97,2,167.71,335.42
10526,6043,120,2,108.5,217.0
10527,6044,25,1,102.53,102.53
10528,6044,21,1,36.73,36.73
10529,6045,104,2,42.67,85.34
10530,6045,141,1,33.34,33.34
10531,6046,12,1,108.7,108.7
10532,6046,76,1,78.32,78.32
10533,6046,136,3,70.88,212.64
10534,6046,24,1,30.79,30.79
10535,6047,64,1,63.14,63.14
10536,6048,117,2,88.88,177.76
10537,6049,80,1,163.07,163.07
10538,6049,116,2,99.25,198.5
10539,6050,117,2,88.88,177.76
10540,6050,141,3,33.34,100.02
10541,6050,38,3,97.25,291.75
10542,6051,39,2,159.15,318.3
10543,6051,61,1,180.83,180.83
10544,6051,54,3,73.69,221.07
10545,6052,22,1,45.93,45.93
10546,6053,125,1,99.26,99.26
10547,6053,128,1,102.12,102.12
10548,6053,90,1,39.66,39.66
10549,6053,130,1,92.74,92.74
10550,6054,22,3,45.93,137.79
10551,6054,91,3,72.73,218.19
10552,6055,15,2,123.75,247.5
10553,6056,53,1,34.65,34.65
10554,6057,57,1,43.25,43.25
10555,6057,66,3,105.26,315.78
10556,6057,96,2,167.08,334.16
10557,6058,41,1,135.53,135.53
10558,6058,13,1,105.94,105.94
10559,6059,43,1,42.12,42.12
10560,6059,91,1,72.73,72.73
10561,6059,132,2,111.89,223.78
10562,6059,87,1,73.76,73.76
10563,6060,53,2,34.65,69.3
10564,6060,140,2,66.92,133.84
10565,6061,100,1,63.47,63.47
10566,6062,75,1,52.19,52.19
10567,6062,73,1,70.7,70.7
10568,6062,132,1,111.89,111.89
10569,6063,118,2,49.84,99.68
10570,6064,23,1,47.63,47.63
10571,6064,97,1,167.71,167.71
10572,6064,116,1,99.25,99.25
10573,6065,72,1,90.43,90.43
10574,6065,118,1,49.84,49.84
10575,6066,43,2,42.12,84.24
10576,6067,60,1,34.01,34.01
10577,6067,71,2,21.91,43.82
10578,6068,114,1,93.96,93.96
10579,6068,109,1,97.53,97.53
10580,6069,100,1,63.47,63.47
10581,6070,73,1,70.7,70.7
10582,6070,50,1,24.92,24.92
10583,6071,75,1,52.19,52.19
10584,6071,147,1,77.95,77.95
10585,6072,29,1,91.23,91.23
10586,6072,45,2,106.3,212.6
10587,6072,79,2,90.2,180.4
10588,6072,138,2,104.13,208.26
10589,6073,115,2,114.0,228.0
10590,6074,26,1,60.62,60.62
10591,6074,14,1,153.24,153.24
10592,6075,6,2,51.08,102.16
10593,6075,44,1,180.29,180.29
10594,6075,137,2,95.99,191.98
10595,6076,131,2,156.36,312.72
10596,6077,133,1,131.41,131.41
10597,6078,50,1,24.92,24.92
10598,6079,30,1,112.19,112.19
10599,6080,79,3,90.2,270.6
10600,6080,128,1,102.12,102.12
10601,6080,31,1,85.02,85.02
10602,6081,127,2,56.25,112.5
10603,6081,88,1,30.63,30.63
10604,6081,122,1,74.91,74.91
10605,6082,107,1,121.33,121.33
10606,6083,31,1,85.02,85.02
10607,6084,141,1,33.34,33.34
10608,6085,59,1,93.3,93.3
10609,6085,33,1,47.02,47.02
10610,6086,147,1,77.95,77.95
10611,6087,55,1,136.68,136.68
10612,6088,19,1,69.78,69.78
10613,6088,5,1,49.7,49.7
10614,6089,144,3,141.3,423.9
10615,6090,36,1,79.89,79.89
10616,6091,144,3,141.3,423.9
10617,6091,136,1,70.88,70.88
10618,6092,97,1,167.71,167.71
10619,6092,45,1,106.3,106.3
10620,6092,120,3,108.5,325.5
10621,6092,147,2,77.95,155.9
10622,6093,8,2,47.18,94.36
10623,6093,123,2,90.9,181.8
10624,6094,74,1,109.3,109.3
10625,6094,7,1,96.04,96.04
10626,6095,62,1,41.29,41.29
10627,6096,93,2,56.41,112.82
10628,6097,58,1,65.57,65.57
10629,6098,104,2,42.67,85.34
10630,6099,21,2,36.73,73.46
10631,6100,44,2,180.29,360.58
10632,6100,39,1,159.15,159.15
10633,6100,4,3,48.57,145.71
10634,6101,106,1,111.49,111.49
10635,6101,120,1,108.5,108.5
10636,6102,14,3,153.24,459.72
10637,6103,117,3,88.88,266.64
10638,6104,35,2,118.14,236.28
10639,6105,127,1,56.25,56.25
10640,6106,104,1,42.67,42.67
10641,6107,135,1,113.07,113.07
10642,6107,94,1,114.63,114.63
10643,6108,77,2,69.72,139.44
10644,6108,61,2,180.83,361.66
10645,6109,64,1,63.14,63.14
10646,6110,83,1,110.09,110.09
10647,6111,31,1,85.02,85.02
10648,6112,112,1,51.13,51.13
10649,6113,11,1,113.47,113.47
10650,6113,143,1,50.23,50.23
10651,6114,83,1,110.09,110.09
10652,6115,126,3,50.25,150.75
10653,6115,24,1,30.79,30.79
10654,6116,82,1,126.68,126.68
10655,6117,63,1,111.53,111.53
10656,6118,67,2,36.36,72.72
10657,6118,12,1,108.7,108.7
10658,6119,121,1,92.86,92.86
10659,6119,13,1,105.94,105.94
10660,6120,142,1,104.52,104.52
10661,6120,99,1,115.68,115.68
10662,6121,82,1,126.68,126.68
10663,6121,81,2,48.07,96.14
10664,6122,28,2,32.28,64.56
10665,6123,50,1,24.92,24.92
10666,6124,65,1,94.21,94.21
10667,6125,69,1,101.23,101.23
10668,6126,65,3,94.21,282.63
10669,6127,54,1,73.69,73.69
10670,6128,147,2,77.95,155.9
10671,6129,60,1,34.01,34.01
10672,6129,128,1,102.12,102.12
10673,6130,78,1,101.79,101.79
10674,6131,57,1,43.25,43.25
10675,6131,26,3,60.62,181.86
10676,6131,128,1,102.12,102.12
10677,6132,129,1,82.98,82.98
10678,6132,124,1,19.86,19.86
10679,6133,142,1,104.52,104.52
10680,6134,46,2,77.71,155.42
10681,6134,105,1,66.0,66.0
10682,6135,116,2,99.25,198.5
10683,6135,20,1,43.77,43.77
10684,6136,99,1,115.68,115.68
10685,6137,116,3,99.25,297.75
10686,6138,26,1,60.62,60.62
10687,6138,72,2,90.43,180.86
10688,6139,29,1,91.23,91.23
10689,6139,102,1,123.35,123.35
10690,6140,120,2,108.5,217.0
10691,6141,48,1,42.1,42.1
10692,6141,136,1,70.88,70.88
10693,6142,113,2,110.24,220.48
10694,6142,61,1,180.83,180.83
10695,6143,113,1,110.24,110.24
10696,6144,18,1,104.51,104.51
10697,6145,69,1,101.23,101.23
10698,6146,95,1,68.19,68.19
10699,6147,5,1,49.7,49.7
10700,6148,20,1,43.77,43.77
10701,6149,31,1,85.02,85.02
10702,6150,73,1,70.7,70.7
10703,6151,53,1,34.65,34.65
10704,6151,148,1,135.92,135.92
10705,6152,105,1,66.0,66.0
10706,6153,64,1,63.14,63.14
10707,6154,27,1,96.2,96.2
10708,6154,135,1,113.07,113.07
10709,6155,33,1,47.02,47.02
10710,6155,42,1,94.67,94.67
10711,6155,96,1,167.08,167.08
10712,6156,96,1,167.08,167.08
10713,6157,146,2,135.82,271.64
10714,6158,75,2,52.19,104.38
10715,6159,91,1,72.73,72.73
10716,6159,66,1,105.26,105.26
10717,6159,46,1,77.71,77.71
10718,6160,25,1,102.53,102.53
10719,6161,51,1,38.0,38.0
10720,6161,6,1,51.08,51.08
10721,6162,86,1,94.49,94.49
10722,6162,140,3,66.92,200.76
10723,6163,35,1,118.14,118.14
10724,6163,102,2,123.35,246.7
10725,6164,35,1,118.14,118.14
10726,6165,2,1,127.2,127.2
10727,6165,108,1,89.12,89.12
10728,6166,9,1,31.04,31.04
10729,6167,9,1,31.04,31.04
10730,6167,16,1,37.81,37.81
10731,6168,137,2,95.99,191.98
10732,6168,77,2,69.72,139.44
10733,6168,79,1,90.2,90.2
10734,6168,12,1,108.7,108.7
10735,6169,148,3,135.92,407.76
10736,6170,65,2,94.21,188.42
10737,6170,90,1,39.66,39.66
10738,6170,141,1,33.34,33.34
10739,6171,69,1,101.23,101.23
10740,6172,76,1,78.32,78.32
10741,6172,43,3,42.12,126.36
10742,6173,91,1,72.73,72.73
10743,6174,133,3,131.41,394.23
10744,6174,26,1,60.62,60.62
10745,6175,2,2,127.2,254.4
10746,6175,19,2,69.78,139.56
10747,6175,39,3,159.15,477.45
10748,6176,147,3,77.95,233.85
10749,6177,8,1,47.18,47.18
10750,6177,57,1,43.25,43.25
10751,6178,48,1,42.1,42.1
10752,6178,1,2,20.32,40.64
10753,6179,58,1,65.57,65.57
10754,6179,51,1,38.0,38.0
10755,6180,8,3,47.18,141.54
10756,6180,1,1,20.32,20.32
10757,6181,80,1,163.07,163.07
10758,6182,37,1,104.19,104.19
10759,6182,16,1,37.81,37.81
10760,6183,96,1,167.08,167.08
10761,6184,77,1,69.72,69.72
10762,6185,75,2,52.19,104.38
10763,6185,76,1,78.32,78.32
10764,6186,109,3,97.53,292.59
10765,6186,56,1,65.84,65.84
10766,6186,105,3,66.0,198.0
10767,6187,126,1,50.25,50.25
10768,6187,43,1,42.12,42.12
10769,6188,76,1,78.32,78.32
10770,6188,105,1,66.0,66.0
10771,6189,44,1,180.29,180.29
10772,6189,147,2,77.95,155.9
10773,6190,134,1,115.02,115.02
10774,6191,47,1,44.74,44.74
10775,6192,11,1,113.47,113.47
10776,6193,39,1,159.15,159.15
10777,6194,24,1,30.79,30.79
10778,6195,111,1,25.05,25.05
10779,6196,3,2,29.93,59.86
10780,6197,23,1,47.63,47.63
10781,6198,82,1,126.68,126.68
10782,6198,48,2,42.1,84.2
10783,6198,110,2,113.16,226.32
10784,6199,41,1,135.53,135.53
10785,6200,29,1,91.23,91.23
10786,6200,21,1,36.73,36.73
10787,6201,51,1,38.0,38.0
10788,6202,111,2,25.05,50.1
10789,6203,24,1,30.79,30.79
10790,6204,79,1,90.2,90.2
10791,6205,73,2,70.7,141.4
10792,6206,65,2,94.21,188.42
10793,6207,144,2,141.3,282.6
10794,6208,39,1,159.15,159.15
10795,6209,5,1,49.7,49.7
10796,6210,29,2,91.23,182.46
10797,6210,97,1,167.71,167.71
10798,6210,84,2,112.96,225.92
10799,6210,48,2,42.1,84.2
10800,6211,104,1,42.67,42.67
10801,6212,67,1,36.36,36.36
10802,6212,88,3,30.63,91.89
10803,6213,15,1,123.75,123.75
10804,6213,135,2,113.07,226.14
10805,6214,68,1,25.01,25.01
10806,6215,144,1,141.3,141.3
10807,6216,110,1,113.16,113.16
10808,6216,14,2,153.24,306.48
10809,6217,144,1,141.3,141.3
10810,6218,90,1,39.66,39.66
10811,6219,128,1,102.12,102.12
10812,6220,35,3,118.14,354.42
10813,6221,39,2,159.15,318.3
10814,6221,109,2,97.53,195.06
10815,6221,14,3,153.24,459.72
10816,6222,99,3,115.68,347.04
10817,6222,17,2,122.66,245.32
10818,6222,31,3,85.02,255.06
10819,6223,10,3,115.41,346.23
10820,6224,32,1,135.32,135.32
10821,6224,129,3,82.98,248.94
10822,6225,4,1,48.57,48.57
10823,6226,104,1,42.67,42.67
10824,6227,55,2,136.68,273.36
10825,6228,104,1,42.67,42.67
10826,6229,101,1,160.16,160.16
10827,6230,61,1,180.83,180.83
10828,6231,27,2,96.2,192.4
10829,6232,100,1,63.47,63.47
10830,6232,93,1,56.41,56.41
10831,6233,40,3,33.35,100.05
10832,6233,104,1,42.67,42.67
10833,6233,53,1,34.65,34.65
10834,6234,138,1,104.13,104.13
10835,6234,90,3,39.66,118.98
10836,6235,145,2,101.8,203.6
10837,6235,2,3,127.2,381.6
10838,6236,130,1,92.74,92.74
10839,6237,75,1,52.19,52.19
10840,6238,36,1,79.89,79.89
10841,6238,51,1,38.0,38.0
10842,6238,47,1,44.74,44.74
10843,6239,17,2,122.66,245.32
10844,6239,54,2,73.69,147.38
10845,6239,66,2,105.26,210.52
10846,6240,106,1,111.49,111.49
10847,6240,66,1,105.26,105.26
10848,6240,140,1,66.92,66.92
10849,6241,77,1,69.72,69.72
10850,6241,46,3,77.71,233.13
10851,6242,27,1,96.2,96.2
10852,6243,119,2,89.03,178.06
10853,6243,84,1,112.96,112.96
10854,6244,51,1,38.0,38.0
10855,6244,116,2,99.25,198.5
10856,6245,91,2,72.73,145.46
10857,6245,81,2,48.07,96.14
10858,6245,87,1,73.76,73.76
10859,6246,16,2,37.81,75.62
10860,6246,102,1,123.35,123.35
10861,6247,130,1,92.74,92.74
10862,6248,47,2,44.74,89.48
10863,6249,14,1,153.24,153.24
10864,6249,112,1,51.13,51.13
10865,6250,28,3,32.28,96.84
10866,6250,11,2,113.47,226.94
10867,6251,80,2,163.07,326.14
10868,6252,127,2,56.25,112.5
10869,6252,139,2,56.23,112.46
10870,6252,101,1,160.16,160.16
10871,6253,124,1,19.86,19.86
10872,6253,7,2,96.04,192.08
10873,6253,75,1,52.19,52.19
10874,6254,122,1,74.91,74.91
10875,6255,131,2,156.36,312.72
10876,6256,128,1,102.12,102.12
10877,6256,46,1,77.71,77.71
10878,6256,72,2,90.43,180.86
10879,6257,137,3,95.99,287.97
10880,6257,128,1,102.12,102.12
10881,6257,142,2,104.52,209.04
10882,6258,45,1,106.3,106.3
10883,6258,113,1,110.24,110.24
10884,6258,56,1,65.84,65.84
10885,6259,62,1,41.29,41.29
10886,6259,48,3,42.1,126.3
10887,6260,16,1,37.81,37.81
10888,6260,72,1,90.43,90.43
10889,6261,78,1,101.79,101.79
10890,6261,29,1,91.23,91.23
10891,6261,99,1,115.68,115.68
10892,6261,122,1,74.91,74.91
10893,6262,94,3,114.63,343.89
10894,6263,1,1,20.32,20.32
10895,6264,125,1,99.26,99.26
10896,6264,41,1,135.53,135.53
10897,6264,62,1,41.29,41.29
10898,6265,50,1,24.92,24.92
10899,6265,25,2,102.53,205.06
10900,6266,54,1,73.69,73.69
10901,6267,62,1,41.29,41.29
10902,6268,147,1,77.95,77.95
10903,6269,25,1,102.53,102.53
10904,6269,97,1,167.71,167.71
10905,6270,12,1,108.7,108.7
10906,6270,2,2,127.2,254.4
10907,6270,61,1,180.83,180.83
10908,6271,115,1,114.0,114.0
10909,6271,96,1,167.08,167.08
10910,6272,67,1,36.36,36.36
10911,6272,82,2,126.68,253.36
10912,6273,46,1,77.71,77.71
10913,6274,121,1,92.86,92.86
10914,6275,87,1,73.76,73.76
10915,6275,3,1,29.93,29.93
10916,6275,139,3,56.23,168.69
10917,6276,144,1,141.3,141.3
10918,6277,13,1,105.94,105.94
10919,6278,73,2,70.7,141.4
10920,6278,8,1,47.18,47.18
10921,6279,119,1,89.03,89.03
10922,6280,25,1,102.53,102.53
10923,6280,75,2,52.19,104.38
10924,6280,101,1,160.16,160.16
10925,6280,21,1,36.73,36.73
10926,6281,13,1,105.94,105.94
10927,6281,115,1,114.0,114.0
10928,6281,129,2,82.98,165.96
10929,6281,112,2,51.13,102.26
10930,6282,60,2,34.01,68.02
10931,6282,125,1,99.26,99.26
10932,6283,72,1,90.43,90.43
10933,6284,36,1,79.89,79.89
10934,6285,5,1,49.7,49.7
10935,6286,80,2,163.07,326.14
10936,6287,11,2,113.47,226.94
10937,6288,133,1,131.41,131.41
10938,6288,134,1,115.02,115.02
10939,6289,121,1,92.86,92.86
10940,6290,107,1,121.33,121.33
10941,6291,54,2,73.69,147.38
10942,6292,93,1,56.41,56.41
10943,6293,138,1,104.13,104.13
10944,6293,11,3,113.47,340.41
10945,6293,125,2,99.26,198.52
10946,6294,40,2,33.35,66.7
10947,6294,138,1,104.13,104.13
10948,6295,125,1,99.26,99.26
10949,6295,53,2,34.65,69.3
10950,6296,143,1,50.23,50.23
10951,6296,119,1,89.03,89.03
10952,6296,20,1,43.77,43.77
10953,6297,96,1,167.08,167.08
10954,6297,3,2,29.93,59.86
10955,6298,84,1,112.96,112.96
10956,6298,123,1,90.9,90.9
10957,6299,141,1,33.34,33.34
10958,6300,123,1,90.9,90.9
10959,6301,90,1,39.66,39.66
10960,6302,8,3,47.18,141.54
10961,6302,88,1,30.63,30.63
10962,6302,145,1,101.8,101.8
10963,6303,94,1,114.63,114.63
10964,6304,46,1,77.71,77.71
10965,6304,123,1,90.9,90.9
10966,6305,140,1,66.92,66.92
10967,6306,73,1,70.7,70.7
10968,6306,139,1,56.23,56.23
10969,6307,140,1,66.92,66.92
10970,6308,65,2,94.21,188.42
10971,6308,87,2,73.76,147.52
10972,6309,95,2,68.19,136.38
10973,6310,48,1,42.1,42.1
10974,6310,133,1,131.41,131.41
10975,6311,6,1,51.08,51.08
10976,6311,51,1,38.0,38.0
10977,6311,124,2,19.86,39.72
10978,6312,128,1,102.12,102.12
10979,6312,114,1,93.96,93.96
10980,6313,62,1,41.29,41.29
10981,6313,35,2,118.14,236.28
10982,6313,23,1,47.63,47.63
10983,6313,112,1,51.13,51.13
10984,6314,63,1,111.53,111.53
10985,6315,13,1,105.94,105.94
10986,6315,52,3,81.24,243.72
10987,6316,56,1,65.84,65.84
10988,6317,135,1,113.07,113.07
10989,6318,80,1,163.07,163.07
10990,6318,135,1,113.07,113.07
10991,6319,60,2,34.01,68.02
10992,6320,36,2,79.89,159.78
10993,6321,49,1,61.05,61.05
10994,6322,17,2,122.66,245.32
10995,6323,57,1,43.25,43.25
10996,6323,29,1,91.23,91.23
10997,6324,108,2,89.12,178.24
10998,6325,123,1,90.9,90.9
10999,6326,138,1,104.13,104.13
11000,6326,14,1,153.24,153.24
11001,6327,36,3,79.89,239.67
11002,6328,17,2,122.66,245.32
11003,6329,77,1,69.72,69.72
11004,6329,35,3,118.14,354.42
11005,6329,60,1,34.01,34.01
11006,6330,106,1,111.49,111.49
11007,6330,32,3,135.32,405.96
11008,6331,60,1,34.01,34.01
11009,6331,12,3,108.7,326.1
11010,6332,40,2,33.35,66.7
11011,6333,141,1,33.34,33.34
11012,6334,129,2,82.98,165.96
11013,6335,119,3,89.03,267.09
11014,6335,145,1,101.8,101.8
11015,6336,31,1,85.02,85.02
11016,6336,43,1,42.12,42.12
11017,6336,89,2,23.55,47.1
11018,6337,90,1,39.66,39.66
11019,6337,129,1,82.98,82.98
11020,6338,126,1,50.25,50.25
11021,6338,96,2,167.08,334.16
11022,6339,146,1,135.82,135.82
11023,6340,53,2,34.65,69.3
11024,6340,3,1,29.93,29.93
11025,6341,52,1,81.24,81.24
11026,6341,115,1,114.0,114.0
11027,6341,91,3,72.73,218.19
11028,6342,101,1,160.16,160.16
11029,6343,96,1,167.08,167.08
11030,6344,4,3,48.57,145.71
11031,6345,96,3,167.08,501.24
11032,6346,4,3,48.57,145.71
11033,6346,39,1,159.15,159.15
11034,6346,121,1,92.86,92.86
11035,6347,98,2,98.76,197.52
11036,6348,115,1,114.0,114.0
11037,6349,21,1,36.73,36.73
11038,6350,99,1,115.68,115.68
11039,6351,137,1,95.99,95.99
11040,6352,20,1,43.77,43.77
11041,6353,124,1,19.86,19.86
11042,6354,21,1,36.73,36.73
11043,6355,137,1,95.99,95.99
11044,6356,33,2,47.02,94.04
11045,6357,35,1,118.14,118.14
11046,6357,70,1,27.52,27.52
11047,6357,62,2,41.29,82.58
11048,6358,17,1,122.66,122.66
11049,6358,84,1,112.96,112.96
11050,6359,79,1,90.2,90.2
11051,6359,123,2,90.9,181.8
11052,6359,91,1,72.73,72.73
11053,6360,59,1,93.3,93.3
11054,6361,128,1,102.12,102.12
11055,6361,108,1,89.12,89.12
11056,6362,46,1,77.71,77.71
11057,6362,100,1,63.47,63.47
11058,6363,60,1,34.01,34.01
11059,6363,53,1,34.65,34.65
11060,6364,107,1,121.33,121.33
11061,6364,29,1,91.23,91.23
11062,6365,138,3,104.13,312.39
11063,6366,118,1,49.84,49.84
11064,6366,148,3,135.92,407.76
11065,6366,134,1,115.02,115.02
11066,6367,50,3,24.92,74.76
11067,6368,127,1,56.25,56.25
11068,6368,95,2,68.19,136.38
11069,6368,119,1,89.03,89.03
11070,6368,43,3,42.12,126.36
11071,6369,42,1,94.67,94.67
11072,6370,74,2,109.3,218.6
11073,6370,92,1,107.96,107.96
11074,6370,102,1,123.35,123.35
11075,6370,23,1,47.63,47.63
11076,6371,82,1,126.68,126.68
11077,6372,95,1,68.19,68.19
11078,6373,124,1,19.86,19.86
11079,6373,99,1,115.68,115.68
11080,6374,53,1,34.65,34.65
11081,6374,140,3,66.92,200.76
11082,6375,57,1,43.25,43.25
11083,6376,118,3,49.84,149.52
11084,6376,22,2,45.93,91.86
11085,6377,36,2,79.89,159.78
11086,6377,123,1,90.9,90.9
11087,6377,106,1,111.49,111.49
11088,6378,118,1,49.84,49.84
11089,6378,31,2,85.02,170.04
11090,6379,7,2,96.04,192.08
11091,6380,22,1,45.93,45.93
11092,6380,99,1,115.68,115.68
11093,6380,71,1,21.91,21.91
11094,6381,73,1,70.7,70.7
11095,6382,100,1,63.47,63.47
11096,6383,7,1,96.04,96.04
11097,6383,25,1,102.53,102.53
11098,6384,125,1,99.26,99.26
11099,6385,88,1,30.63,30.63
11100,6386,100,1,63.47,63.47
11101,6387,24,1,30.79,30.79
11102,6387,103,2,53.36,106.72
11103,6388,120,1,108.5,108.5
11104,6389,84,1,112.96,112.96
11105,6389,23,1,47.63,47.63
11106,6390,33,1,47.02,47.02
11107,6390,120,1,108.5,108.5
11108,6390,4,1,48.57,48.57
11109,6391,8,1,47.18,47.18
11110,6392,115,1,114.0,114.0
11111,6393,125,1,99.26,99.26
11112,6394,12,1,108.7,108.7
11113,6395,17,1,122.66,122.66
11114,6395,90,2,39.66,79.32
11115,6396,93,1,56.41,56.41
11116,6396,115,3,114.0,342.0
11117,6396,86,2,94.49,188.98
11118,6396,125,3,99.26,297.78
11119,6397,145,2,101.8,203.6
11120,6397,12,1,108.7,108.7
11121,6397,136,2,70.88,141.76
11122,6398,8,3,47.18,141.54
11123,6398,5,1,49.7,49.7
11124,6399,136,1,70.88,70.88
11125,6400,21,1,36.73,36.73
11126,6401,103,1,53.36,53.36
11127,6402,146,3,135.82,407.46
11128,6403,96,2,167.08,334.16
11129,6404,82,1,126.68,126.68
11130,6405,19,1,69.78,69.78
11131,6405,106,1,111.49,111.49
11132,6406,106,1,111.49,111.49
11133,6406,28,1,32.28,32.28
11134,6407,27,1,96.2,96.2
11135,6407,43,1,42.12,42.12
11136,6407,142,1,104.52,104.52
11137,6408,59,3,93.3,279.9
11138,6409,145,1,101.8,101.8
11139,6409,29,2,91.23,182.46
11140,6410,104,1,42.67,42.67
11141,6411,86,1,94.49,94.49
11142,6412,35,1,118.14,118.14
11143,6412,128,2,102.12,204.24
11144,6413,116,3,99.25,297.75
11145,6414,121,1,92.86,92.86
11146,6414,25,1,102.53,102.53
11147,6415,84,1,112.96,112.96
11148,6415,67,1,36.36,36.36
11149,6415,2,1,127.2,127.2
11150,6416,127,1,56.25,56.25
11151,6417,142,1,104.52,104.52
11152,6417,121,3,92.86,278.58
11153,6417,141,1,33.34,33.34
11154,6418,94,1,114.63,114.63
11155,6419,89,3,23.55,70.65
11156,6419,107,1,121.33,121.33
11157,6419,55,1,136.68,136.68
11158,6420,127,1,56.25,56.25
11159,6421,138,2,104.13,208.26
11160,6422,17,2,122.66,245.32
11161,6423,137,2,95.99,191.98
11162,6423,97,2,167.71,335.42
11163,6424,14,1,153.24,153.24
11164,6424,114,1,93.96,93.96
11165,6425,83,1,110.09,110.09
11166,6426,9,2,31.04,62.08
11167,6426,6,1,51.08,51.08
11168,6426,2,2,127.2,254.4
11169,6426,21,2,36.73,73.46
11170,6427,61,1,180.83,180.83
11171,6428,62,1,41.29,41.29
11172,6428,25,2,102.53,205.06
11173,6428,5,1,49.7,49.7
11174,6429,43,1,42.12,42.12
11175,6429,55,1,136.68,136.68
11176,6430,109,1,97.53,97.53
11177,6430,70,1,27.52,27.52
11178,6431,134,1,115.02,115.02
11179,6431,74,1,109.3,109.3
11180,6432,23,2,47.63,95.26
11181,6433,81,2,48.07,96.14
11182,6434,109,1,97.53,97.53
11183,6434,64,1,63.14,63.14
11184,6435,49,1,61.05,61.05
11185,6435,129,1,82.98,82.98
11186,6436,137,1,95.99,95.99
11187,6436,10,1,115.41,115.41
11188,6437,127,1,56.25,56.25
11189,6438,2,3,127.2,381.6
11190,6439,119,1,89.03,89.03
11191,6440,4,2,48.57,97.14
11192,6440,9,1,31.04,31.04
11193,6440,53,1,34.65,34.65
11194,6440,27,2,96.2,192.4
11195,6441,41,3,135.53,406.59
11196,6442,12,1,108.7,108.7
11197,6442,4,1,48.57,48.57
11198,6442,27,2,96.2,192.4
11199,6443,115,1,114.0,114.0
11200,6444,103,1,53.36,53.36
11201,6445,134,1,115.02,115.02
11202,6446,84,1,112.96,112.96
11203,6447,18,3,104.51,313.53
11204,6447,85,3,94.04,282.12
11205,6448,95,2,68.19,136.38
11206,6448,54,1,73.69,73.69
11207,6448,147,2,77.95,155.9
11208,6449,73,1,70.7,70.7
11209,6449,112,2,51.13,102.26
11210,6449,28,1,32.28,32.28
11211,6450,140,1,66.92,66.92
11212,6451,83,2,110.09,220.18
11213,6451,97,1,167.71,167.71
11214,6452,42,1,94.67,94.67
11215,6453,132,1,111.89,111.89
11216,6453,144,1,141.3,141.3
11217,6454,96,2,167.08,334.16
11218,6455,119,1,89.03,89.03
11219,6456,62,2,41.29,82.58
11220,6457,67,1,36.36,36.36
11221,6457,71,1,21.91,21.91
11222,6458,54,1,73.69,73.69
11223,6458,38,1,97.25,97.25
11224,6458,108,1,89.12,89.12
11225,6459,96,1,167.08,167.08
11226,6460,34,1,167.82,167.82
11227,6460,8,1,47.18,47.18
11228,6461,132,2,111.89,223.78
11229,6462,55,2,136.68,273.36
11230,6462,78,1,101.79,101.79
11231,6463,1,2,20.32,40.64
11232,6464,13,2,105.94,211.88
11233,6464,85,1,94.04,94.04
11234,6465,129,1,82.98,82.98
11235,6465,58,1,65.57,65.57
11236,6466,64,3,63.14,189.42
11237,6466,78,3,101.79,305.37
11238,6467,6,2,51.08,102.16
11239,6468,138,2,104.13,208.26
11240,6468,69,1,101.23,101.23
11241,6468,10,1,115.41,115.41
11242,6469,42,1,94.67,94.67
11243,6470,31,3,85.02,255.06
11244,6470,55,3,136.68,410.04
11245,6471,36,3,79.89,239.67
11246,6471,41,3,135.53,406.59
11247,6472,32,3,135.32,405.96
11248,6473,2,3,127.2,381.6
11249,6474,83,1,110.09,110.09
11250,6474,143,1,50.23,50.23
11251,6475,146,2,135.82,271.64
11252,6475,143,2,50.23,100.46
11253,6476,144,1,141.3,141.3
11254,6477,46,1,77.71,77.71
11255,6478,31,2,85.02,170.04
11256,6478,43,1,42.12,42.12
11257,6479,92,2,107.96,215.92
11258,6480,14,2,153.24,306.48
11259,6480,57,1,43.25,43.25
11260,6480,19,1,69.78,69.78
11261,6480,49,2,61.05,122.1
11262,6481,143,3,50.23,150.69
11263,6482,21,1,36.73,36.73
11264,6482,47,1,44.74,44.74
11265,6483,116,1,99.25,99.25
11266,6483,57,1,43.25,43.25
11267,6483,31,1,85.02,85.02
11268,6484,59,1,93.3,93.3
11269,6485,4,2,48.57,97.14
11270,6485,32,1,135.32,135.32
11271,6486,50,2,24.92,49.84
11272,6486,22,1,45.93,45.93
11273,6487,75,2,52.19,104.38
11274,6488,89,1,23.55,23.55
11275,6488,53,1,34.65,34.65
11276,6489,5,2,49.7,99.4
11277,6489,133,1,131.41,131.41
11278,6489,86,1,94.49,94.49
11279,6489,83,3,110.09,330.27
11280,6490,112,3,51.13,153.39
11281,6490,48,1,42.1,42.1
11282,6490,92,1,107.96,107.96
11283,6490,133,1,131.41,131.41
11284,6491,127,2,56.25,112.5
11285,6491,89,1,23.55,23.55
11286,6491,139,1,56.23,56.23
11287,6492,125,1,99.26,99.26
11288,6493,3,1,29.93,29.93
11289,6493,64,2,63.14,126.28
11290,6493,109,1,97.53,97.53
11291,6494,10,1,115.41,115.41
11292,6494,131,1,156.36,156.36
11293,6495,100,2,63.47,126.94
11294,6495,15,1,123.75,123.75
11295,6495,147,1,77.95,77.95
11296,6495,114,2,93.96,187.92
11297,6496,32,3,135.32,405.96
11298,6497,83,1,110.09,110.09
11299,6498,73,1,70.7,70.7
11300,6499,24,1,30.79,30.79
11301,6499,50,1,24.92,24.92
11302,6499,123,1,90.9,90.9
11303,6500,56,3,65.84,197.52
11304,6501,146,1,135.82,135.82
11305,6502,83,1,110.09,110.09
11306,6503,83,3,110.09,330.27
11307,6504,128,2,102.12,204.24
11308,6504,108,1,89.12,89.12
11309,6505,91,1,72.73,72.73
11310,6505,8,3,47.18,141.54
11311,6505,144,1,141.3,141.3
11312,6506,96,1,167.08,167.08
11313,6506,108,1,89.12,89.12
11314,6507,135,1,113.07,113.07
11315,6507,102,1,123.35,123.35
11316,6507,131,2,156.36,312.72
11317,6508,144,1,141.3,141.3
11318,6508,95,2,68.19,136.38
11319,6508,55,1,136.68,136.68
11320,6509,53,1,34.65,34.65
11321,6509,92,1,107.96,107.96
11322,6509,119,2,89.03,178.06
11323,6510,112,1,51.13,51.13
11324,6510,131,1,156.36,156.36
11325,6510,98,1,98.76,98.76
11326,6511,126,1,50.25,50.25
11327,6512,33,2,47.02,94.04
11328,6513,49,2,61.05,122.1
11329,6513,94,1,114.63,114.63
11330,6514,123,1,90.9,90.9
11331,6514,99,2,115.68,231.36
11332,6514,5,1,49.7,49.7
11333,6515,67,1,36.36,36.36
11334,6516,17,1,122.66,122.66
11335,6517,126,1,50.25,50.25
11336,6517,69,1,101.23,101.23
11337,6518,40,1,33.35,33.35
11338,6518,131,3,156.36,469.08
11339,6519,136,2,70.88,141.76
11340,6519,89,2,23.55,47.1
11341,6520,121,1,92.86,92.86
11342,6521,90,1,39.66,39.66
11343,6522,39,2,159.15,318.3
11344,6523,41,1,135.53,135.53
11345,6523,86,2,94.49,188.98
11346,6524,50,1,24.92,24.92
11347,6524,25,1,102.53,102.53
11348,6525,37,2,104.19,208.38
11349,6526,66,1,105.26,105.26
11350,6527,6,1,51.08,51.08
11351,6527,84,3,112.96,338.88
11352,6527,98,1,98.76,98.76
11353,6528,125,2,99.26,198.52
11354,6528,139,3,56.23,168.69
11355,6529,10,1,115.41,115.41
11356,6529,50,1,24.92,24.92
11357,6529,34,1,167.82,167.82
11358,6530,144,1,141.3,141.3
11359,6531,143,1,50.23,50.23
11360,6531,74,2,109.3,218.6
11361,6532,12,3,108.7,326.1
11362,6532,4,1,48.57,48.57
11363,6533,141,1,33.34,33.34
11364,6533,45,2,106.3,212.6
11365,6533,62,1,41.29,41.29
11366,6534,100,1,63.47,63.47
11367,6534,49,1,61.05,61.05
11368,6535,41,1,135.53,135.53
11369,6535,18,1,104.51,104.51
11370,6535,23,1,47.63,47.63
11371,6536,39,2,159.15,318.3
11372,6537,69,1,101.23,101.23
11373,6537,119,1,89.03,89.03
11374,6537,11,2,113.47,226.94
11375,6538,48,1,42.1,42.1
11376,6538,16,2,37.81,75.62
11377,6539,130,1,92.74,92.74
11378,6540,130,2,92.74,185.48
11379,6540,93,1,56.41,56.41
11380,6541,95,1,68.19,68.19
11381,6542,56,3,65.84,197.52
11382,6543,54,1,73.69,73.69
11383,6543,126,1,50.25,50.25
11384,6544,137,1,95.99,95.99
11385,6545,126,3,50.25,150.75
11386,6545,64,1,63.14,63.14
11387,6545,144,1,141.3,141.3
11388,6546,15,2,123.75,247.5
11389,6547,146,3,135.82,407.46
11390,6547,86,1,94.49,94.49
11391,6547,62,1,41.29,41.29
11392,6548,70,3,27.52,82.56
11393,6549,87,1,73.76,73.76
11394,6550,68,1,25.01,25.01
11395,6551,56,1,65.84,65.84
11396,6552,51,1,38.0,38.0
11397,6552,44,1,180.29,180.29
11398,6552,57,1,43.25,43.25
11399,6553,23,1,47.63,47.63
11400,6554,16,1,37.81,37.81
11401,6555,29,2,91.23,182.46
11402,6555,60,1,34.01,34.01
11403,6555,105,1,66.0,66.0
11404,6555,143,2,50.23,100.46
11405,6556,13,1,105.94,105.94
11406,6557,141,1,33.34,33.34
11407,6558,48,1,42.1,42.1
11408,6559,82,1,126.68,126.68
11409,6560,117,2,88.88,177.76
11410,6560,26,1,60.62,60.62
11411,6561,147,1,77.95,77.95
11412,6562,21,2,36.73,73.46
11413,6562,61,2,180.83,361.66
11414,6563,97,1,167.71,167.71
11415,6563,58,1,65.57,65.57
11416,6564,95,1,68.19,68.19
11417,6565,137,1,95.99,95.99
11418,6565,104,1,42.67,42.67
11419,6565,7,1,96.04,96.04
11420,6565,130,1,92.74,92.74
11421,6566,100,2,63.47,126.94
11422,6567,4,1,48.57,48.57
11423,6567,111,1,25.05,25.05
11424,6568,61,1,180.83,180.83
11425,6569,42,1,94.67,94.67
11426,6570,113,2,110.24,220.48
11427,6570,63,2,111.53,223.06
11428,6571,23,1,47.63,47.63
11429,6572,27,1,96.2,96.2
11430,6573,45,1,106.3,106.3
11431,6573,47,1,44.74,44.74
11432,6573,144,1,141.3,141.3
11433,6574,137,1,95.99,95.99
11434,6574,46,1,77.71,77.71
11435,6574,9,1,31.04,31.04
11436,6574,96,1,167.08,167.08
11437,6575,27,2,96.2,192.4
11438,6575,22,1,45.93,45.93
11439,6576,48,1,42.1,42.1
11440,6577,133,2,131.41,262.82
11441,6577,47,2,44.74,89.48
11442,6577,50,1,24.92,24.92
11443,6578,51,1,38.0,38.0
11444,6578,33,1,47.02,47.02
11445,6579,119,1,89.03,89.03
11446,6580,97,1,167.71,167.71
11447,6580,15,1,123.75,123.75
11448,6581,140,1,66.92,66.92
11449,6582,76,2,78.32,156.64
11450,6582,129,2,82.98,165.96
11451,6583,111,1,25.05,25.05
11452,6583,99,1,115.68,115.68
11453,6583,87,2,73.76,147.52
11454,6584,139,1,56.23,56.23
11455,6584,24,1,30.79,30.79
11456,6585,7,1,96.04,96.04
11457,6585,136,1,70.88,70.88
11458,6585,146,1,135.82,135.82
11459,6586,124,1,19.86,19.86
11460,6586,110,1,113.16,113.16
11461,6587,116,1,99.25,99.25
11462,6588,25,1,102.53,102.53
11463,6588,104,1,42.67,42.67
11464,6589,78,1,101.79,101.79
11465,6590,71,1,21.91,21.91
11466,6590,72,1,90.43,90.43
11467,6591,99,2,115.68,231.36
11468,6591,7,1,96.04,96.04
11469,6592,53,3,34.65,103.95
11470,6592,49,2,61.05,122.1
11471,6592,141,1,33.34,33.34
11472,6593,77,1,69.72,69.72
11473,6594,76,2,78.32,156.64
11474,6595,69,1,101.23,101.23
11475,6595,131,1,156.36,156.36
11476,6595,59,2,93.3,186.6
11477,6595,95,1,68.19,68.19
11478,6596,128,2,102.12,204.24
11479,6596,83,1,110.09,110.09
11480,6597,67,1,36.36,36.36
11481,6597,22,3,45.93,137.79
11482,6598,132,1,111.89,111.89
11483,6599,58,1,65.57,65.57
11484,6599,2,3,127.2,381.6
11485,6600,27,1,96.2,96.2
11486,6600,132,1,111.89,111.89
11487,6601,134,3,115.02,345.06
11488,6601,88,3,30.63,91.89
11489,6602,63,1,111.53,111.53
11490,6602,108,1,89.12,89.12
11491,6603,110,1,113.16,113.16
11492,6604,19,1,69.78,69.78
11493,6604,101,1,160.16,160.16
11494,6605,67,3,36.36,109.08
11495,6605,147,2,77.95,155.9
11496,6605,83,1,110.09,110.09
11497,6606,37,1,104.19,104.19
11498,6606,49,2,61.05,122.1
11499,6607,48,2,42.1,84.2
11500,6608,117,1,88.88,88.88
11501,6608,38,1,97.25,97.25
11502,6609,75,3,52.19,156.57
11503,6610,135,1,113.07,113.07
11504,6611,8,3,47.18,141.54
11505,6612,76,1,78.32,78.32
11506,6613,123,1,90.9,90.9
11507,6614,136,1,70.88,70.88
11508,6615,79,1,90.2,90.2
11509,6616,114,1,93.96,93.96
11510,6616,49,1,61.05,61.05
11511,6616,113,1,110.24,110.24
11512,6617,52,3,81.24,243.72
11513,6618,84,1,112.96,112.96
11514,6618,117,2,88.88,177.76
11515,6619,85,1,94.04,94.04
11516,6620,19,2,69.78,139.56
11517,6621,116,1,99.25,99.25
11518,6622,116,3,99.25,297.75
11519,6622,16,2,37.81,75.62
11520,6622,100,2,63.47,126.94
11521,6622,90,1,39.66,39.66
11522,6623,44,1,180.29,180.29
11523,6623,124,3,19.86,59.58
11524,6623,35,1,118.14,118.14
11525,6624,70,1,27.52,27.52
11526,6624,121,1,92.86,92.86
11527,6625,48,1,42.1,42.1
11528,6626,21,1,36.73,36.73
11529,6627,85,1,94.04,94.04
11530,6627,17,2,122.66,245.32
11531,6628,37,1,104.19,104.19
11532,6629,81,1,48.07,48.07
11533,6630,9,1,31.04,31.04
11534,6630,82,2,126.68,253.36
11535,6630,93,1,56.41,56.41
11536,6631,95,1,68.19,68.19
11537,6632,74,1,109.3,109.3
11538,6632,44,2,180.29,360.58
11539,6632,71,1,21.91,21.91
11540,6633,97,3,167.71,503.13
11541,6634,15,3,123.75,371.25
11542,6635,71,1,21.91,21.91
11543,6635,95,3,68.19,204.57
11544,6635,53,1,34.65,34.65
11545,6636,9,2,31.04,62.08
11546,6637,100,1,63.47,63.47
11547,6638,114,2,93.96,187.92
11548,6639,88,1,30.63,30.63
11549,6640,130,2,92.74,185.48
11550,6641,140,1,66.92,66.92
11551,6641,46,3,77.71,233.13
11552,6641,6,1,51.08,51.08
11553,6642,21,1,36.73,36.73
11554,6643,136,1,70.88,70.88
11555,6644,54,1,73.69,73.69
11556,6645,44,1,180.29,180.29
11557,6646,29,1,91.23,91.23
11558,6647,137,1,95.99,95.99
11559,6647,9,1,31.04,31.04
11560,6647,22,2,45.93,91.86
11561,6647,78,1,101.79,101.79
11562,6648,96,1,167.08,167.08
11563,6649,131,2,156.36,312.72
11564,6649,72,1,90.43,90.43
11565,6649,24,1,30.79,30.79
11566,6650,108,1,89.12,89.12
11567,6650,67,2,36.36,72.72
11568,6651,78,2,101.79,203.58
11569,6652,32,2,135.32,270.64
11570,6652,60,3,34.01,102.03
11571,6652,38,3,97.25,291.75
11572,6653,90,1,39.66,39.66
11573,6654,106,3,111.49,334.47
11574,6655,72,1,90.43,90.43
11575,6655,13,1,105.94,105.94
11576,6655,137,2,95.99,191.98
11577,6655,22,1,45.93,45.93
11578,6656,21,2,36.73,73.46
11579,6656,128,3,102.12,306.36
11580,6657,74,1,109.3,109.3
11581,6657,33,2,47.02,94.04
11582,6658,148,1,135.92,135.92
11583,6658,118,2,49.84,99.68
11584,6658,142,1,104.52,104.52
11585,6659,51,2,38.0,76.0
11586,6659,113,3,110.24,330.72
11587,6660,102,2,123.35,246.7
11588,6661,87,1,73.76,73.76
11589,6661,105,2,66.0,132.0
11590,6662,80,1,163.07,163.07
11591,6663,37,1,104.19,104.19
11592,6663,25,1,102.53,102.53
11593,6664,8,1,47.18,47.18
11594,6664,103,2,53.36,106.72
11595,6665,81,2,48.07,96.14
11596,6666,113,1,110.24,110.24
11597,6666,49,1,61.05,61.05
11598,6666,141,1,33.34,33.34
11599,6667,18,1,104.51,104.51
11600,6668,70,2,27.52,55.04
11601,6669,143,1,50.23,50.23
11602,6670,95,1,68.19,68.19
11603,6671,135,1,113.07,113.07
11604,6671,51,2,38.0,76.0
11605,6672,38,2,97.25,194.5
11606,6673,52,2,81.24,162.48
11607,6674,5,3,49.7,149.1
11608,6675,25,1,102.53,102.53
11609,6675,42,2,94.67,189.34
11610,6676,142,2,104.52,209.04
11611,6676,138,1,104.13,104.13
11612,6676,19,1,69.78,69.78
11613,6677,30,2,112.19,224.38
11614,6678,111,2,25.05,50.1
11615,6679,121,3,92.86,278.58
11616,6679,107,1,121.33,121.33
11617,6679,32,1,135.32,135.32
11618,6680,78,1,101.79,101.79
11619,6681,110,1,113.16,113.16
11620,6682,1,1,20.32,20.32
11621,6683,60,1,34.01,34.01
11622,6684,106,2,111.49,222.98
11623,6684,121,1,92.86,92.86
11624,6684,132,2,111.89,223.78
11625,6684,127,1,56.25,56.25
11626,6685,50,2,24.92,49.84
11627,6685,1,2,20.32,40.64
11628,6686,136,1,70.88,70.88
11629,6686,86,1,94.49,94.49
11630,6687,91,1,72.73,72.73
11631,6688,138,1,104.13,104.13
11632,6689,118,2,49.84,99.68
11633,6689,107,2,121.33,242.66
11634,6690,68,2,25.01,50.02
11635,6691,123,3,90.9,272.7
11636,6692,50,3,24.92,74.76
11637,6692,100,1,63.47,63.47
11638,6692,28,1,32.28,32.28
11639,6693,13,1,105.94,105.94
11640,6694,103,1,53.36,53.36
11641,6694,96,1,167.08,167.08
11642,6694,17,1,122.66,122.66
11643,6695,115,2,114.0,228.0
11644,6696,146,1,135.82,135.82
11645,6697,146,1,135.82,135.82
11646,6698,23,2,47.63,95.26
11647,6699,21,2,36.73,73.46
11648,6699,87,2,73.76,147.52
11649,6700,83,1,110.09,110.09
11650,6701,83,1,110.09,110.09
11651,6701,68,1,25.01,25.01
11652,6702,84,1,112.96,112.96
11653,6703,135,1,113.07,113.07
11654,6704,52,1,81.24,81.24
11655,6705,87,1,73.76,73.76
11656,6706,92,1,107.96,107.96
11657,6706,101,1,160.16,160.16
11658,6706,117,1,88.88,88.88
11659,6706,69,1,101.23,101.23
11660,6707,63,1,111.53,111.53
11661,6707,140,1,66.92,66.92
11662,6708,97,2,167.71,335.42
11663,6708,118,1,49.84,49.84
11664,6708,106,1,111.49,111.49
11665,6709,124,1,19.86,19.86
11666,6710,54,1,73.69,73.69
11667,6710,50,1,24.92,24.92
11668,6710,48,1,42.1,42.1
11669,6711,91,1,72.73,72.73
11670,6711,130,1,92.74,92.74
11671,6712,55,1,136.68,136.68
11672,6713,12,3,108.7,326.1
11673,6713,78,1,101.79,101.79
11674,6714,121,1,92.86,92.86
11675,6714,6,3,51.08,153.24
11676,6715,86,1,94.49,94.49
11677,6716,21,1,36.73,36.73
11678,6716,117,1,88.88,88.88
11679,6716,132,3,111.89,335.67
11680,6716,3,2,29.93,59.86
11681,6717,114,1,93.96,93.96
11682,6718,94,1,114.63,114.63
11683,6719,134,1,115.02,115.02
11684,6720,81,2,48.07,96.14
11685,6720,24,1,30.79,30.79
11686,6720,9,1,31.04,31.04
11687,6721,134,1,115.02,115.02
11688,6721,135,2,113.07,226.14
11689,6722,30,1,112.19,112.19
11690,6722,64,1,63.14,63.14
11691,6723,142,1,104.52,104.52
11692,6724,132,1,111.89,111.89
11693,6724,115,1,114.0,114.0
11694,6724,82,1,126.68,126.68
11695,6725,12,1,108.7,108.7
11696,6725,70,1,27.52,27.52
11697,6726,147,1,77.95,77.95
11698,6727,108,1,89.12,89.12
11699,6727,96,1,167.08,167.08
11700,6728,24,1,30.79,30.79
11701,6728,98,1,98.76,98.76
11702,6728,59,1,93.3,93.3
11703,6729,26,1,60.62,60.62
11704,6730,79,1,90.2,90.2
11705,6731,64,1,63.14,63.14
11706,6732,138,1,104.13,104.13
11707,6732,115,1,114.0,114.0
11708,6733,6,1,51.08,51.08
11709,6734,81,1,48.07,48.07
11710,6735,81,1,48.07,48.07
11711,6735,23,1,47.63,47.63
11712,6736,75,1,52.19,52.19
11713,6737,94,1,114.63,114.63
11714,6738,29,1,91.23,91.23
11715,6739,49,1,61.05,61.05
11716,6739,74,1,109.3,109.3
11717,6739,94,1,114.63,114.63
11718,6739,114,1,93.96,93.96
11719,6740,83,1,110.09,110.09
11720,6740,101,1,160.16,160.16
11721,6741,16,1,37.81,37.81
11722,6742,6,1,51.08,51.08
11723,6742,84,1,112.96,112.96
11724,6742,16,1,37.81,37.81
11725,6743,132,1,111.89,111.89
11726,6743,140,3,66.92,200.76
11727,6744,34,1,167.82,167.82
11728,6744,69,2,101.23,202.46
11729,6745,59,2,93.3,186.6
11730,6746,97,1,167.71,167.71
11731,6747,75,1,52.19,52.19
11732,6747,20,1,43.77,43.77
11733,6748,126,1,50.25,50.25
11734,6749,59,1,93.3,93.3
11735,6749,61,1,180.83,180.83
11736,6749,118,1,49.84,49.84
11737,6750,79,1,90.2,90.2
11738,6751,1,1,20.32,20.32
11739,6752,24,2,30.79,61.58
11740,6753,62,1,41.29,41.29
11741,6753,124,1,19.86,19.86
11742,6753,77,1,69.72,69.72
11743,6754,97,1,167.71,167.71
11744,6754,30,1,112.19,112.19
11745,6755,56,1,65.84,65.84
11746,6756,23,1,47.63,47.63
11747,6757,8,1,47.18,47.18
11748,6758,84,2,112.96,225.92
11749,6759,57,2,43.25,86.5
11750,6759,2,1,127.2,127.2
11751,6759,17,1,122.66,122.66
11752,6759,8,1,47.18,47.18
11753,6760,131,3,156.36,469.08
11754,6761,144,1,141.3,141.3
11755,6761,16,1,37.81,37.81
11756,6761,74,2,109.3,218.6
11757,6762,37,1,104.19,104.19
11758,6763,109,1,97.53,97.53
11759,6763,90,1,39.66,39.66
11760,6764,123,2,90.9,181.8
11761,6765,89,3,23.55,70.65
11762,6766,138,2,104.13,208.26
11763,6766,108,1,89.12,89.12
11764,6766,1,2,20.32,40.64
11765,6767,91,2,72.73,145.46
11766,6768,24,1,30.79,30.79
11767,6768,1,1,20.32,20.32
11768,6769,96,1,167.08,167.08
11769,6769,113,3,110.24,330.72
11770,6770,44,1,180.29,180.29
11771,6771,110,1,113.16,113.16
11772,6771,36,1,79.89,79.89
11773,6771,46,2,77.71,155.42
11774,6772,121,1,92.86,92.86
11775,6772,4,1,48.57,48.57
11776,6772,7,1,96.04,96.04
11777,6773,128,2,102.12,204.24
11778,6773,19,1,69.78,69.78
11779,6773,113,3,110.24,330.72
11780,6774,73,3,70.7,212.1
11781,6775,128,3,102.12,306.36
11782,6776,86,3,94.49,283.47
11783,6776,76,2,78.32,156.64
11784,6776,46,1,77.71,77.71
11785,6777,104,1,42.67,42.67
11786,6777,57,1,43.25,43.25
11787,6778,66,1,105.26,105.26
11788,6778,36,1,79.89,79.89
11789,6779,90,1,39.66,39.66
11790,6779,48,1,42.1,42.1
11791,6780,136,3,70.88,212.64
11792,6781,106,2,111.49,222.98
11793,6781,14,1,153.24,153.24
11794,6781,65,1,94.21,94.21
11795,6782,21,1,36.73,36.73
11796,6783,96,1,167.08,167.08
11797,6783,76,3,78.32,234.96
11798,6783,15,1,123.75,123.75
11799,6784,6,1,51.08,51.08
11800,6785,14,1,153.24,153.24
11801,6786,51,1,38.0,38.0
11802,6786,139,1,56.23,56.23
11803,6787,121,1,92.86,92.86
11804,6787,97,1,167.71,167.71
11805,6788,83,3,110.09,330.27
11806,6788,51,1,38.0,38.0
11807,6789,21,1,36.73,36.73
11808,6789,109,2,97.53,195.06
11809,6790,77,1,69.72,69.72
11810,6791,18,1,104.51,104.51
11811,6792,48,1,42.1,42.1
11812,6793,87,1,73.76,73.76
11813,6793,86,3,94.49,283.47
11814,6793,24,1,30.79,30.79
11815,6794,119,1,89.03,89.03
11816,6794,47,1,44.74,44.74
11817,6795,142,1,104.52,104.52
11818,6796,39,2,159.15,318.3
11819,6796,70,1,27.52,27.52
11820,6797,24,1,30.79,30.79
11821,6797,5,2,49.7,99.4
11822,6798,138,1,104.13,104.13
11823,6798,68,1,25.01,25.01
11824,6799,64,1,63.14,63.14
11825,6799,105,1,66.0,66.0
11826,6800,22,1,45.93,45.93
11827,6801,31,1,85.02,85.02
11828,6801,20,1,43.77,43.77
11829,6801,25,1,102.53,102.53
11830,6801,59,1,93.3,93.3
11831,6802,122,1,74.91,74.91
11832,6803,117,3,88.88,266.64
11833,6804,127,1,56.25,56.25
11834,6804,94,1,114.63,114.63
11835,6804,137,2,95.99,191.98
11836,6805,59,3,93.3,279.9
11837,6806,72,1,90.43,90.43
11838,6807,30,1,112.19,112.19
11839,6807,96,1,167.08,167.08
11840,6807,108,1,89.12,89.12
11841,6807,64,1,63.14,63.14
11842,6808,32,1,135.32,135.32
11843,6809,71,2,21.91,43.82
11844,6810,148,1,135.92,135.92
11845,6811,42,1,94.67,94.67
11846,6812,39,1,159.15,159.15
11847,6812,6,1,51.08,51.08
11848,6812,118,1,49.84,49.84
11849,6813,26,3,60.62,181.86
11850,6813,110,1,113.16,113.16
11851,6813,122,1,74.91,74.91
11852,6813,85,1,94.04,94.04
11853,6814,98,1,98.76,98.76
11854,6815,77,1,69.72,69.72
11855,6816,142,1,104.52,104.52
11856,6817,99,2,115.68,231.36
11857,6817,111,1,25.05,25.05
11858,6818,55,3,136.68,410.04
11859,6818,14,3,153.24,459.72
11860,6819,90,2,39.66,79.32
11861,6820,96,3,167.08,501.24
11862,6821,5,1,49.7,49.7
11863,6821,32,3,135.32,405.96
11864,6821,34,1,167.82,167.82
11865,6822,131,3,156.36,469.08
11866,6823,131,1,156.36,156.36
11867,6824,90,2,39.66,79.32
11868,6824,26,1,60.62,60.62
11869,6825,47,1,44.74,44.74
11870,6826,92,1,107.96,107.96
11871,6826,10,1,115.41,115.41
11872,6827,129,1,82.98,82.98
11873,6827,85,2,94.04,188.08
11874,6828,78,3,101.79,305.37
11875,6828,125,1,99.26,99.26
11876,6829,9,2,31.04,62.08
11877,6829,11,1,113.47,113.47
11878,6830,15,1,123.75,123.75
11879,6831,14,1,153.24,153.24
11880,6832,94,1,114.63,114.63
11881,6833,64,2,63.14,126.28
11882,6833,127,1,56.25,56.25
11883,6834,63,1,111.53,111.53
11884,6835,12,3,108.7,326.1
11885,6836,15,2,123.75,247.5
11886,6836,4,1,48.57,48.57
11887,6837,37,1,104.19,104.19
11888,6838,94,2,114.63,229.26
11889,6839,22,1,45.93,45.93
11890,6839,49,1,61.05,61.05
11891,6840,102,3,123.35,370.05
11892,6840,8,2,47.18,94.36
11893,6841,53,1,34.65,34.65
11894,6841,115,1,114.0,114.0
11895,6842,76,1,78.32,78.32
11896,6842,137,3,95.99,287.97
11897,6842,88,1,30.63,30.63
11898,6843,14,3,153.24,459.72
11899,6843,23,1,47.63,47.63
11900,6844,85,1,94.04,94.04
11901,6844,101,1,160.16,160.16
11902,6845,43,1,42.12,42.12
11903,6846,144,3,141.3,423.9
11904,6847,41,1,135.53,135.53
11905,6848,85,1,94.04,94.04
11906,6849,47,1,44.74,44.74
11907,6849,16,1,37.81,37.81
11908,6850,42,1,94.67,94.67
11909,6851,47,1,44.74,44.74
11910,6852,3,2,29.93,59.86
11911,6853,88,1,30.63,30.63
11912,6854,50,1,24.92,24.92
11913,6854,74,2,109.3,218.6
11914,6855,137,1,95.99,95.99
11915,6855,18,1,104.51,104.51
11916,6856,59,1,93.3,93.3
11917,6857,38,2,97.25,194.5
11918,6857,27,1,96.2,96.2
11919,6858,86,3,94.49,283.47
11920,6859,54,1,73.69,73.69
11921,6859,21,1,36.73,36.73
11922,6859,4,2,48.57,97.14
11923,6860,119,1,89.03,89.03
11924,6861,94,1,114.63,114.63
11925,6862,17,1,122.66,122.66
11926,6863,89,2,23.55,47.1
11927,6863,147,1,77.95,77.95
11928,6864,30,1,112.19,112.19
11929,6865,56,1,65.84,65.84
11930,6865,49,3,61.05,183.15
11931,6866,23,1,47.63,47.63
11932,6866,110,1,113.16,113.16
11933,6866,115,1,114.0,114.0
11934,6867,48,1,42.1,42.1
11935,6868,82,2,126.68,253.36
11936,6869,125,1,99.26,99.26
11937,6869,98,1,98.76,98.76
11938,6870,61,3,180.83,542.49
11939,6870,129,1,82.98,82.98
11940,6870,52,1,81.24,81.24
11941,6871,83,1,110.09,110.09
11942,6871,75,1,52.19,52.19
11943,6871,33,2,47.02,94.04
11944,6872,128,1,102.12,102.12
11945,6872,76,3,78.32,234.96
11946,6872,102,1,123.35,123.35
11947,6872,49,1,61.05,61.05
11948,6873,89,1,23.55,23.55
11949,6874,48,2,42.1,84.2
11950,6875,87,1,73.76,73.76
11951,6875,70,1,27.52,27.52
11952,6875,65,1,94.21,94.21
11953,6876,2,2,127.2,254.4
11954,6876,127,2,56.25,112.5
11955,6877,17,3,122.66,367.98
11956,6877,18,1,104.51,104.51
11957,6877,51,3,38.0,114.0
11958,6878,144,3,141.3,423.9
11959,6878,7,1,96.04,96.04
11960,6879,148,1,135.92,135.92
11961,6879,144,1,141.3,141.3
11962,6879,140,1,66.92,66.92
11963,6880,62,3,41.29,123.87
11964,6881,83,1,110.09,110.09
11965,6881,75,1,52.19,52.19
11966,6881,108,1,89.12,89.12
11967,6881,86,2,94.49,188.98
11968,6882,38,1,97.25,97.25
11969,6882,45,1,106.3,106.3
11970,6883,27,2,96.2,192.4
11971,6884,73,2,70.7,141.4
11972,6885,61,1,180.83,180.83
11973,6885,147,3,77.95,233.85
11974,6886,85,3,94.04,282.12
11975,6886,7,1,96.04,96.04
11976,6887,130,1,92.74,92.74
11977,6888,78,1,101.79,101.79
11978,6889,100,1,63.47,63.47
11979,6890,73,1,70.7,70.7
11980,6891,133,1,131.41,131.41
11981,6891,92,1,107.96,107.96
11982,6892,55,1,136.68,136.68
11983,6892,143,1,50.23,50.23
11984,6893,103,2,53.36,106.72
11985,6893,117,1,88.88,88.88
11986,6893,91,1,72.73,72.73
11987,6894,33,1,47.02,47.02
11988,6895,25,1,102.53,102.53
11989,6896,115,1,114.0,114.0
11990,6897,110,1,113.16,113.16
11991,6898,91,1,72.73,72.73
11992,6898,108,1,89.12,89.12
11993,6898,51,1,38.0,38.0
11994,6899,37,1,104.19,104.19
11995,6900,100,1,63.47,63.47
11996,6901,12,1,108.7,108.7
11997,6901,124,2,19.86,39.72
11998,6902,85,1,94.04,94.04
11999,6902,31,1,85.02,85.02
12000,6903,86,2,94.49,188.98
12001,6904,40,1,33.35,33.35
12002,6905,132,2,111.89,223.78
12003,6906,14,2,153.24,306.48
12004,6906,18,2,104.51,209.02
12005,6907,58,1,65.57,65.57
12006,6907,138,2,104.13,208.26
12007,6907,116,3,99.25,297.75
12008,6908,30,1,112.19,112.19
12009,6909,115,2,114.0,228.0
12010,6909,75,1,52.19,52.19
12011,6909,31,1,85.02,85.02
12012,6910,104,2,42.67,85.34
12013,6911,104,1,42.67,42.67
12014,6911,85,1,94.04,94.04
12015,6912,137,1,95.99,95.99
12016,6912,30,1,112.19,112.19
12017,6913,80,1,163.07,163.07
12018,6914,85,1,94.04,94.04
12019,6914,87,2,73.76,147.52
12020,6915,122,2,74.91,149.82
12021,6915,137,1,95.99,95.99
12022,6915,3,2,29.93,59.86
12023,6916,79,1,90.2,90.2
12024,6916,92,1,107.96,107.96
12025,6916,59,1,93.3,93.3
12026,6917,19,3,69.78,209.34
12027,6918,8,2,47.18,94.36
12028,6918,67,2,36.36,72.72
12029,6919,45,1,106.3,106.3
12030,6920,110,1,113.16,113.16
12031,6921,31,1,85.02,85.02
12032,6921,20,3,43.77,131.31
12033,6922,93,1,56.41,56.41
12034,6922,59,1,93.3,93.3
12035,6923,28,3,32.28,96.84
12036,6924,6,2,51.08,102.16
12037,6924,11,1,113.47,113.47
12038,6925,57,1,43.25,43.25
12039,6926,52,1,81.24,81.24
12040,6927,73,1,70.7,70.7
12041,6928,52,3,81.24,243.72
12042,6929,60,1,34.01,34.01
12043,6929,103,1,53.36,53.36
12044,6929,107,1,121.33,121.33
12045,6929,64,1,63.14,63.14
12046,6930,123,2,90.9,181.8
12047,6931,87,1,73.76,73.76
12048,6931,52,1,81.24,81.24
12049,6932,11,1,113.47,113.47
12050,6932,44,3,180.29,540.87
12051,6933,108,3,89.12,267.36
12052,6934,30,1,112.19,112.19
12053,6934,52,1,81.24,81.24
12054,6935,80,1,163.07,163.07
12055,6935,142,2,104.52,209.04
12056,6935,24,3,30.79,92.37
12057,6936,44,2,180.29,360.58
12058,6936,146,1,135.82,135.82
12059,6937,8,1,47.18,47.18
12060,6937,40,1,33.35,33.35
12061,6938,96,1,167.08,167.08
12062,6938,124,1,19.86,19.86
12063,6939,30,2,112.19,224.38
12064,6940,121,2,92.86,185.72
12065,6940,101,1,160.16,160.16
12066,6940,9,1,31.04,31.04
12067,6940,130,1,92.74,92.74
12068,6941,95,1,68.19,68.19
12069,6942,2,2,127.2,254.4
12070,6943,23,1,47.63,47.63
12071,6943,134,1,115.02,115.02
12072,6943,8,1,47.18,47.18
12073,6943,143,1,50.23,50.23
12074,6944,84,1,112.96,112.96
12075,6945,94,3,114.63,343.89
12076,6946,101,1,160.16,160.16
12077,6947,16,1,37.81,37.81
12078,6948,106,1,111.49,111.49
12079,6948,101,1,160.16,160.16
12080,6949,58,1,65.57,65.57
12081,6950,131,1,156.36,156.36
12082,6950,53,1,34.65,34.65
12083,6951,56,1,65.84,65.84
12084,6952,101,2,160.16,320.32
12085,6952,66,1,105.26,105.26
12086,6953,76,1,78.32,78.32
12087,6953,83,2,110.09,220.18
12088,6954,97,1,167.71,167.71
12089,6955,25,3,102.53,307.59
12090,6956,129,2,82.98,165.96
12091,6956,114,1,93.96,93.96
12092,6956,126,1,50.25,50.25
12093,6956,71,2,21.91,43.82
12094,6957,28,1,32.28,32.28
12095,6957,86,2,94.49,188.98
12096,6958,121,1,92.86,92.86
12097,6959,67,3,36.36,109.08
12098,6960,87,1,73.76,73.76
12099,6961,18,1,104.51,104.51
12100,6961,52,1,81.24,81.24
12101,6962,42,3,94.67,284.01
12102,6962,148,1,135.92,135.92
12103,6962,123,2,90.9,181.8
12104,6963,19,1,69.78,69.78
12105,6963,4,1,48.57,48.57
12106,6964,106,2,111.49,222.98
12107,6965,66,1,105.26,105.26
12108,6966,143,2,50.23,100.46
12109,6967,145,1,101.8,101.8
12110,6968,15,1,123.75,123.75
12111,6969,138,1,104.13,104.13
12112,6970,146,1,135.82,135.82
12113,6971,38,1,97.25,97.25
12114,6972,66,1,105.26,105.26
12115,6973,84,3,112.96,338.88
12116,6973,8,1,47.18,47.18
12117,6974,104,1,42.67,42.67
12118,6975,88,1,30.63,30.63
12119,6976,77,1,69.72,69.72
12120,6977,19,1,69.78,69.78
12121,6977,26,1,60.62,60.62
12122,6977,30,2,112.19,224.38
12123,6977,121,2,92.86,185.72
12124,6978,66,3,105.26,315.78
12125,6978,37,2,104.19,208.38
12126,6979,147,1,77.95,77.95
12127,6979,121,1,92.86,92.86
12128,6979,125,1,99.26,99.26
12129,6980,75,2,52.19,104.38
12130,6981,129,1,82.98,82.98
12131,6981,144,2,141.3,282.6
12132,6981,107,1,121.33,121.33
12133,6981,105,1,66.0,66.0
12134,6982,109,1,97.53,97.53
12135,6982,57,2,43.25,86.5
12136,6983,127,2,56.25,112.5
12137,6984,36,2,79.89,159.78
12138,6985,120,1,108.5,108.5
12139,6985,29,1,91.23,91.23
12140,6986,80,1,163.07,163.07
12141,6986,19,1,69.78,69.78
12142,6987,62,2,41.29,82.58
12143,6987,16,1,37.81,37.81
12144,6988,143,1,50.23,50.23
12145,6989,112,1,51.13,51.13
12146,6990,75,1,52.19,52.19
12147,6990,86,1,94.49,94.49
12148,6990,39,3,159.15,477.45
12149,6991,6,1,51.08,51.08
12150,6992,8,1,47.18,47.18
12151,6992,40,3,33.35,100.05
12152,6993,77,2,69.72,139.44
12153,6994,120,1,108.5,108.5
12154,6994,18,2,104.51,209.02
12155,6995,51,2,38.0,76.0
12156,6995,38,1,97.25,97.25
12157,6995,84,2,112.96,225.92
12158,6996,16,1,37.81,37.81
12159,6996,55,1,136.68,136.68
12160,6996,101,2,160.16,320.32
12161,6997,91,1,72.73,72.73
12162,6998,29,1,91.23,91.23
12163,6998,130,1,92.74,92.74
12164,6999,41,1,135.53,135.53
12165,7000,126,1,50.25,50.25
12166,7001,83,1,110.09,110.09
12167,7001,82,1,126.68,126.68
12168,7002,141,1,33.34,33.34
12169,7002,60,2,34.01,68.02
12170,7003,122,1,74.91,74.91
12171,7004,11,1,113.47,113.47
12172,7005,141,1,33.34,33.34
12173,7006,137,1,95.99,95.99
12174,7006,87,1,73.76,73.76
12175,7007,83,2,110.09,220.18
12176,7008,122,1,74.91,74.91
12177,7009,21,3,36.73,110.19
12178,7010,90,1,39.66,39.66
12179,7010,26,2,60.62,121.24
12180,7011,145,3,101.8,305.4
12181,7011,107,2,121.33,242.66
12182,7012,26,1,60.62,60.62
12183,7013,126,1,50.25,50.25
12184,7014,48,1,42.1,42.1
12185,7015,143,2,50.23,100.46
12186,7015,88,2,30.63,61.26
12187,7015,146,1,135.82,135.82
12188,7016,95,2,68.19,136.38
12189,7016,131,1,156.36,156.36
12190,7017,146,2,135.82,271.64
12191,7018,50,2,24.92,49.84
12192,7018,53,1,34.65,34.65
12193,7018,118,1,49.84,49.84
12194,7018,37,1,104.19,104.19
12195,7019,38,1,97.25,97.25
12196,7020,53,1,34.65,34.65
12197,7021,135,1,113.07,113.07
12198,7021,33,1,47.02,47.02
12199,7022,68,1,25.01,25.01
12200,7022,1,1,20.32,20.32
12201,7023,4,2,48.57,97.14
12202,7024,112,2,51.13,102.26
12203,7024,99,2,115.68,231.36
12204,7025,2,2,127.2,254.4
12205,7025,124,2,19.86,39.72
12206,7025,42,1,94.67,94.67
12207,7026,13,1,105.94,105.94
12208,7026,10,2,115.41,230.82
12209,7027,3,1,29.93,29.93
12210,7027,50,1,24.92,24.92
12211,7028,106,1,111.49,111.49
12212,7028,5,1,49.7,49.7
12213,7029,43,1,42.12,42.12
12214,7030,34,1,167.82,167.82
12215,7030,66,2,105.26,210.52
12216,7031,6,1,51.08,51.08
12217,7032,145,1,101.8,101.8
12218,7032,115,1,114.0,114.0
12219,7032,4,1,48.57,48.57
12220,7033,121,3,92.86,278.58
12221,7034,94,1,114.63,114.63
12222,7034,131,1,156.36,156.36
12223,7035,60,1,34.01,34.01
12224,7036,100,1,63.47,63.47
12225,7036,140,3,66.92,200.76
12226,7036,145,2,101.8,203.6
12227,7036,110,2,113.16,226.32
12228,7037,126,1,50.25,50.25
12229,7037,44,1,180.29,180.29
12230,7038,83,1,110.09,110.09
12231,7039,34,2,167.82,335.64
12232,7040,2,3,127.2,381.6
12233,7040,44,1,180.29,180.29
12234,7040,68,3,25.01,75.03
12235,7040,48,1,42.1,42.1
12236,7041,45,1,106.3,106.3
12237,7041,21,1,36.73,36.73
12238,7042,136,1,70.88,70.88
12239,7042,110,2,113.16,226.32
12240,7043,49,1,61.05,61.05
12241,7043,93,2,56.41,112.82
12242,7043,148,1,135.92,135.92
12243,7043,139,1,56.23,56.23
12244,7044,42,2,94.67,189.34
12245,7044,102,1,123.35,123.35
12246,7045,112,1,51.13,51.13
12247,7045,43,1,42.12,42.12
12248,7045,83,1,110.09,110.09
12249,7046,81,2,48.07,96.14
12250,7047,112,2,51.13,102.26
12251,7048,5,3,49.7,149.1
12252,7049,142,2,104.52,209.04
12253,7050,96,3,167.08,501.24
12254,7050,131,3,156.36,469.08
12255,7051,15,1,123.75,123.75
12256,7052,75,1,52.19,52.19
12257,7052,118,1,49.84,49.84
12258,7052,70,1,27.52,27.52
12259,7053,41,1,135.53,135.53
12260,7054,99,1,115.68,115.68
12261,7055,26,1,60.62,60.62
12262,7055,52,1,81.24,81.24
12263,7056,131,2,156.36,312.72
12264,7056,85,1,94.04,94.04
12265,7057,16,1,37.81,37.81
12266,7058,106,2,111.49,222.98
12267,7058,125,1,99.26,99.26
12268,7058,92,1,107.96,107.96
12269,7058,58,1,65.57,65.57
12270,7059,112,3,51.13,153.39
12271,7060,74,1,109.3,109.3
12272,7060,100,3,63.47,190.41
12273,7061,52,2,81.24,162.48
12274,7061,10,1,115.41,115.41
12275,7062,78,1,101.79,101.79
12276,7063,7,1,96.04,96.04
12277,7064,101,1,160.16,160.16
12278,7065,148,2,135.92,271.84
12279,7066,132,2,111.89,223.78
12280,7066,108,3,89.12,267.36
12281,7067,63,1,111.53,111.53
12282,7068,90,1,39.66,39.66
12283,7068,116,2,99.25,198.5
12284,7069,98,1,98.76,98.76
12285,7070,83,3,110.09,330.27
12286,7070,105,2,66.0,132.0
12287,7070,37,1,104.19,104.19
12288,7071,143,1,50.23,50.23
12289,7071,52,1,81.24,81.24
12290,7071,39,2,159.15,318.3
12291,7072,97,1,167.71,167.71
12292,7073,118,1,49.84,49.84
12293,7073,23,1,47.63,47.63
12294,7074,55,1,136.68,136.68
12295,7074,13,1,105.94,105.94
12296,7074,147,1,77.95,77.95
12297,7075,109,2,97.53,195.06
12298,7075,55,1,136.68,136.68
12299,7075,9,1,31.04,31.04
12300,7075,7,1,96.04,96.04
12301,7076,126,1,50.25,50.25
12302,7076,85,1,94.04,94.04
12303,7077,23,2,47.63,95.26
12304,7077,74,1,109.3,109.3
12305,7078,31,1,85.02,85.02
12306,7078,73,1,70.7,70.7
12307,7078,13,2,105.94,211.88
12308,7079,127,1,56.25,56.25
12309,7080,69,1,101.23,101.23
12310,7081,112,1,51.13,51.13
12311,7081,140,1,66.92,66.92
12312,7082,136,3,70.88,212.64
12313,7082,32,1,135.32,135.32
12314,7083,68,1,25.01,25.01
12315,7084,25,3,102.53,307.59
12316,7085,132,1,111.89,111.89
12317,7085,103,1,53.36,53.36
12318,7086,81,1,48.07,48.07
12319,7086,142,3,104.52,313.56
12320,7087,68,2,25.01,50.02
12321,7088,123,3,90.9,272.7
12322,7088,74,1,109.3,109.3
12323,7089,85,3,94.04,282.12
12324,7089,89,1,23.55,23.55
12325,7089,105,2,66.0,132.0
12326,7090,27,3,96.2,288.6
12327,7091,41,1,135.53,135.53
12328,7091,60,1,34.01,34.01
12329,7092,14,2,153.24,306.48
12330,7092,63,1,111.53,111.53
12331,7093,44,1,180.29,180.29
12332,7093,47,1,44.74,44.74
12333,7094,119,1,89.03,89.03
12334,7095,61,1,180.83,180.83
12335,7096,50,1,24.92,24.92
12336,7097,143,1,50.23,50.23
12337,7097,64,1,63.14,63.14
12338,7098,85,1,94.04,94.04
12339,7098,78,1,101.79,101.79
12340,7098,24,1,30.79,30.79
12341,7099,75,1,52.19,52.19
12342,7100,120,1,108.5,108.5
12343,7101,74,1,109.3,109.3
12344,7101,5,1,49.7,49.7
12345,7102,136,3,70.88,212.64
12346,7102,95,1,68.19,68.19
12347,7102,129,1,82.98,82.98
12348,7102,98,1,98.76,98.76
12349,7103,85,1,94.04,94.04
12350,7104,49,1,61.05,61.05
12351,7105,68,1,25.01,25.01
12352,7105,17,2,122.66,245.32
12353,7105,10,1,115.41,115.41
12354,7106,11,3,113.47,340.41
12355,7106,89,1,23.55,23.55
12356,7106,71,1,21.91,21.91
12357,7107,36,3,79.89,239.67
12358,7107,55,1,136.68,136.68
12359,7108,18,2,104.51,209.02
12360,7108,73,1,70.7,70.7
12361,7108,145,1,101.8,101.8
12362,7108,51,2,38.0,76.0
12363,7109,128,1,102.12,102.12
12364,7109,122,1,74.91,74.91
12365,7109,109,1,97.53,97.53
12366,7109,106,2,111.49,222.98
12367,7110,147,2,77.95,155.9
12368,7110,121,1,92.86,92.86
12369,7111,5,1,49.7,49.7
12370,7112,139,1,56.23,56.23
12371,7112,7,1,96.04,96.04
12372,7113,42,2,94.67,189.34
12373,7113,140,2,66.92,133.84
12374,7114,24,2,30.79,61.58
12375,7114,3,1,29.93,29.93
12376,7114,142,1,104.52,104.52
12377,7115,130,1,92.74,92.74
12378,7115,56,1,65.84,65.84
12379,7116,126,3,50.25,150.75
12380,7117,65,1,94.21,94.21
12381,7117,133,1,131.41,131.41
12382,7117,63,1,111.53,111.53
12383,7118,89,2,23.55,47.1
12384,7119,143,2,50.23,100.46
12385,7120,6,1,51.08,51.08
12386,7120,29,2,91.23,182.46
12387,7120,21,1,36.73,36.73
12388,7120,16,3,37.81,113.43
12389,7121,107,1,121.33,121.33
12390,7121,41,1,135.53,135.53
12391,7121,77,1,69.72,69.72
12392,7122,100,1,63.47,63.47
12393,7123,148,1,135.92,135.92
12394,7124,13,2,105.94,211.88
12395,7124,127,1,56.25,56.25
12396,7125,135,1,113.07,113.07
12397,7126,112,1,51.13,51.13
12398,7127,99,1,115.68,115.68
12399,7127,54,2,73.69,147.38
12400,7128,27,3,96.2,288.6
12401,7129,136,2,70.88,141.76
12402,7130,70,2,27.52,55.04
12403,7130,134,2,115.02,230.04
12404,7130,37,2,104.19,208.38
12405,7131,16,1,37.81,37.81
12406,7132,4,1,48.57,48.57
12407,7133,139,1,56.23,56.23
12408,7134,42,1,94.67,94.67
12409,7135,26,2,60.62,121.24
12410,7135,90,1,39.66,39.66
12411,7136,67,2,36.36,72.72
12412,7137,117,1,88.88,88.88
12413,7137,141,1,33.34,33.34
12414,7138,111,1,25.05,25.05
12415,7138,12,1,108.7,108.7
12416,7139,84,1,112.96,112.96
12417,7140,62,1,41.29,41.29
12418,7140,39,2,159.15,318.3
12419,7140,77,3,69.72,209.16
12420,7141,136,2,70.88,141.76
12421,7142,112,2,51.13,102.26
12422,7143,142,1,104.52,104.52
12423,7143,22,1,45.93,45.93
12424,7143,147,1,77.95,77.95
12425,7144,68,1,25.01,25.01
12426,7144,100,2,63.47,126.94
12427,7144,5,1,49.7,49.7
12428,7145,79,2,90.2,180.4
12429,7146,20,2,43.77,87.54
12430,7147,134,1,115.02,115.02
12431,7147,70,1,27.52,27.52
12432,7148,82,1,126.68,126.68
12433,7149,106,2,111.49,222.98
12434,7149,57,1,43.25,43.25
12435,7150,136,1,70.88,70.88
12436,7151,9,2,31.04,62.08
12437,7151,44,3,180.29,540.87
12438,7151,5,2,49.7,99.4
12439,7152,77,2,69.72,139.44
12440,7152,141,2,33.34,66.68
12441,7152,109,1,97.53,97.53
12442,7153,4,1,48.57,48.57
12443,7154,109,1,97.53,97.53
12444,7155,50,1,24.92,24.92
12445,7155,120,1,108.5,108.5
12446,7156,95,3,68.19,204.57
12447,7156,87,1,73.76,73.76
12448,7156,129,1,82.98,82.98
12449,7157,92,1,107.96,107.96
12450,7157,28,1,32.28,32.28
12451,7158,99,1,115.68,115.68
12452,7158,53,3,34.65,103.95
12453,7159,71,2,21.91,43.82
12454,7160,9,1,31.04,31.04
12455,7161,78,1,101.79,101.79
12456,7161,26,1,60.62,60.62
12457,7162,101,1,160.16,160.16
12458,7163,110,2,113.16,226.32
12459,7163,53,1,34.65,34.65
12460,7164,95,1,68.19,68.19
12461,7165,92,3,107.96,323.88
12462,7166,129,1,82.98,82.98
12463,7166,59,2,93.3,186.6
12464,7167,56,1,65.84,65.84
12465,7168,59,1,93.3,93.3
12466,7168,111,1,25.05,25.05
12467,7169,40,1,33.35,33.35
12468,7170,82,1,126.68,126.68
12469,7171,24,1,30.79,30.79
12470,7172,140,1,66.92,66.92
12471,7173,75,1,52.19,52.19
12472,7173,54,1,73.69,73.69
12473,7174,146,1,135.82,135.82
12474,7175,109,1,97.53,97.53
12475,7176,124,3,19.86,59.58
12476,7176,58,1,65.57,65.57
12477,7177,116,1,99.25,99.25
12478,7177,53,1,34.65,34.65
12479,7177,104,1,42.67,42.67
12480,7177,120,1,108.5,108.5
12481,7178,38,1,97.25,97.25
12482,7179,136,1,70.88,70.88
12483,7179,146,1,135.82,135.82
12484,7179,132,3,111.89,335.67
12485,7180,133,1,131.41,131.41
12486,7180,65,2,94.21,188.42
12487,7180,25,1,102.53,102.53
12488,7181,91,1,72.73,72.73
12489,7181,57,2,43.25,86.5
12490,7181,147,1,77.95,77.95
12491,7182,65,1,94.21,94.21
12492,7183,126,3,50.25,150.75
12493,7183,6,1,51.08,51.08
12494,7184,9,1,31.04,31.04
12495,7184,35,2,118.14,236.28
12496,7185,110,3,113.16,339.48
12497,7185,97,1,167.71,167.71
12498,7186,118,3,49.84,149.52
12499,7186,82,1,126.68,126.68
12500,7186,75,1,52.19,52.19
12501,7187,107,1,121.33,121.33
12502,7187,91,1,72.73,72.73
12503,7187,83,2,110.09,220.18
12504,7188,43,1,42.12,42.12
12505,7189,147,1,77.95,77.95
12506,7189,29,1,91.23,91.23
12507,7189,70,1,27.52,27.52
12508,7190,44,2,180.29,360.58
12509,7190,129,2,82.98,165.96
12510,7191,47,2,44.74,89.48
12511,7192,4,3,48.57,145.71
12512,7192,120,2,108.5,217.0
12513,7193,71,1,21.91,21.91
12514,7193,44,2,180.29,360.58
12515,7194,136,2,70.88,141.76
12516,7195,102,2,123.35,246.7
12517,7195,105,1,66.0,66.0
12518,7195,133,3,131.41,394.23
12519,7196,13,3,105.94,317.82
12520,7197,34,2,167.82,335.64
12521,7197,15,1,123.75,123.75
12522,7198,30,1,112.19,112.19
12523,7199,41,1,135.53,135.53
12524,7199,25,2,102.53,205.06
12525,7200,106,1,111.49,111.49
12526,7201,128,1,102.12,102.12
12527,7202,87,2,73.76,147.52
12528,7203,44,1,180.29,180.29
12529,7204,135,1,113.07,113.07
12530,7204,143,2,50.23,100.46
12531,7205,35,1,118.14,118.14
12532,7206,91,1,72.73,72.73
12533,7207,97,1,167.71,167.71
12534,7208,143,1,50.23,50.23
12535,7208,28,1,32.28,32.28
12536,7208,147,1,77.95,77.95
12537,7209,33,1,47.02,47.02
12538,7210,77,1,69.72,69.72
12539,7210,45,1,106.3,106.3
12540,7210,40,3,33.35,100.05
12541,7211,41,1,135.53,135.53
12542,7212,23,2,47.63,95.26
12543,7213,31,2,85.02,170.04
12544,7213,78,1,101.79,101.79
12545,7214,2,1,127.2,127.2
12546,7214,48,1,42.1,42.1
12547,7215,63,3,111.53,334.59
12548,7216,121,3,92.86,278.58
12549,7217,55,1,136.68,136.68
12550,7218,22,1,45.93,45.93
12551,7219,133,3,131.41,394.23
12552,7219,102,1,123.35,123.35
12553,7220,87,1,73.76,73.76
12554,7221,16,1,37.81,37.81
12555,7222,40,1,33.35,33.35
12556,7223,5,3,49.7,149.1
12557,7224,59,1,93.3,93.3
12558,7225,5,3,49.7,149.1
12559,7226,134,1,115.02,115.02
12560,7226,121,1,92.86,92.86
12561,7226,17,2,122.66,245.32
12562,7227,15,2,123.75,247.5
12563,7227,125,1,99.26,99.26
12564,7228,54,1,73.69,73.69
12565,7228,80,2,163.07,326.14
12566,7229,13,1,105.94,105.94
12567,7229,9,3,31.04,93.12
12568,7229,52,1,81.24,81.24
12569,7229,59,2,93.3,186.6
12570,7230,46,1,77.71,77.71
12571,7230,36,1,79.89,79.89
12572,7231,103,2,53.36,106.72
12573,7231,76,3,78.32,234.96
12574,7232,92,1,107.96,107.96
12575,7232,16,2,37.81,75.62
12576,7232,123,2,90.9,181.8
12577,7233,27,2,96.2,192.4
12578,7234,81,1,48.07,48.07
12579,7235,130,1,92.74,92.74
12580,7235,14,3,153.24,459.72
12581,7235,127,1,56.25,56.25
12582,7236,91,1,72.73,72.73
12583,7237,58,1,65.57,65.57
12584,7237,77,1,69.72,69.72
12585,7238,128,2,102.12,204.24
12586,7238,15,1,123.75,123.75
12587,7238,73,2,70.7,141.4
12588,7239,36,1,79.89,79.89
12589,7239,43,1,42.12,42.12
12590,7239,15,2,123.75,247.5
12591,7240,102,1,123.35,123.35
12592,7241,118,1,49.84,49.84
12593,7242,62,2,41.29,82.58
12594,7242,140,1,66.92,66.92
12595,7243,22,1,45.93,45.93
12596,7243,106,1,111.49,111.49
12597,7243,72,1,90.43,90.43
12598,7244,31,1,85.02,85.02
12599,7244,63,2,111.53,223.06
12600,7245,142,1,104.52,104.52
12601,7246,25,3,102.53,307.59
12602,7246,14,1,153.24,153.24
12603,7247,145,1,101.8,101.8
12604,7248,99,1,115.68,115.68
12605,7249,75,1,52.19,52.19
12606,7250,58,1,65.57,65.57
12607,7250,95,1,68.19,68.19
12608,7250,5,1,49.7,49.7
12609,7251,66,3,105.26,315.78
12610,7252,25,1,102.53,102.53
12611,7252,148,1,135.92,135.92
12612,7253,5,2,49.7,99.4
12613,7253,137,1,95.99,95.99
12614,7254,41,1,135.53,135.53
12615,7254,5,1,49.7,49.7
12616,7255,137,1,95.99,95.99
12617,7255,39,1,159.15,159.15
12618,7256,40,1,33.35,33.35
12619,7257,45,1,106.3,106.3
12620,7258,113,1,110.24,110.24
12621,7258,104,1,42.67,42.67
12622,7259,61,1,180.83,180.83
12623,7259,19,2,69.78,139.56
12624,7260,13,2,105.94,211.88
12625,7261,103,2,53.36,106.72
12626,7262,76,2,78.32,156.64
12627,7263,13,1,105.94,105.94
12628,7264,126,3,50.25,150.75
12629,7265,128,1,102.12,102.12
12630,7265,13,1,105.94,105.94
12631,7265,123,2,90.9,181.8
12632,7266,14,1,153.24,153.24
12633,7267,95,1,68.19,68.19
12634,7267,73,3,70.7,212.1
12635,7268,88,1,30.63,30.63
12636,7269,25,1,102.53,102.53
12637,7269,126,2,50.25,100.5
12638,7270,9,1,31.04,31.04
12639,7270,45,1,106.3,106.3
12640,7271,143,1,50.23,50.23
12641,7271,51,1,38.0,38.0
12642,7272,37,1,104.19,104.19
12643,7272,97,1,167.71,167.71
12644,7273,34,1,167.82,167.82
12645,7273,146,1,135.82,135.82
12646,7273,37,1,104.19,104.19
12647,7273,115,1,114.0,114.0
12648,7274,96,2,167.08,334.16
12649,7274,11,1,113.47,113.47
12650,7275,2,1,127.2,127.2
12651,7276,14,1,153.24,153.24
12652,7277,99,1,115.68,115.68
12653,7277,45,1,106.3,106.3
12654,7277,111,1,25.05,25.05
12655,7278,82,1,126.68,126.68
12656,7279,113,1,110.24,110.24
12657,7280,46,1,77.71,77.71
12658,7281,102,2,123.35,246.7
12659,7282,57,1,43.25,43.25
12660,7282,15,1,123.75,123.75
12661,7282,69,1,101.23,101.23
12662,7283,83,1,110.09,110.09
12663,7284,83,3,110.09,330.27
12664,7284,94,1,114.63,114.63
12665,7285,91,1,72.73,72.73
12666,7285,26,2,60.62,121.24
12667,7286,134,1,115.02,115.02
12668,7286,55,1,136.68,136.68
12669,7287,106,1,111.49,111.49
12670,7288,108,1,89.12,89.12
12671,7288,74,2,109.3,218.6
12672,7289,123,1,90.9,90.9
12673,7290,39,1,159.15,159.15
12674,7290,4,1,48.57,48.57
12675,7290,1,1,20.32,20.32
12676,7290,11,1,113.47,113.47
12677,7291,143,1,50.23,50.23
12678,7292,128,3,102.12,306.36
12679,7293,116,1,99.25,99.25
12680,7293,79,1,90.2,90.2
12681,7294,10,1,115.41,115.41
12682,7295,75,3,52.19,156.57
12683,7295,127,1,56.25,56.25
12684,7296,18,1,104.51,104.51
12685,7297,53,1,34.65,34.65
12686,7298,98,1,98.76,98.76
12687,7299,47,3,44.74,134.22
12688,7300,25,2,102.53,205.06
12689,7301,27,1,96.2,96.2
12690,7302,29,2,91.23,182.46
12691,7302,137,3,95.99,287.97
12692,7303,81,1,48.07,48.07
12693,7303,83,1,110.09,110.09
12694,7304,32,1,135.32,135.32
12695,7305,1,1,20.32,20.32
12696,7305,130,1,92.74,92.74
12697,7306,73,1,70.7,70.7
12698,7307,10,3,115.41,346.23
12699,7308,24,1,30.79,30.79
12700,7308,105,1,66.0,66.0
12701,7309,15,1,123.75,123.75
12702,7309,51,1,38.0,38.0
12703,7309,33,1,47.02,47.02
12704,7310,135,3,113.07,339.21
12705,7310,39,3,159.15,477.45
12706,7311,85,1,94.04,94.04
12707,7311,94,1,114.63,114.63
12708,7311,14,2,153.24,306.48
12709,7311,7,1,96.04,96.04
12710,7312,136,1,70.88,70.88
12711,7312,31,2,85.02,170.04
12712,7313,106,1,111.49,111.49
12713,7313,94,1,114.63,114.63
12714,7314,4,1,48.57,48.57
12715,7314,20,2,43.77,87.54
12716,7315,51,1,38.0,38.0
12717,7315,119,2,89.03,178.06
12718,7316,145,1,101.8,101.8
12719,7317,31,1,85.02,85.02
12720,7317,10,1,115.41,115.41
12721,7318,102,1,123.35,123.35
12722,7318,146,1,135.82,135.82
12723,7319,127,1,56.25,56.25
12724,7319,65,2,94.21,188.42
12725,7319,7,1,96.04,96.04
12726,7320,119,2,89.03,178.06
12727,7320,38,1,97.25,97.25
12728,7321,32,1,135.32,135.32
12729,7321,51,2,38.0,76.0
12730,7322,36,2,79.89,159.78
12731,7323,5,1,49.7,49.7
12732,7324,133,1,131.41,131.41
12733,7325,96,1,167.08,167.08
12734,7326,1,3,20.32,60.96
12735,7327,77,1,69.72,69.72
12736,7327,80,2,163.07,326.14
12737,7327,140,1,66.92,66.92
12738,7328,60,1,34.01,34.01
12739,7329,45,1,106.3,106.3
12740,7330,65,1,94.21,94.21
12741,7331,5,1,49.7,49.7
12742,7331,140,1,66.92,66.92
12743,7331,112,1,51.13,51.13
12744,7332,124,1,19.86,19.86
12745,7333,74,2,109.3,218.6
12746,7334,146,1,135.82,135.82
12747,7334,3,1,29.93,29.93
12748,7335,16,1,37.81,37.81
12749,7336,129,2,82.98,165.96
12750,7336,40,1,33.35,33.35
12751,7337,97,1,167.71,167.71
12752,7338,140,1,66.92,66.92
12753,7338,80,1,163.07,163.07
12754,7338,106,1,111.49,111.49
12755,7339,22,1,45.93,45.93
12756,7340,1,1,20.32,20.32
12757,7340,100,1,63.47,63.47
12758,7340,24,1,30.79,30.79
12759,7341,6,1,51.08,51.08
12760,7341,64,1,63.14,63.14
12761,7342,103,1,53.36,53.36
12762,7343,38,1,97.25,97.25
12763,7343,59,1,93.3,93.3
12764,7344,23,3,47.63,142.89
12765,7344,143,2,50.23,100.46
12766,7344,38,1,97.25,97.25
12767,7344,96,1,167.08,167.08
12768,7345,101,2,160.16,320.32
12769,7345,48,1,42.1,42.1
12770,7345,85,2,94.04,188.08
12771,7345,137,3,95.99,287.97
12772,7346,65,2,94.21,188.42
12773,7347,24,2,30.79,61.58
12774,7348,34,1,167.82,167.82
12775,7349,63,2,111.53,223.06
12776,7350,89,1,23.55,23.55
12777,7351,26,1,60.62,60.62
12778,7351,93,2,56.41,112.82
12779,7352,127,1,56.25,56.25
12780,7353,144,1,141.3,141.3
12781,7354,18,1,104.51,104.51
12782,7354,63,1,111.53,111.53
12783,7354,49,1,61.05,61.05
12784,7355,43,1,42.12,42.12
12785,7356,18,2,104.51,209.02
12786,7356,71,1,21.91,21.91
12787,7356,87,1,73.76,73.76
12788,7356,140,1,66.92,66.92
12789,7357,41,1,135.53,135.53
12790,7357,33,1,47.02,47.02
12791,7358,78,1,101.79,101.79
12792,7359,46,2,77.71,155.42
12793,7359,101,1,160.16,160.16
12794,7360,67,1,36.36,36.36
12795,7360,96,1,167.08,167.08
12796,7360,32,1,135.32,135.32
12797,7360,46,1,77.71,77.71
12798,7361,87,1,73.76,73.76
12799,7361,27,1,96.2,96.2
12800,7362,49,1,61.05,61.05
12801,7363,112,1,51.13,51.13
12802,7364,114,2,93.96,187.92
12803,7365,38,1,97.25,97.25
12804,7365,2,2,127.2,254.4
12805,7365,33,1,47.02,47.02
12806,7366,108,1,89.12,89.12
12807,7367,95,1,68.19,68.19
12808,7368,106,1,111.49,111.49
12809,7369,49,1,61.05,61.05
12810,7370,86,1,94.49,94.49
12811,7371,2,1,127.2,127.2
12812,7371,14,1,153.24,153.24
12813,7372,90,1,39.66,39.66
12814,7372,56,2,65.84,131.68
12815,7373,106,1,111.49,111.49
12816,7373,115,1,114.0,114.0
12817,7374,39,1,159.15,159.15
12818,7375,50,2,24.92,49.84
12819,7376,96,1,167.08,167.08
12820,7377,116,1,99.25,99.25
12821,7378,147,2,77.95,155.9
12822,7379,131,1,156.36,156.36
12823,7380,66,1,105.26,105.26
12824,7380,7,1,96.04,96.04
12825,7381,82,1,126.68,126.68
12826,7382,68,1,25.01,25.01
12827,7383,76,1,78.32,78.32
12828,7383,91,1,72.73,72.73
12829,7383,129,1,82.98,82.98
12830,7384,56,1,65.84,65.84
12831,7385,29,1,91.23,91.23
12832,7386,45,2,106.3,212.6
12833,7387,11,1,113.47,113.47
12834,7387,9,1,31.04,31.04
12835,7387,146,1,135.82,135.82
12836,7388,131,1,156.36,156.36
12837,7388,100,1,63.47,63.47
12838,7389,7,3,96.04,288.12
12839,7389,139,1,56.23,56.23
12840,7390,35,1,118.14,118.14
12841,7390,124,2,19.86,39.72
12842,7391,104,1,42.67,42.67
12843,7391,117,1,88.88,88.88
12844,7391,12,1,108.7,108.7
12845,7392,30,1,112.19,112.19
12846,7393,52,1,81.24,81.24
12847,7393,44,1,180.29,180.29
12848,7394,131,1,156.36,156.36
12849,7394,75,2,52.19,104.38
12850,7394,59,2,93.3,186.6
12851,7395,108,1,89.12,89.12
12852,7395,9,1,31.04,31.04
12853,7396,128,3,102.12,306.36
12854,7397,148,1,135.92,135.92
12855,7397,75,1,52.19,52.19
12856,7397,140,2,66.92,133.84
12857,7398,120,1,108.5,108.5
12858,7399,77,1,69.72,69.72
12859,7400,35,1,118.14,118.14
12860,7400,124,3,19.86,59.58
12861,7400,126,2,50.25,100.5
12862,7401,109,1,97.53,97.53
12863,7402,43,1,42.12,42.12
12864,7402,11,3,113.47,340.41
12865,7403,96,1,167.08,167.08
12866,7404,15,1,123.75,123.75
12867,7405,76,2,78.32,156.64
12868,7405,37,1,104.19,104.19
12869,7405,2,3,127.2,381.6
12870,7406,105,1,66.0,66.0
12871,7406,4,1,48.57,48.57
12872,7407,60,1,34.01,34.01
12873,7407,91,1,72.73,72.73
12874,7408,132,1,111.89,111.89
12875,7408,91,1,72.73,72.73
12876,7409,16,2,37.81,75.62
12877,7409,62,1,41.29,41.29
12878,7410,142,2,104.52,209.04
12879,7410,107,2,121.33,242.66
12880,7411,44,2,180.29,360.58
12881,7412,58,2,65.57,131.14
12882,7413,116,1,99.25,99.25
12883,7413,5,1,49.7,49.7
12884,7414,97,1,167.71,167.71
12885,7414,22,1,45.93,45.93
12886,7415,37,1,104.19,104.19
12887,7416,33,1,47.02,47.02
12888,7417,23,1,47.63,47.63
12889,7417,8,1,47.18,47.18
12890,7418,16,1,37.81,37.81
12891,7418,134,1,115.02,115.02
12892,7419,2,1,127.2,127.2
12893,7420,76,1,78.32,78.32
12894,7420,41,1,135.53,135.53
12895,7421,1,2,20.32,40.64
12896,7421,128,2,102.12,204.24
12897,7421,127,3,56.25,168.75
12898,7422,12,2,108.7,217.4
12899,7423,52,1,81.24,81.24
12900,7424,133,1,131.41,131.41
12901,7425,50,1,24.92,24.92
12902,7426,40,1,33.35,33.35
12903,7427,144,2,141.3,282.6
12904,7428,31,2,85.02,170.04
12905,7429,132,1,111.89,111.89
12906,7429,104,1,42.67,42.67
12907,7430,64,1,63.14,63.14
12908,7431,107,2,121.33,242.66
12909,7432,87,2,73.76,147.52
12910,7432,86,3,94.49,283.47
12911,7433,17,1,122.66,122.66
12912,7434,25,1,102.53,102.53
12913,7435,48,1,42.1,42.1
12914,7436,34,1,167.82,167.82
12915,7436,85,1,94.04,94.04
12916,7436,98,1,98.76,98.76
12917,7436,4,2,48.57,97.14
12918,7437,25,2,102.53,205.06
12919,7437,29,1,91.23,91.23
12920,7438,67,1,36.36,36.36
12921,7438,9,1,31.04,31.04
12922,7439,71,1,21.91,21.91
12923,7440,34,1,167.82,167.82
12924,7440,13,2,105.94,211.88
12925,7440,125,1,99.26,99.26
12926,7440,71,1,21.91,21.91
12927,7441,23,1,47.63,47.63
12928,7441,141,1,33.34,33.34
12929,7442,133,1,131.41,131.41
12930,7442,11,1,113.47,113.47
12931,7442,95,1,68.19,68.19
12932,7442,77,1,69.72,69.72
12933,7443,135,2,113.07,226.14
12934,7443,137,1,95.99,95.99
12935,7444,3,1,29.93,29.93
12936,7444,52,1,81.24,81.24
12937,7445,143,1,50.23,50.23
12938,7446,92,3,107.96,323.88
12939,7447,59,1,93.3,93.3
12940,7448,92,1,107.96,107.96
12941,7449,58,1,65.57,65.57
12942,7449,32,3,135.32,405.96
12943,7449,35,2,118.14,236.28
12944,7450,19,1,69.78,69.78
12945,7451,55,1,136.68,136.68
12946,7451,120,1,108.5,108.5
12947,7451,83,1,110.09,110.09
12948,7451,14,1,153.24,153.24
12949,7452,30,1,112.19,112.19
12950,7452,39,1,159.15,159.15
12951,7452,63,1,111.53,111.53
12952,7453,132,1,111.89,111.89
12953,7453,19,2,69.78,139.56
12954,7453,88,3,30.63,91.89
12955,7454,99,1,115.68,115.68
12956,7455,27,1,96.2,96.2
12957,7456,14,2,153.24,306.48
12958,7457,19,1,69.78,69.78
12959,7457,101,1,160.16,160.16
12960,7457,143,2,50.23,100.46
12961,7458,10,2,115.41,230.82
12962,7458,93,1,56.41,56.41
12963,7459,51,1,38.0,38.0
12964,7459,43,3,42.12,126.36
12965,7460,15,1,123.75,123.75
12966,7461,82,1,126.68,126.68
12967,7462,91,3,72.73,218.19
12968,7463,113,2,110.24,220.48
12969,7464,122,1,74.91,74.91
12970,7465,33,1,47.02,47.02
12971,7465,36,3,79.89,239.67
12972,7466,9,2,31.04,62.08
12973,7466,27,1,96.2,96.2
12974,7467,41,1,135.53,135.53
12975,7467,127,1,56.25,56.25
12976,7467,83,1,110.09,110.09
12977,7467,44,1,180.29,180.29
12978,7468,106,2,111.49,222.98
12979,7469,9,1,31.04,31.04
12980,7470,100,2,63.47,126.94
12981,7470,98,1,98.76,98.76
12982,7471,100,1,63.47,63.47
12983,7471,102,2,123.35,246.7
12984,7472,2,1,127.2,127.2
12985,7473,13,1,105.94,105.94
12986,7474,44,1,180.29,180.29
12987,7475,37,2,104.19,208.38
12988,7476,21,2,36.73,73.46
12989,7477,22,3,45.93,137.79
12990,7478,87,1,73.76,73.76
12991,7479,24,2,30.79,61.58
12992,7479,63,1,111.53,111.53
12993,7480,93,1,56.41,56.41
12994,7480,137,1,95.99,95.99
12995,7480,95,1,68.19,68.19
12996,7480,58,2,65.57,131.14
12997,7481,69,1,101.23,101.23
12998,7481,9,1,31.04,31.04
12999,7482,145,1,101.8,101.8
13000,7483,94,1,114.63,114.63
13001,7483,57,1,43.25,43.25
13002,7484,32,1,135.32,135.32
13003,7484,76,1,78.32,78.32
13004,7484,126,1,50.25,50.25
13005,7485,123,1,90.9,90.9
13006,7485,46,1,77.71,77.71
13007,7486,127,2,56.25,112.5
13008,7486,120,1,108.5,108.5
13009,7487,128,1,102.12,102.12
13010,7488,113,3,110.24,330.72
13011,7488,148,1,135.92,135.92
13012,7489,62,2,41.29,82.58
13013,7489,49,1,61.05,61.05
13014,7490,32,1,135.32,135.32
13015,7490,77,3,69.72,209.16
13016,7491,83,2,110.09,220.18
13017,7491,89,1,23.55,23.55
13018,7492,55,1,136.68,136.68
13019,7493,127,1,56.25,56.25
13020,7494,139,1,56.23,56.23
13021,7494,13,1,105.94,105.94
13022,7495,29,1,91.23,91.23
13023,7496,1,2,20.32,40.64
13024,7497,145,1,101.8,101.8
13025,7497,119,2,89.03,178.06
13026,7497,63,1,111.53,111.53
13027,7498,146,1,135.82,135.82
13028,7499,108,2,89.12,178.24
13029,7500,77,1,69.72,69.72
13030,7501,143,2,50.23,100.46
13031,7502,73,3,70.7,212.1
13032,7502,41,1,135.53,135.53
13033,7503,145,1,101.8,101.8
13034,7503,51,1,38.0,38.0
13035,7504,2,1,127.2,127.2
13036,7504,148,2,135.92,271.84
13037,7505,85,1,94.04,94.04
13038,7505,133,2,131.41,262.82
13039,7505,142,2,104.52,209.04
13040,7506,96,2,167.08,334.16
13041,7506,147,1,77.95,77.95
13042,7507,21,1,36.73,36.73
13043,7508,72,1,90.43,90.43
13044,7508,42,2,94.67,189.34
13045,7508,65,2,94.21,188.42
13046,7509,30,1,112.19,112.19
13047,7510,31,2,85.02,170.04
13048,7510,122,2,74.91,149.82
13049,7511,29,3,91.23,273.69
13050,7511,109,1,97.53,97.53
13051,7512,131,2,156.36,312.72
13052,7512,127,1,56.25,56.25
13053,7513,109,1,97.53,97.53
13054,7514,81,2,48.07,96.14
13055,7515,1,1,20.32,20.32
13056,7515,104,2,42.67,85.34
13057,7516,120,1,108.5,108.5
13058,7516,46,1,77.71,77.71
13059,7517,40,2,33.35,66.7
13060,7517,125,1,99.26,99.26
13061,7518,115,1,114.0,114.0
13062,7518,145,1,101.8,101.8
13063,7518,65,2,94.21,188.42
13064,7519,82,1,126.68,126.68
13065,7519,99,1,115.68,115.68
13066,7519,138,1,104.13,104.13
13067,7520,26,1,60.62,60.62
13068,7520,133,1,131.41,131.41
13069,7520,6,1,51.08,51.08
13070,7520,97,2,167.71,335.42
13071,7521,35,1,118.14,118.14
13072,7522,18,2,104.51,209.02
13073,7523,101,1,160.16,160.16
13074,7524,80,1,163.07,163.07
13075,7525,137,2,95.99,191.98
13076,7526,6,1,51.08,51.08
13077,7527,94,1,114.63,114.63
13078,7528,139,1,56.23,56.23
13079,7529,30,2,112.19,224.38
13080,7529,59,1,93.3,93.3
13081,7529,148,1,135.92,135.92
13082,7529,100,1,63.47,63.47
13083,7530,74,3,109.3,327.9
13084,7531,25,2,102.53,205.06
13085,7532,43,1,42.12,42.12
13086,7533,134,1,115.02,115.02
13087,7533,24,1,30.79,30.79
13088,7533,23,1,47.63,47.63
13089,7534,63,2,111.53,223.06
13090,7535,100,1,63.47,63.47
13091,7536,139,3,56.23,168.69
13092,7536,50,1,24.92,24.92
13093,7537,71,1,21.91,21.91
13094,7537,42,2,94.67,189.34
13095,7537,14,1,153.24,153.24
13096,7538,75,1,52.19,52.19
13097,7539,72,3,90.43,271.29
13098,7540,141,1,33.34,33.34
13099,7541,127,2,56.25,112.5
13100,7542,116,1,99.25,99.25
13101,7542,102,1,123.35,123.35
13102,7543,9,1,31.04,31.04
13103,7544,103,2,53.36,106.72
13104,7545,122,1,74.91,74.91
13105,7546,93,1,56.41,56.41
13106,7547,79,1,90.2,90.2
13107,7548,3,1,29.93,29.93
13108,7548,44,1,180.29,180.29
13109,7549,146,1,135.82,135.82
13110,7549,25,2,102.53,205.06
13111,7549,103,1,53.36,53.36
13112,7550,83,1,110.09,110.09
13113,7551,1,1,20.32,20.32
13114,7552,43,1,42.12,42.12
13115,7553,135,2,113.07,226.14
13116,7554,126,1,50.25,50.25
13117,7555,74,2,109.3,218.6
13118,7556,34,1,167.82,167.82
13119,7557,96,3,167.08,501.24
13120,7558,129,1,82.98,82.98
13121,7559,36,3,79.89,239.67
13122,7560,39,1,159.15,159.15
13123,7560,58,1,65.57,65.57
13124,7560,41,3,135.53,406.59
13125,7560,99,1,115.68,115.68
13126,7561,18,2,104.51,209.02
13127,7561,122,1,74.91,74.91
13128,7562,141,1,33.34,33.34
13129,7563,7,1,96.04,96.04
13130,7564,102,1,123.35,123.35
13131,7564,57,1,43.25,43.25
13132,7564,141,1,33.34,33.34
13133,7565,123,1,90.9,90.9
13134,7565,29,1,91.23,91.23
13135,7566,96,1,167.08,167.08
13136,7567,129,3,82.98,248.94
13137,7568,82,1,126.68,126.68
13138,7568,140,1,66.92,66.92
13139,7569,91,1,72.73,72.73
13140,7569,56,1,65.84,65.84
13141,7569,18,3,104.51,313.53
13142,7569,52,1,81.24,81.24
13143,7570,23,1,47.63,47.63
13144,7570,112,2,51.13,102.26
13145,7571,31,1,85.02,85.02
13146,7571,62,1,41.29,41.29
13147,7572,25,1,102.53,102.53
13148,7572,145,2,101.8,203.6
13149,7573,143,1,50.23,50.23
13150,7574,12,2,108.7,217.4
13151,7575,23,1,47.63,47.63
13152,7576,54,2,73.69,147.38
13153,7577,139,1,56.23,56.23
13154,7577,80,1,163.07,163.07
13155,7578,82,1,126.68,126.68
13156,7579,1,1,20.32,20.32
13157,7580,9,1,31.04,31.04
13158,7580,58,1,65.57,65.57
13159,7581,21,3,36.73,110.19
13160,7581,140,2,66.92,133.84
13161,7581,86,3,94.49,283.47
13162,7581,1,1,20.32,20.32
13163,7582,117,1,88.88,88.88
13164,7582,10,1,115.41,115.41
13165,7583,25,1,102.53,102.53
13166,7583,122,1,74.91,74.91
13167,7583,112,1,51.13,51.13
13168,7584,95,1,68.19,68.19
13169,7585,91,1,72.73,72.73
13170,7586,93,1,56.41,56.41
13171,7586,109,1,97.53,97.53
13172,7587,102,1,123.35,123.35
13173,7587,58,1,65.57,65.57
13174,7588,140,1,66.92,66.92
13175,7589,104,1,42.67,42.67
13176,7590,54,1,73.69,73.69
13177,7590,127,1,56.25,56.25
13178,7591,59,2,93.3,186.6
13179,7591,147,1,77.95,77.95
13180,7592,118,1,49.84,49.84
13181,7593,24,1,30.79,30.79
13182,7593,100,2,63.47,126.94
13183,7594,115,1,114.0,114.0
13184,7594,46,1,77.71,77.71
13185,7594,2,1,127.2,127.2
13186,7595,133,2,131.41,262.82
13187,7596,9,2,31.04,62.08
13188,7597,117,1,88.88,88.88
13189,7597,116,1,99.25,99.25
13190,7598,49,1,61.05,61.05
13191,7598,104,2,42.67,85.34
13192,7599,31,1,85.02,85.02
13193,7600,141,1,33.34,33.34
13194,7600,131,1,156.36,156.36
13195,7601,35,3,118.14,354.42
13196,7602,115,1,114.0,114.0
13197,7603,38,1,97.25,97.25
13198,7604,126,1,50.25,50.25
13199,7604,83,1,110.09,110.09
13200,7604,113,1,110.24,110.24
13201,7605,43,1,42.12,42.12
13202,7605,65,1,94.21,94.21
13203,7606,100,1,63.47,63.47
13204,7607,15,2,123.75,247.5
13205,7607,104,2,42.67,85.34
13206,7608,131,1,156.36,156.36
13207,7609,109,2,97.53,195.06
13208,7609,29,1,91.23,91.23
13209,7610,64,1,63.14,63.14
13210,7610,98,1,98.76,98.76
13211,7611,109,1,97.53,97.53
13212,7612,105,2,66.0,132.0
13213,7613,74,2,109.3,218.6
13214,7613,23,1,47.63,47.63
13215,7614,21,2,36.73,73.46
13216,7614,105,1,66.0,66.0
13217,7614,26,1,60.62,60.62
13218,7615,37,1,104.19,104.19
13219,7615,139,1,56.23,56.23
13220,7615,56,1,65.84,65.84
13221,7616,144,1,141.3,141.3
13222,7617,15,1,123.75,123.75
13223,7617,146,2,135.82,271.64
13224,7618,95,3,68.19,204.57
13225,7619,20,1,43.77,43.77
13226,7620,101,2,160.16,320.32
13227,7621,24,1,30.79,30.79
13228,7622,22,1,45.93,45.93
13229,7623,119,1,89.03,89.03
13230,7624,112,1,51.13,51.13
13231,7624,68,1,25.01,25.01
13232,7625,78,1,101.79,101.79
13233,7625,23,1,47.63,47.63
13234,7625,55,1,136.68,136.68
13235,7626,102,2,123.35,246.7
13236,7627,123,1,90.9,90.9
13237,7628,126,1,50.25,50.25
13238,7629,133,2,131.41,262.82
13239,7630,147,1,77.95,77.95
13240,7630,92,1,107.96,107.96
13241,7631,61,1,180.83,180.83
13242,7632,148,1,135.92,135.92
13243,7632,100,1,63.47,63.47
13244,7633,36,2,79.89,159.78
13245,7634,121,1,92.86,92.86
13246,7634,148,1,135.92,135.92
13247,7635,144,1,141.3,141.3
13248,7635,66,1,105.26,105.26
13249,7635,95,1,68.19,68.19
13250,7635,45,1,106.3,106.3
13251,7636,52,1,81.24,81.24
13252,7636,31,3,85.02,255.06
13253,7637,106,1,111.49,111.49
13254,7637,122,2,74.91,149.82
13255,7638,52,1,81.24,81.24
13256,7638,93,1,56.41,56.41
13257,7638,88,1,30.63,30.63
13258,7639,100,2,63.47,126.94
13259,7640,17,1,122.66,122.66
13260,7641,27,1,96.2,96.2
13261,7641,66,3,105.26,315.78
13262,7642,91,1,72.73,72.73
13263,7642,116,1,99.25,99.25
13264,7643,27,1,96.2,96.2
13265,7643,120,1,108.5,108.5
13266,7643,119,1,89.03,89.03
13267,7643,63,1,111.53,111.53
13268,7644,58,1,65.57,65.57
13269,7644,141,1,33.34,33.34
13270,7644,60,1,34.01,34.01
13271,7644,83,1,110.09,110.09
13272,7645,72,1,90.43,90.43
13273,7645,98,1,98.76,98.76
13274,7646,82,1,126.68,126.68
13275,7647,103,1,53.36,53.36
13276,7648,43,1,42.12,42.12
13277,7648,119,2,89.03,178.06
13278,7649,56,1,65.84,65.84
13279,7650,31,1,85.02,85.02
13280,7650,71,1,21.91,21.91
13281,7651,62,1,41.29,41.29
13282,7651,29,1,91.23,91.23
13283,7651,60,2,34.01,68.02
13284,7652,117,1,88.88,88.88
13285,7653,136,1,70.88,70.88
13286,7653,90,2,39.66,79.32
13287,7654,45,1,106.3,106.3
13288,7655,68,3,25.01,75.03
13289,7655,20,1,43.77,43.77
13290,7655,87,1,73.76,73.76
13291,7656,61,1,180.83,180.83
13292,7657,140,1,66.92,66.92
13293,7657,113,2,110.24,220.48
13294,7658,30,1,112.19,112.19
13295,7658,21,2,36.73,73.46
13296,7658,59,1,93.3,93.3
13297,7659,5,2,49.7,99.4
13298,7659,52,2,81.24,162.48
13299,7659,53,1,34.65,34.65
13300,7659,73,2,70.7,141.4
13301,7660,18,1,104.51,104.51
13302,7661,50,2,24.92,49.84
13303,7662,4,1,48.57,48.57
13304,7662,19,1,69.78,69.78
13305,7663,14,2,153.24,306.48
13306,7664,144,1,141.3,141.3
13307,7664,143,1,50.23,50.23
13308,7665,16,1,37.81,37.81
13309,7665,125,2,99.26,198.52
13310,7665,70,3,27.52,82.56
13311,7666,18,1,104.51,104.51
13312,7666,134,1,115.02,115.02
13313,7666,97,2,167.71,335.42
13314,7667,118,1,49.84,49.84
13315,7667,78,1,101.79,101.79
13316,7668,124,2,19.86,39.72
13317,7668,57,2,43.25,86.5
13318,7669,148,3,135.92,407.76
13319,7670,138,3,104.13,312.39
13320,7670,63,2,111.53,223.06
13321,7671,28,2,32.28,64.56
13322,7671,73,2,70.7,141.4
13323,7671,103,1,53.36,53.36
13324,7671,65,1,94.21,94.21
13325,7672,78,1,101.79,101.79
13326,7672,110,1,113.16,113.16
13327,7673,122,1,74.91,74.91
13328,7674,54,1,73.69,73.69
13329,7674,77,1,69.72,69.72
13330,7675,133,1,131.41,131.41
13331,7675,82,3,126.68,380.04
13332,7676,78,1,101.79,101.79
13333,7677,68,3,25.01,75.03
13334,7677,80,3,163.07,489.21
13335,7677,104,2,42.67,85.34
13336,7678,147,1,77.95,77.95
13337,7679,37,1,104.19,104.19
13338,7679,43,1,42.12,42.12
13339,7680,25,1,102.53,102.53
13340,7681,39,1,159.15,159.15
13341,7681,14,1,153.24,153.24
13342,7681,101,1,160.16,160.16
13343,7682,32,3,135.32,405.96
13344,7682,87,1,73.76,73.76
13345,7683,38,1,97.25,97.25
13346,7684,99,1,115.68,115.68
13347,7684,34,1,167.82,167.82
13348,7685,67,1,36.36,36.36
13349,7685,59,1,93.3,93.3
13350,7685,69,2,101.23,202.46
13351,7686,9,1,31.04,31.04
13352,7686,119,1,89.03,89.03
13353,7687,22,1,45.93,45.93
13354,7688,72,1,90.43,90.43
13355,7689,136,1,70.88,70.88
13356,7690,117,3,88.88,266.64
13357,7691,89,1,23.55,23.55
13358,7691,7,1,96.04,96.04
13359,7692,123,1,90.9,90.9
13360,7692,112,3,51.13,153.39
13361,7692,19,1,69.78,69.78
13362,7693,116,1,99.25,99.25
13363,7693,18,2,104.51,209.02
13364,7693,131,1,156.36,156.36
13365,7694,89,2,23.55,47.1
13366,7694,47,2,44.74,89.48
13367,7694,88,1,30.63,30.63
13368,7694,60,1,34.01,34.01
13369,7695,96,1,167.08,167.08
13370,7696,105,1,66.0,66.0
13371,7696,9,2,31.04,62.08
13372,7697,42,2,94.67,189.34
13373,7697,18,1,104.51,104.51
13374,7698,54,1,73.69,73.69
13375,7699,136,3,70.88,212.64
13376,7699,8,1,47.18,47.18
13377,7699,60,1,34.01,34.01
13378,7699,20,3,43.77,131.31
13379,7700,36,3,79.89,239.67
13380,7701,100,1,63.47,63.47
13381,7702,62,2,41.29,82.58
13382,7703,41,1,135.53,135.53
13383,7704,37,1,104.19,104.19
13384,7704,88,1,30.63,30.63
13385,7705,115,3,114.0,342.0
13386,7705,23,1,47.63,47.63
13387,7706,31,1,85.02,85.02
13388,7706,63,1,111.53,111.53
13389,7707,124,1,19.86,19.86
13390,7708,13,1,105.94,105.94
13391,7708,76,2,78.32,156.64
13392,7709,28,1,32.28,32.28
13393,7710,110,1,113.16,113.16
13394,7710,142,1,104.52,104.52
13395,7710,52,2,81.24,162.48
13396,7710,73,1,70.7,70.7
13397,7711,102,1,123.35,123.35
13398,7711,119,1,89.03,89.03
13399,7712,58,1,65.57,65.57
13400,7712,18,1,104.51,104.51
13401,7712,37,1,104.19,104.19
13402,7713,78,1,101.79,101.79
13403,7714,122,1,74.91,74.91
13404,7715,8,3,47.18,141.54
13405,7715,18,1,104.51,104.51
13406,7716,35,1,118.14,118.14
13407,7717,76,1,78.32,78.32
13408,7717,53,3,34.65,103.95
13409,7717,117,2,88.88,177.76
13410,7718,102,2,123.35,246.7
13411,7718,31,2,85.02,170.04
13412,7718,48,1,42.1,42.1
13413,7719,45,2,106.3,212.6
13414,7719,5,1,49.7,49.7
13415,7720,15,1,123.75,123.75
13416,7720,143,1,50.23,50.23
13417,7721,116,1,99.25,99.25
13418,7722,131,1,156.36,156.36
13419,7723,98,1,98.76,98.76
13420,7723,123,1,90.9,90.9
13421,7724,29,1,91.23,91.23
13422,7724,107,2,121.33,242.66
13423,7725,113,2,110.24,220.48
13424,7725,105,1,66.0,66.0
13425,7726,123,1,90.9,90.9
13426,7726,83,1,110.09,110.09
13427,7726,78,1,101.79,101.79
13428,7727,101,1,160.16,160.16
13429,7727,39,2,159.15,318.3
13430,7727,37,1,104.19,104.19
13431,7728,85,2,94.04,188.08
13432,7729,69,1,101.23,101.23
13433,7729,126,1,50.25,50.25
13434,7729,142,3,104.52,313.56
13435,7730,7,2,96.04,192.08
13436,7730,12,2,108.7,217.4
13437,7731,32,1,135.32,135.32
13438,7731,12,3,108.7,326.1
13439,7731,25,1,102.53,102.53
13440,7732,107,1,121.33,121.33
13441,7733,114,1,93.96,93.96
13442,7733,87,1,73.76,73.76
13443,7734,109,1,97.53,97.53
13444,7735,128,1,102.12,102.12
13445,7736,57,1,43.25,43.25
13446,7736,47,2,44.74,89.48
13447,7736,122,1,74.91,74.91
13448,7737,133,1,131.41,131.41
13449,7738,53,3,34.65,103.95
13450,7739,74,1,109.3,109.3
13451,7739,5,3,49.7,149.1
13452,7740,63,1,111.53,111.53
13453,7741,77,1,69.72,69.72
13454,7742,26,2,60.62,121.24
13455,7743,57,3,43.25,129.75
13456,7743,25,1,102.53,102.53
13457,7744,75,1,52.19,52.19
13458,7744,121,2,92.86,185.72
13459,7744,21,1,36.73,36.73
13460,7744,103,3,53.36,160.08
13461,7745,5,2,49.7,99.4
13462,7745,15,2,123.75,247.5
13463,7745,40,1,33.35,33.35
13464,7745,129,1,82.98,82.98
13465,7746,30,1,112.19,112.19
13466,7746,132,1,111.89,111.89
13467,7746,141,2,33.34,66.68
13468,7747,124,1,19.86,19.86
13469,7747,57,1,43.25,43.25
13470,7748,53,1,34.65,34.65
13471,7749,53,1,34.65,34.65
13472,7749,84,1,112.96,112.96
13473,7750,42,1,94.67,94.67
13474,7751,71,1,21.91,21.91
13475,7751,132,1,111.89,111.89
13476,7752,88,1,30.63,30.63
13477,7753,122,2,74.91,149.82
13478,7754,48,1,42.1,42.1
13479,7754,5,1,49.7,49.7
13480,7755,146,2,135.82,271.64
13481,7756,83,1,110.09,110.09
13482,7757,110,1,113.16,113.16
13483,7757,55,1,136.68,136.68
13484,7758,37,1,104.19,104.19
13485,7758,137,1,95.99,95.99
13486,7758,128,1,102.12,102.12
13487,7758,15,1,123.75,123.75
13488,7759,17,2,122.66,245.32
13489,7760,93,2,56.41,112.82
13490,7760,50,3,24.92,74.76
13491,7761,46,1,77.71,77.71
13492,7762,56,1,65.84,65.84
13493,7763,70,3,27.52,82.56
13494,7763,144,2,141.3,282.6
13495,7763,27,3,96.2,288.6
13496,7763,106,1,111.49,111.49
13497,7764,87,1,73.76,73.76
13498,7765,75,1,52.19,52.19
13499,7766,19,1,69.78,69.78
13500,7766,140,1,66.92,66.92
13501,7767,94,2,114.63,229.26
13502,7768,137,3,95.99,287.97
13503,7768,24,1,30.79,30.79
13504,7768,3,1,29.93,29.93
13505,7768,83,1,110.09,110.09
13506,7769,79,1,90.2,90.2
13507,7769,116,1,99.25,99.25
13508,7770,87,1,73.76,73.76
13509,7770,95,1,68.19,68.19
13510,7771,76,2,78.32,156.64
13511,7771,102,3,123.35,370.05
13512,7772,116,2,99.25,198.5
13513,7773,5,2,49.7,99.4
13514,7774,144,2,141.3,282.6
13515,7774,24,1,30.79,30.79
13516,7774,80,2,163.07,326.14
13517,7775,39,2,159.15,318.3
13518,7775,100,2,63.47,126.94
13519,7775,139,1,56.23,56.23
13520,7776,33,1,47.02,47.02
13521,7776,93,2,56.41,112.82
13522,7777,78,1,101.79,101.79
13523,7778,60,1,34.01,34.01
13524,7779,99,2,115.68,231.36
13525,7780,141,2,33.34,66.68
13526,7781,131,1,156.36,156.36
13527,7781,117,1,88.88,88.88
13528,7781,85,1,94.04,94.04
13529,7782,40,1,33.35,33.35
13530,7782,65,1,94.21,94.21
13531,7783,64,1,63.14,63.14
13532,7784,101,1,160.16,160.16
13533,7784,25,2,102.53,205.06
13534,7784,19,3,69.78,209.34
13535,7784,30,1,112.19,112.19
13536,7785,98,2,98.76,197.52
13537,7786,126,1,50.25,50.25
13538,7786,23,1,47.63,47.63
13539,7787,3,2,29.93,59.86
13540,7787,73,1,70.7,70.7
13541,7788,48,1,42.1,42.1
13542,7789,114,1,93.96,93.96
13543,7790,135,1,113.07,113.07
13544,7791,32,1,135.32,135.32
13545,7791,69,2,101.23,202.46
13546,7792,57,1,43.25,43.25
13547,7793,46,1,77.71,77.71
13548,7793,124,1,19.86,19.86
13549,7793,28,1,32.28,32.28
13550,7794,3,1,29.93,29.93
13551,7794,75,3,52.19,156.57
13552,7795,103,1,53.36,53.36
13553,7796,80,1,163.07,163.07
13554,7797,82,1,126.68,126.68
13555,7798,24,1,30.79,30.79
13556,7798,47,2,44.74,89.48
13557,7798,107,1,121.33,121.33
13558,7798,98,1,98.76,98.76
13559,7799,84,1,112.96,112.96
13560,7800,119,1,89.03,89.03
13561,7800,93,1,56.41,56.41
13562,7801,55,1,136.68,136.68
13563,7801,40,3,33.35,100.05
13564,7802,26,2,60.62,121.24
13565,7802,28,2,32.28,64.56
13566,7802,76,1,78.32,78.32
13567,7803,116,1,99.25,99.25
13568,7803,52,3,81.24,243.72
13569,7803,108,1,89.12,89.12
13570,7804,141,1,33.34,33.34
13571,7805,75,3,52.19,156.57
13572,7805,137,1,95.99,95.99
13573,7805,110,1,113.16,113.16
13574,7805,24,1,30.79,30.79
13575,7806,54,1,73.69,73.69
13576,7807,56,1,65.84,65.84
13577,7807,24,1,30.79,30.79
13578,7807,93,1,56.41,56.41
13579,7808,53,1,34.65,34.65
13580,7808,110,1,113.16,113.16
13581,7809,33,1,47.02,47.02
13582,7809,32,1,135.32,135.32
13583,7810,136,2,70.88,141.76
13584,7810,138,2,104.13,208.26
13585,7811,113,2,110.24,220.48
13586,7811,6,1,51.08,51.08
13587,7811,69,1,101.23,101.23
13588,7812,106,1,111.49,111.49
13589,7813,22,1,45.93,45.93
13590,7814,65,3,94.21,282.63
13591,7814,76,2,78.32,156.64
13592,7815,104,1,42.67,42.67
13593,7815,44,3,180.29,540.87
13594,7815,128,1,102.12,102.12
13595,7816,72,1,90.43,90.43
13596,7817,37,2,104.19,208.38
13597,7817,62,1,41.29,41.29
13598,7817,3,2,29.93,59.86
13599,7817,18,3,104.51,313.53
13600,7818,116,2,99.25,198.5
13601,7819,146,2,135.82,271.64
13602,7820,117,1,88.88,88.88
13603,7820,43,2,42.12,84.24
13604,7821,143,2,50.23,100.46
13605,7822,85,1,94.04,94.04
13606,7822,41,2,135.53,271.06
13607,7822,69,1,101.23,101.23
13608,7823,25,1,102.53,102.53
13609,7824,143,1,50.23,50.23
13610,7825,147,1,77.95,77.95
13611,7825,108,1,89.12,89.12
13612,7825,50,1,24.92,24.92
13613,7826,84,1,112.96,112.96
13614,7826,7,2,96.04,192.08
13615,7826,1,1,20.32,20.32
13616,7827,2,1,127.2,127.2
13617,7828,104,2,42.67,85.34
13618,7829,60,3,34.01,102.03
13619,7830,5,1,49.7,49.7
13620,7830,89,2,23.55,47.1
13621,7831,121,2,92.86,185.72
13622,7832,57,1,43.25,43.25
13623,7832,23,1,47.63,47.63
13624,7833,52,1,81.24,81.24
13625,7833,59,1,93.3,93.3
13626,7834,148,2,135.92,271.84
13627,7834,82,1,126.68,126.68
13628,7834,123,1,90.9,90.9
13629,7835,42,1,94.67,94.67
13630,7836,54,2,73.69,147.38
13631,7836,11,2,113.47,226.94
13632,7836,51,1,38.0,38.0
13633,7836,34,1,167.82,167.82
13634,7837,62,2,41.29,82.58
13635,7838,4,1,48.57,48.57
13636,7839,80,1,163.07,163.07
13637,7839,147,2,77.95,155.9
13638,7840,92,1,107.96,107.96
13639,7841,119,1,89.03,89.03
13640,7841,34,1,167.82,167.82
13641,7842,49,2,61.05,122.1
13642,7843,137,1,95.99,95.99
13643,7843,128,1,102.12,102.12
13644,7843,77,1,69.72,69.72
13645,7844,9,2,31.04,62.08
13646,7845,93,1,56.41,56.41
13647,7845,87,1,73.76,73.76
13648,7846,129,1,82.98,82.98
13649,7846,29,2,91.23,182.46
13650,7847,113,1,110.24,110.24
13651,7847,59,2,93.3,186.6
13652,7848,65,1,94.21,94.21
13653,7848,59,2,93.3,186.6
13654,7849,45,2,106.3,212.6
13655,7849,112,1,51.13,51.13
13656,7849,64,1,63.14,63.14
13657,7849,14,2,153.24,306.48
13658,7850,19,1,69.78,69.78
13659,7851,127,1,56.25,56.25
