order_id,customer_id,store_id,order_date,channel,order_total
1,1395,3,2025-09-25,Store,384.41
2,150,3,2025-11-07,Store,469.08
3,731,6,2024-11-25,Online,29.93
4,745,2,2024-02-16,Store,205.62
5,370,5,2025-09-19,Store,500.28
6,755,5,2025-05-02,Store,532.12
7,1212,3,2024-07-18,Store,189.4
8,165,1,2025-05-31,Store,90.9
9,482,6,2024-03-30,Online,43.77
10,1965,4,2025-07-15,Store,821.27
11,1648,6,2025-07-07,Online,112.19
12,1780,6,2025-11-06,Online,454.66
13,527,1,2024-01-30,Store,459.72
14,1842,3,2025-01-27,Store,238.35
15,1899,2,2025-05-02,Store,574.96
16,1178,5,2025-05-18,Store,167.71
17,769,3,2024-08-17,Store,266.19
18,218,2,2025-01-21,Store,500.3
19,116,4,2025-07-29,Store,284.84
20,1741,2,2024-04-24,Store,230.04
21,49,4,2024-07-11,Store,210.49
22,855,4,2024-11-16,Store,278.61
23,976,1,2025-02-01,Store,294.19
24,1342,6,2025-06-16,Online,134.2
25,1567,4,2024-01-10,Store,140.68
26,370,5,2024-10-30,Store,220.88
27,1894,3,2024-05-29,Store,445.02
28,558,4,2024-02-05,Store,254.17
29,1793,2,2024-05-06,Store,245.32
30,957,6,2025-08-10,Online,226.14
31,194,3,2025-05-21,Store,200.76
32,1749,6,2024-03-01,Online,836.99
33,1306,1,2024-08-18,Store,400.99
34,1007,6,2024-07-02,Online,320.22
35,1996,1,2024-06-12,Store,333.22
36,307,5,2025-02-04,Store,70.88
37,1645,3,2024-10-16,Store,288.6
38,557,1,2025-12-18,Store,60.62
39,1308,4,2025-08-17,Store,415.11
40,1637,5,2025-11-01,Store,121.33
41,1781,2,2025-12-13,Store,133.84
42,1,6,2024-08-02,Online,147.38
43,1162,5,2025-10-28,Store,253.36
44,1406,4,2025-08-12,Store,198.52
45,1081,5,2024-05-31,Store,169.23
46,354,1,2025-11-26,Store,331.93
47,1321,3,2024-02-23,Store,88.88
48,572,6,2024-12-12,Online,537.87
49,1217,6,2025-02-17,Online,24.92
50,350,5,2025-02-10,Store,135.92
51,1592,3,2024-06-25,Store,128.29
52,892,3,2025-11-17,Store,403.64
53,508,2,2025-10-27,Store,98.76
54,90,1,2025-03-31,Store,104.52
55,1358,6,2024-03-25,Online,53.36
56,1480,5,2025-06-05,Store,136.68
57,1750,1,2025-08-09,Store,201.27
58,7,3,2025-01-28,Store,90.2
59,169,2,2025-03-20,Store,49.84
60,495,3,2024-11-29,Store,91.89
61,1627,5,2025-07-04,Store,96.14
62,494,6,2024-01-21,Online,61.58
63,936,5,2025-06-26,Store,156.36
64,1489,6,2025-08-21,Online,301.53
65,1298,1,2024-07-31,Store,531.41
66,144,2,2025-07-22,Store,49.7
67,751,1,2024-02-10,Store,167.71
68,1080,3,2024-06-14,Store,48.07
69,1074,4,2024-02-05,Store,135.92
70,1858,5,2024-11-01,Store,34.01
71,407,6,2025-03-09,Online,603.41
72,157,1,2024-10-27,Store,104.3
73,581,3,2025-12-12,Store,330.27
74,276,4,2024-12-26,Store,174.75
75,1231,6,2025-11-09,Online,246.56
76,858,1,2024-08-08,Store,467.03
77,1330,6,2025-09-29,Online,77.95
78,91,6,2024-09-23,Online,248.94
79,1225,2,2025-02-13,Store,367.98
80,1558,3,2025-11-23,Store,43.77
81,651,6,2025-07-02,Online,70.88
82,483,1,2024-10-02,Store,319.89
83,394,1,2025-06-07,Store,133.59
84,25,6,2025-03-20,Online,394.23
85,323,4,2024-09-10,Store,42.67
86,1629,6,2024-04-22,Online,182.07
87,1691,3,2024-04-01,Store,114.0
88,560,5,2024-10-06,Store,198.5
89,180,1,2024-10-07,Store,104.19
90,115,3,2024-08-15,Store,47.02
91,351,5,2024-05-06,Store,225.92
92,163,6,2024-11-09,Online,315.04
93,565,6,2024-12-23,Online,167.88
94,945,6,2024-02-19,Online,196.71
95,1947,5,2025-02-02,Store,43.82
96,454,2,2025-11-25,Store,395.08
97,1881,6,2024-05-10,Online,118.14
98,213,2,2025-12-31,Store,167.08
99,1630,6,2025-01-22,Online,301.7
100,1704,4,2025-10-16,Store,646.53
101,1544,3,2024-07-06,Store,99.26
102,525,6,2025-04-24,Online,59.66
103,1020,5,2024-08-22,Store,188.08
104,1658,2,2024-11-08,Store,33.35
105,1019,1,2024-04-02,Store,159.12
106,1040,1,2024-04-05,Store,89.12
107,1237,1,2024-10-19,Store,323.61
108,443,2,2025-03-10,Store,310.85
109,229,6,2025-05-24,Online,769.42
110,260,5,2025-12-15,Store,50.23
111,1341,6,2024-07-13,Online,509.28
112,526,6,2024-12-19,Online,228.0
113,702,2,2025-06-24,Store,197.72
114,733,6,2024-06-21,Online,280.21
115,1742,6,2024-08-18,Online,104.19
116,1414,1,2024-05-16,Store,360.93
117,81,5,2025-01-23,Store,204.57
118,933,6,2024-12-12,Online,373.42
119,1326,6,2024-04-30,Online,99.26
120,1614,6,2024-09-28,Online,185.48
121,1655,3,2025-08-05,Store,305.4
122,1637,6,2025-10-20,Online,315.06
123,73,4,2025-09-24,Store,245.38
124,1023,2,2024-11-01,Store,167.08
125,1010,3,2024-07-09,Store,167.82
126,1767,1,2025-03-17,Store,123.35
127,1848,4,2025-06-10,Store,685.99
128,1393,2,2025-11-03,Store,43.25
129,820,1,2025-01-18,Store,89.03
130,1204,3,2024-07-05,Store,427.32
131,1805,2,2025-11-03,Store,248.29
132,1118,3,2025-01-02,Store,359.15
133,901,6,2024-05-16,Online,203.6
134,525,2,2024-02-02,Store,156.36
135,352,2,2025-05-05,Store,386.0
136,1645,1,2025-11-29,Store,209.04
137,946,1,2025-02-13,Store,413.05
138,1138,4,2025-02-02,Store,367.98
139,548,4,2024-01-22,Store,115.68
140,1861,6,2024-01-14,Online,159.6
141,1077,3,2024-12-16,Store,114.63
142,1265,2,2024-01-09,Store,107.96
143,250,1,2025-05-12,Store,77.71
144,892,5,2025-06-07,Store,110.09
145,1907,5,2024-04-27,Store,570.35
146,1022,6,2024-07-22,Online,209.04
147,919,2,2024-04-15,Store,206.86
148,1692,6,2025-08-28,Online,163.21
149,283,6,2025-02-14,Online,343.89
150,427,2,2024-05-29,Store,101.8
151,1000,6,2024-04-03,Online,415.97
152,35,3,2024-08-24,Store,42.67
153,164,2,2024-03-03,Store,109.34
154,849,6,2024-10-02,Online,196.71
155,464,5,2025-12-29,Store,78.32
156,1355,6,2024-02-18,Online,110.09
157,1435,2,2025-11-07,Store,159.42
158,1010,4,2024-07-08,Store,113.47
159,1438,2,2024-12-08,Store,20.32
160,964,6,2024-01-14,Online,235.5
161,1993,6,2025-01-04,Online,173.77
162,1580,3,2025-06-25,Store,216.21
163,1949,5,2025-08-21,Store,270.64
164,1906,1,2024-05-13,Store,118.95
165,615,2,2025-11-01,Store,172.45
166,1040,4,2025-07-13,Store,183.1
167,805,2,2024-07-25,Store,142.52
168,1573,6,2025-03-04,Online,319.69
169,757,1,2025-07-27,Store,639.28
170,798,6,2024-03-10,Online,49.7
171,1827,6,2025-05-30,Online,251.95
172,1150,3,2024-05-12,Store,282.12
173,634,3,2024-03-03,Store,288.95
174,1348,4,2025-02-11,Store,53.36
175,379,6,2025-06-09,Online,466.95
176,1282,1,2025-02-14,Store,101.33
177,465,6,2025-08-08,Online,79.89
178,1919,3,2025-06-09,Store,198.5
179,915,4,2025-06-21,Store,182.46
180,1559,3,2024-10-30,Store,224.09
181,467,6,2024-02-16,Online,216.25
182,204,6,2024-10-11,Online,323.8
183,1642,5,2024-09-11,Store,336.31
184,1097,1,2025-01-12,Store,100.05
185,546,2,2025-07-16,Store,56.23
186,1851,1,2024-02-28,Store,140.85
187,417,5,2024-10-13,Store,113.43
188,234,5,2025-07-04,Store,534.63
189,1005,3,2025-08-20,Store,122.1
190,1269,3,2025-01-26,Store,324.2
191,1149,2,2024-07-30,Store,290.33
192,1694,5,2025-02-08,Store,36.73
193,76,5,2025-03-20,Store,313.53
194,1340,1,2024-04-05,Store,36.36
195,210,5,2024-06-29,Store,126.68
196,959,6,2024-07-03,Online,231.96
197,233,1,2024-06-30,Store,123.9
198,358,4,2025-03-12,Store,480.48
199,1815,1,2025-02-16,Store,110.09
200,1594,1,2024-01-13,Store,77.11
201,1535,3,2024-01-14,Store,153.76
202,868,4,2024-09-11,Store,430.88
203,824,6,2024-01-10,Online,507.18
204,1996,1,2024-07-26,Store,79.32
205,232,3,2025-03-30,Store,289.72
206,412,3,2025-07-10,Store,171.43
207,1851,1,2024-02-15,Store,77.95
208,1993,6,2025-06-07,Online,291.06
209,786,5,2024-08-20,Store,90.9
210,1754,6,2025-11-02,Online,190.41
211,1048,5,2025-12-01,Store,76.0
212,1553,2,2024-04-25,Store,270.6
213,444,1,2024-08-17,Store,255.06
214,186,1,2024-12-31,Store,96.04
215,1926,6,2025-01-04,Online,449.69
216,1696,6,2024-07-01,Online,20.32
217,358,6,2024-07-04,Online,269.46
218,565,1,2024-11-04,Store,263.1
219,910,5,2024-10-04,Store,508.18
220,1430,6,2025-12-29,Online,387.14
221,1892,2,2024-06-01,Store,175.66
222,1478,1,2025-04-02,Store,259.55
223,752,6,2024-03-09,Online,122.66
224,262,6,2024-10-12,Online,93.3
225,1097,6,2024-05-10,Online,115.68
226,1001,6,2024-11-22,Online,69.72
227,279,6,2025-02-27,Online,271.27
228,1031,5,2025-10-31,Store,250.62
229,177,5,2025-05-19,Store,229.76
230,1813,1,2025-08-17,Store,315.26
231,1050,6,2024-08-12,Online,151.38
232,1404,3,2024-01-18,Store,90.43
233,13,2,2024-05-16,Store,371.77
234,1401,1,2024-05-22,Store,97.53
235,1265,6,2025-07-18,Online,463.2
236,629,3,2024-05-21,Store,27.52
237,1488,1,2024-05-26,Store,110.24
238,1019,6,2025-03-10,Online,204.24
239,225,5,2025-11-09,Store,186.82
240,134,3,2024-06-10,Store,126.68
241,250,1,2024-03-21,Store,123.35
242,221,5,2025-03-02,Store,92.86
243,540,2,2024-05-23,Store,133.57
244,1323,1,2025-02-25,Store,67.49
245,1181,6,2024-01-14,Online,160.16
246,793,2,2025-10-19,Store,194.5
247,694,6,2025-05-30,Online,77.95
248,1231,5,2025-03-09,Store,190.77
249,28,2,2024-09-21,Store,375.29
250,1361,6,2024-06-09,Online,41.29
251,1714,6,2025-01-21,Online,386.9
252,1754,3,2024-07-07,Store,327.87
253,188,1,2025-12-10,Store,97.25
254,1818,6,2025-01-24,Online,181.8
255,303,5,2025-10-24,Store,50.23
256,1576,1,2024-04-16,Store,21.91
257,1479,3,2024-12-09,Store,33.34
258,1045,2,2025-07-08,Store,110.09
259,408,2,2024-01-12,Store,263.12
260,1812,4,2025-10-15,Store,333.22
261,817,6,2024-02-15,Online,340.38
262,1188,3,2024-11-18,Store,50.23
263,1233,6,2024-12-31,Online,431.09
264,1252,6,2024-11-18,Online,618.05
265,1272,1,2025-12-20,Store,95.26
266,145,5,2025-05-30,Store,209.04
267,429,6,2024-06-02,Online,203.6
268,687,4,2025-05-03,Store,310.32
269,626,1,2024-06-04,Store,258.88
270,660,3,2024-08-25,Store,542.2
271,1873,5,2024-06-13,Store,510.66
272,241,5,2024-12-15,Store,51.13
273,1880,1,2024-10-24,Store,85.34
274,696,4,2025-03-17,Store,68.02
275,1239,3,2025-11-30,Store,110.09
276,1366,3,2025-09-17,Store,246.69
277,1356,6,2025-05-24,Online,90.2
278,514,2,2024-11-12,Store,580.38
279,1238,2,2024-03-30,Store,167.71
280,435,5,2024-06-22,Store,282.92
281,879,6,2024-04-01,Online,320.32
282,109,6,2025-04-16,Online,79.89
283,1258,6,2024-09-19,Online,446.42
284,1307,6,2024-05-06,Online,288.23
285,161,1,2025-09-26,Store,101.79
286,166,6,2025-10-01,Online,257.42
287,485,2,2025-11-29,Store,407.76
288,1403,6,2024-02-28,Online,400.47
289,834,5,2024-01-09,Store,141.3
290,439,4,2025-01-19,Store,96.04
291,908,6,2024-03-15,Online,147.52
292,1139,3,2025-11-16,Store,118.14
293,1999,6,2025-10-19,Online,98.59
294,632,6,2024-07-03,Online,848.52
295,903,3,2025-03-19,Store,94.21
296,1890,6,2024-11-20,Online,73.76
297,1799,6,2024-08-05,Online,182.23
298,99,3,2024-02-09,Store,375.7
299,1263,6,2024-08-06,Online,47.63
300,1021,2,2025-09-07,Store,122.95
301,1961,6,2025-03-16,Online,502.21
302,954,3,2025-03-09,Store,65.57
303,1716,6,2024-03-26,Online,90.2
304,896,6,2024-03-24,Online,245.32
305,637,6,2025-03-05,Online,171.23
306,1363,3,2024-02-25,Store,303.69
307,1000,2,2024-12-16,Store,642.56
308,152,1,2025-07-02,Store,19.86
309,1144,3,2024-12-29,Store,241.34
310,1215,3,2025-09-03,Store,79.32
311,348,2,2025-08-15,Store,365.96
312,1591,2,2024-11-20,Store,156.64
313,952,2,2024-05-31,Store,96.2
314,1797,4,2025-11-21,Store,34.01
315,1762,6,2024-01-04,Online,374.36
316,1524,6,2025-08-15,Online,156.36
317,1987,4,2024-07-11,Store,104.13
318,1479,3,2024-06-19,Store,155.65
319,902,2,2024-07-14,Store,390.38
320,703,4,2024-11-10,Store,249.38
321,1576,4,2025-10-26,Store,494.24
322,786,2,2024-12-09,Store,111.49
323,980,4,2025-03-14,Store,136.68
324,456,1,2024-06-15,Store,215.22
325,70,6,2025-12-06,Online,166.77
326,454,6,2024-04-11,Online,513.78
327,718,6,2025-02-25,Online,141.76
328,1105,5,2025-09-30,Store,242.96
329,701,1,2024-02-03,Store,205.15
330,687,4,2025-04-10,Store,160.6
331,940,6,2024-05-07,Online,178.24
332,1840,1,2025-04-20,Store,59.86
333,391,3,2025-12-21,Store,404.45
334,1465,3,2024-08-17,Store,160.0
335,1782,6,2024-11-10,Online,433.43
336,379,1,2025-02-28,Store,56.25
337,1802,6,2025-01-18,Online,305.38
338,1725,1,2024-06-23,Store,621.11
339,1489,6,2025-10-21,Online,102.12
340,1804,5,2025-08-14,Store,100.05
341,849,1,2025-02-03,Store,629.07
342,317,1,2024-04-11,Store,334.07
343,558,3,2025-08-13,Store,212.13
344,1116,1,2024-09-23,Store,262.68
345,1108,4,2024-01-27,Store,135.32
346,1177,6,2025-08-30,Online,135.92
347,299,1,2025-07-10,Store,112.96
348,545,5,2024-05-13,Store,324.37
349,338,3,2024-08-15,Store,99.26
350,905,4,2024-09-08,Store,149.97
351,1710,1,2024-09-23,Store,247.2
352,1293,2,2025-10-04,Store,370.05
353,1518,5,2024-04-15,Store,75.15
354,1374,6,2024-05-05,Online,65.84
355,898,6,2024-07-03,Online,107.96
356,1308,4,2025-01-05,Store,432.85
357,1478,6,2025-02-27,Online,343.89
358,315,2,2024-03-19,Store,94.49
359,1149,4,2024-11-17,Store,146.54
360,901,6,2024-11-01,Online,43.77
361,357,5,2025-08-03,Store,208.06
362,1569,1,2024-12-17,Store,375.8
363,214,5,2024-09-17,Store,248.87
364,650,4,2025-06-08,Store,143.38
365,240,2,2024-08-10,Store,115.68
366,1461,5,2024-03-26,Store,322.01
367,1097,4,2025-05-08,Store,94.49
368,959,6,2025-12-26,Online,228.55
369,1054,3,2025-05-22,Store,113.43
370,816,3,2024-07-16,Store,167.82
371,1096,2,2024-10-14,Store,443.01
372,1755,2,2024-07-29,Store,513.11
373,1008,4,2024-11-22,Store,76.59
374,950,4,2025-08-03,Store,102.26
375,380,6,2024-03-06,Online,335.64
376,1497,1,2025-06-07,Store,29.93
377,1836,1,2025-09-10,Store,406.22
378,1613,6,2024-01-31,Online,220.18
379,1275,5,2025-03-15,Store,230.13
380,1464,5,2025-11-03,Store,81.24
381,803,6,2024-11-17,Online,160.16
382,449,6,2024-01-12,Online,92.59
383,951,5,2024-11-25,Store,202.95
384,1380,2,2025-06-23,Store,115.41
385,611,1,2025-09-14,Store,179.0
386,1749,2,2025-11-29,Store,148.22
387,28,2,2024-07-20,Store,43.25
388,1257,1,2024-02-17,Store,298.56
389,1484,5,2025-01-27,Store,66.0
390,216,4,2024-01-19,Store,338.01
391,1626,4,2025-04-17,Store,312.72
392,1197,6,2025-02-16,Online,70.88
393,1560,3,2025-06-24,Store,115.68
394,392,5,2024-03-12,Store,122.1
395,1372,6,2025-03-01,Online,182.54
396,225,6,2025-02-13,Online,155.9
397,572,3,2025-05-20,Store,219.9
398,1488,4,2025-04-10,Store,52.19
399,237,1,2024-05-04,Store,339.68
400,1873,6,2024-01-11,Online,542.49
401,719,4,2025-12-05,Store,134.38
402,714,1,2025-01-12,Store,307.58
403,1381,6,2024-02-23,Online,102.16
404,1955,2,2024-04-23,Store,43.25
405,1917,2,2024-09-27,Store,60.62
406,1850,2,2025-01-23,Store,27.52
407,1218,1,2024-05-21,Store,126.78
408,700,6,2024-05-31,Online,347.89
409,417,1,2025-02-27,Store,149.93
410,1900,6,2024-09-03,Online,264.41
411,1361,4,2024-11-25,Store,233.82
412,18,6,2024-10-30,Online,298.64
413,1091,6,2024-09-05,Online,222.42
414,1975,6,2024-03-20,Online,53.36
415,1592,1,2024-08-05,Store,108.7
416,1810,6,2025-01-29,Online,96.2
417,124,5,2024-08-01,Store,350.9
418,1918,6,2024-11-15,Online,337.99
419,1209,5,2024-04-18,Store,278.47
420,1078,6,2025-09-27,Online,180.98
421,1979,2,2024-10-11,Store,135.32
422,209,2,2025-08-14,Store,169.4
423,1760,5,2024-04-22,Store,185.48
424,1961,2,2024-07-10,Store,114.0
425,1502,2,2025-06-27,Store,37.81
426,3,3,2025-07-17,Store,108.5
427,1639,5,2024-06-03,Store,114.63
428,1622,6,2024-12-07,Online,77.71
429,607,6,2024-04-10,Online,19.86
430,256,6,2025-03-08,Online,47.63
431,582,6,2024-06-29,Online,268.12
432,1916,3,2025-03-19,Store,89.12
433,1516,4,2024-09-11,Store,141.7
434,1529,6,2024-03-08,Online,76.45
435,1450,1,2025-12-17,Store,114.0
436,1871,6,2025-12-09,Online,77.95
437,1585,5,2024-07-27,Store,81.24
438,636,6,2025-09-02,Online,113.47
439,214,5,2024-07-08,Store,176.67
440,329,6,2024-11-08,Online,337.19
441,1304,1,2024-06-19,Store,178.24
442,361,6,2024-05-25,Online,636.85
443,487,5,2024-03-19,Store,178.06
444,1480,3,2024-01-10,Store,177.29
445,1618,3,2025-05-15,Store,227.27
446,881,5,2025-11-27,Store,295.06
447,1019,1,2024-04-06,Store,126.28
448,1948,6,2024-12-09,Online,185.48
449,1218,1,2025-05-13,Store,24.92
450,896,4,2024-12-27,Store,94.49
451,1261,6,2025-06-14,Online,352.49
452,677,5,2025-09-02,Store,113.16
453,490,5,2025-06-15,Store,336.41
454,123,6,2024-08-13,Online,162.91
455,855,4,2024-09-07,Store,162.04
456,1439,6,2024-07-30,Online,302.3
457,1691,6,2025-10-16,Online,77.71
458,87,6,2025-10-03,Online,314.68
459,703,1,2025-06-23,Store,307.59
460,1991,1,2024-12-23,Store,474.02
461,1884,1,2024-11-12,Store,90.9
462,1714,6,2025-12-19,Online,56.25
463,1223,6,2025-03-19,Online,364.62
464,1282,6,2024-12-21,Online,59.58
465,239,5,2025-05-25,Store,208.28
466,205,3,2024-10-23,Store,243.78
467,1411,5,2024-10-22,Store,41.29
468,1094,6,2025-04-09,Online,56.41
469,1490,6,2025-08-30,Online,93.96
470,958,5,2024-01-06,Store,66.92
471,365,4,2024-01-01,Store,93.3
472,1159,6,2024-10-17,Online,262.73
473,385,6,2025-07-28,Online,89.03
474,300,6,2024-10-04,Online,49.84
475,1305,6,2025-03-18,Online,179.23
476,1930,6,2025-04-29,Online,248.81
477,213,1,2025-02-12,Store,363.32
478,1381,3,2025-07-31,Store,180.4
479,1328,6,2025-08-15,Online,271.64
480,636,1,2024-09-13,Store,43.25
481,316,6,2024-11-04,Online,167.08
482,771,3,2025-10-05,Store,105.94
483,1803,1,2025-03-23,Store,112.19
484,1300,6,2025-12-11,Online,156.57
485,1272,4,2024-12-28,Store,123.75
486,965,1,2025-02-24,Store,306.36
487,131,3,2024-01-28,Store,450.14
488,891,1,2024-09-05,Store,159.76
489,1374,2,2025-08-02,Store,345.12
490,1192,6,2025-11-17,Online,229.26
491,445,1,2025-06-14,Store,121.33
492,1973,6,2024-02-26,Online,234.96
493,740,6,2024-04-19,Online,61.05
494,277,5,2024-10-24,Store,424.67
495,33,6,2024-05-04,Online,160.53
496,1510,6,2024-02-24,Online,188.63
497,80,5,2025-05-22,Store,149.82
498,1855,6,2025-10-17,Online,441.45
499,1764,1,2024-01-07,Store,238.42
500,756,5,2024-06-05,Store,70.7
501,1573,2,2024-07-28,Store,112.96
502,1126,1,2025-06-01,Store,141.3
503,26,1,2024-05-04,Store,156.36
504,938,2,2024-07-07,Store,318.88
505,368,6,2025-11-28,Online,70.88
506,699,5,2024-05-06,Store,43.77
507,1911,6,2024-07-08,Online,226.14
508,1017,1,2024-09-03,Store,68.02
509,1441,3,2025-05-06,Store,113.47
510,1522,6,2025-08-25,Online,114.0
511,915,5,2025-02-04,Store,254.4
512,1523,2,2025-04-20,Store,126.68
513,1534,6,2024-01-29,Online,99.26
514,1516,4,2025-02-02,Store,89.03
515,170,1,2025-10-22,Store,378.14
516,169,2,2024-12-29,Store,640.2
517,499,6,2025-01-01,Online,278.62
518,1623,5,2025-12-24,Store,177.47
519,833,2,2024-06-04,Store,202.46
520,111,6,2024-12-13,Online,181.8
521,1512,5,2024-05-23,Store,133.84
522,260,6,2024-11-06,Online,485.48
523,634,6,2025-04-28,Online,348.81
524,1538,6,2025-06-03,Online,114.99
525,403,2,2024-11-27,Store,170.77
526,930,5,2025-02-17,Store,110.09
527,1060,6,2024-06-11,Online,97.53
528,1415,3,2025-05-26,Store,414.51
529,195,5,2024-08-30,Store,253.36
530,1639,1,2025-01-28,Store,147.64
531,1677,2,2025-09-18,Store,25.05
532,1017,6,2024-03-15,Online,65.57
533,651,1,2025-10-08,Store,361.98
534,1816,4,2025-10-14,Store,245.38
535,488,4,2025-03-24,Store,153.8
536,814,5,2025-03-20,Store,313.73
537,1740,2,2025-10-06,Store,304.83
538,1803,6,2025-02-21,Online,293.68
539,1884,3,2025-11-29,Store,428.19
540,422,6,2025-05-23,Online,47.63
541,6,2,2025-04-30,Store,203.03
542,214,1,2024-05-21,Store,433.72
543,162,6,2025-08-05,Online,165.96
544,663,5,2024-11-01,Store,180.29
545,1297,2,2024-02-22,Store,96.2
546,932,4,2024-10-23,Store,322.26
547,379,4,2024-06-10,Store,471.87
548,1379,5,2025-05-27,Store,110.24
549,1287,6,2025-07-13,Online,199.65
550,1082,1,2024-09-26,Store,134.57
551,1875,6,2024-07-24,Online,122.1
552,134,3,2024-05-22,Store,85.34
553,606,2,2024-12-03,Store,307.33
554,1546,6,2024-03-15,Online,251.06
555,1220,1,2024-02-06,Store,94.21
556,712,1,2025-03-02,Store,204.28
557,1005,6,2025-07-18,Online,106.3
558,291,6,2024-02-12,Online,95.99
559,743,6,2024-08-18,Online,144.46
560,510,2,2024-08-21,Store,113.47
561,1955,6,2024-07-19,Online,184.15
562,1878,2,2024-01-19,Store,371.34
563,759,4,2025-12-13,Store,50.1
564,1239,6,2025-07-16,Online,94.21
565,1064,4,2025-09-22,Store,301.2
566,1914,4,2024-08-25,Store,79.89
567,451,1,2025-02-26,Store,397.58
568,1089,4,2025-08-04,Store,165.96
569,230,6,2024-09-12,Online,249.95
570,1808,1,2024-02-14,Store,51.13
571,1251,1,2024-09-07,Store,417.28
572,1355,6,2024-03-19,Online,104.19
573,1985,6,2025-05-21,Online,249.46
574,1113,1,2024-08-13,Store,70.88
575,1812,6,2025-01-10,Online,154.6
576,399,5,2025-06-23,Store,372.85
577,1496,3,2024-12-20,Store,309.8
578,1504,2,2024-07-27,Store,347.78
579,839,6,2025-07-20,Online,96.2
580,1584,2,2024-05-25,Store,104.51
581,1037,6,2025-03-26,Online,220.78
582,421,5,2025-05-25,Store,220.15
583,1277,6,2024-03-27,Online,224.38
584,298,3,2025-01-28,Store,246.7
585,1845,4,2025-01-28,Store,33.35
586,633,4,2025-01-23,Store,92.74
587,1055,3,2024-02-23,Store,214.84
588,1187,3,2024-01-27,Store,355.56
589,469,4,2024-09-25,Store,174.88
590,1551,4,2025-09-28,Store,56.23
591,1659,1,2024-02-28,Store,598.82
592,1444,3,2024-10-21,Store,261.51
593,1140,6,2025-08-04,Online,397.65
594,1775,5,2025-04-23,Store,434.15
595,1601,5,2024-01-16,Store,56.25
596,1874,3,2024-10-07,Store,131.41
597,1052,6,2025-07-09,Online,109.3
598,1593,6,2024-02-09,Online,152.7
599,1881,1,2025-10-30,Store,165.13
600,423,6,2024-11-24,Online,485.27
601,489,5,2024-01-10,Store,114.0
602,1696,1,2025-05-06,Store,73.62
603,80,6,2025-08-16,Online,131.47
604,1242,1,2024-03-06,Store,21.91
605,552,3,2024-10-09,Store,113.07
606,1868,3,2024-08-20,Store,130.85
607,1538,6,2024-02-20,Online,94.49
608,760,1,2024-07-07,Store,168.11
609,1557,6,2024-02-12,Online,307.61
610,1003,1,2024-09-22,Store,236.23
611,1007,2,2024-02-15,Store,204.83
612,1826,6,2025-03-30,Online,156.36
613,1728,3,2024-07-27,Store,60.62
614,1296,5,2025-11-28,Store,110.24
615,281,4,2024-10-16,Store,24.92
616,670,1,2025-01-03,Store,70.7
617,1744,5,2025-10-29,Store,153.39
618,840,2,2024-10-28,Store,124.45
619,659,6,2024-06-02,Online,364.24
620,1354,4,2025-06-07,Store,288.52
621,1892,4,2025-12-30,Store,73.69
622,1049,6,2025-08-19,Online,133.84
623,462,1,2025-01-25,Store,215.52
624,909,6,2024-08-17,Online,386.61
625,77,5,2025-03-04,Store,217.18
626,312,1,2024-02-22,Store,155.66
627,728,2,2024-11-20,Store,188.42
628,1942,1,2024-10-27,Store,789.08
629,1458,6,2024-08-24,Online,50.02
630,692,6,2024-04-28,Online,329.6
631,1427,1,2025-02-23,Store,89.03
632,28,6,2025-06-01,Online,74.91
633,871,6,2025-05-10,Online,89.85
634,1781,6,2025-08-06,Online,364.57
635,81,2,2025-02-21,Store,144.3
636,533,6,2024-10-20,Online,99.26
637,287,1,2025-02-22,Store,334.59
638,964,6,2025-08-12,Online,212.6
639,70,1,2024-07-21,Store,394.73
640,1066,3,2024-09-26,Store,344.24
641,1242,1,2024-04-13,Store,114.63
642,1043,6,2025-03-17,Online,153.24
643,1975,3,2024-03-15,Store,334.16
644,178,1,2025-02-01,Store,369.14
645,1688,3,2025-12-30,Store,135.32
646,1054,1,2024-12-10,Store,379.13
647,1401,4,2024-02-16,Store,318.9
648,430,2,2025-04-04,Store,413.51
649,1888,5,2025-05-03,Store,272.22
650,521,5,2025-08-26,Store,493.29
651,1283,2,2025-08-30,Store,201.81
652,700,6,2024-11-24,Online,159.15
653,1099,6,2024-04-09,Online,47.18
654,1417,6,2024-02-19,Online,140.95
655,1592,3,2025-03-12,Store,74.91
656,1812,1,2024-07-01,Store,378.08
657,812,1,2025-03-16,Store,128.56
658,986,6,2024-04-11,Online,47.18
659,1568,4,2024-10-21,Store,69.78
660,1807,2,2024-06-22,Store,248.94
661,802,1,2025-09-12,Store,323.38
662,791,1,2025-06-04,Store,458.87
663,1676,4,2025-07-06,Store,180.11
664,1268,1,2024-01-27,Store,109.3
665,447,3,2025-08-07,Store,92.74
666,221,2,2024-05-09,Store,443.81
667,1321,6,2024-05-02,Online,41.29
668,1158,2,2024-09-26,Store,96.04
669,822,6,2024-10-12,Online,150.87
670,314,6,2024-03-21,Online,86.16
671,1233,6,2024-06-09,Online,207.3
672,1787,4,2025-06-09,Store,255.96
673,1697,1,2024-02-09,Store,272.7
674,1666,5,2025-06-17,Store,218.6
675,828,6,2025-11-07,Online,580.38
676,1404,1,2024-09-08,Store,69.72
677,1327,6,2024-08-13,Online,161.37
678,1475,1,2024-07-10,Store,245.91
679,650,3,2024-03-31,Store,480.53
680,1281,1,2025-07-25,Store,187.18
681,639,2,2025-09-20,Store,114.63
682,741,5,2025-10-15,Store,48.07
683,1315,3,2024-07-03,Store,559.45
684,1091,5,2025-05-16,Store,125.28
685,1687,6,2025-05-07,Online,90.9
686,1109,2,2024-10-21,Store,51.13
687,1438,4,2024-09-10,Store,225.54
688,949,4,2024-11-22,Store,191.18
689,482,4,2024-05-11,Store,202.57
690,1055,5,2025-05-15,Store,278.75
691,1044,5,2024-10-01,Store,414.0
692,799,1,2024-03-03,Store,194.56
693,58,6,2025-02-25,Online,79.89
694,243,3,2025-02-12,Store,109.3
695,1865,4,2025-05-12,Store,392.2
696,620,6,2024-11-11,Online,42.1
697,785,3,2024-06-19,Store,188.69
698,1715,6,2025-09-20,Online,144.1
699,961,2,2024-01-22,Store,430.44
700,310,5,2025-07-20,Store,167.08
701,1252,2,2024-08-03,Store,41.29
702,1812,2,2024-06-09,Store,275.73
703,376,6,2024-06-14,Online,534.28
704,1445,6,2024-01-14,Online,49.7
705,1367,5,2025-06-23,Store,53.36
706,1795,1,2025-05-11,Store,66.92
707,1781,3,2024-01-25,Store,170.04
708,112,5,2024-09-10,Store,155.42
709,728,1,2025-01-21,Store,193.42
710,1735,4,2024-10-03,Store,286.79
711,33,1,2025-03-01,Store,230.04
712,1824,6,2025-07-08,Online,348.27
713,1726,2,2025-02-04,Store,160.16
714,1195,3,2024-11-15,Store,136.71
715,1840,6,2024-11-05,Online,47.63
716,861,1,2024-09-27,Store,545.75
717,1914,3,2025-02-20,Store,402.78
718,1872,1,2025-06-30,Store,402.2
719,283,1,2025-02-07,Store,524.25
720,1074,6,2024-01-26,Online,126.68
721,1937,2,2025-01-13,Store,56.23
722,1186,2,2024-11-14,Store,188.42
723,1042,3,2024-03-26,Store,167.71
724,1086,1,2025-05-16,Store,155.95
725,1474,6,2025-04-29,Online,370.26
726,1908,4,2024-03-01,Store,107.36
727,14,1,2024-12-11,Store,280.48
728,1516,1,2024-01-06,Store,111.49
729,977,1,2025-07-29,Store,57.05
730,1110,3,2024-11-25,Store,51.13
731,865,1,2025-07-22,Store,302.24
732,1697,2,2024-01-14,Store,335.64
733,97,2,2024-06-19,Store,230.82
734,306,2,2024-04-26,Store,24.92
735,932,2,2024-06-23,Store,99.5
736,1379,6,2025-07-14,Online,91.23
737,632,6,2024-04-30,Online,65.57
738,889,3,2025-11-23,Store,24.92
739,1084,1,2025-01-15,Store,234.21
740,1307,4,2025-12-02,Store,53.36
741,909,6,2025-01-15,Online,228.75
742,946,3,2024-12-04,Store,481.03
743,1745,2,2025-06-20,Store,135.96
744,1488,2,2024-07-02,Store,66.92
745,443,2,2024-01-06,Store,74.91
746,336,6,2025-12-11,Online,98.76
747,1990,5,2024-04-06,Store,50.25
748,147,2,2024-06-09,Store,34.65
749,1986,4,2024-08-19,Store,111.89
750,630,4,2024-07-16,Store,273.36
751,1537,2,2025-03-12,Store,156.34
752,428,5,2025-02-16,Store,195.85
753,1951,2,2025-08-29,Store,50.02
754,779,4,2024-10-13,Store,123.75
755,262,3,2024-05-09,Store,239.95
756,1466,6,2024-12-04,Online,300.23
757,1807,3,2025-09-22,Store,207.56
758,1697,3,2024-08-25,Store,437.44
759,426,3,2024-01-01,Store,318.3
760,887,3,2024-02-23,Store,155.42
761,1853,6,2025-03-11,Online,147.38
762,1108,3,2024-04-30,Store,94.04
763,351,1,2025-01-29,Store,343.0
764,67,6,2024-11-20,Online,443.72
765,1181,5,2024-06-19,Store,639.88
766,1805,3,2025-07-27,Store,102.12
767,882,6,2024-09-13,Online,240.58
768,1439,6,2024-12-22,Online,223.06
769,1725,1,2025-04-22,Store,141.42
770,1345,2,2025-09-23,Store,476.88
771,1221,3,2025-01-26,Store,196.71
772,502,4,2024-01-11,Store,20.32
773,379,3,2024-07-18,Store,73.76
774,1397,4,2024-04-06,Store,506.32
775,1927,3,2024-10-06,Store,90.9
776,4,6,2025-05-05,Online,282.63
777,225,5,2025-12-22,Store,156.36
778,906,2,2025-08-08,Store,543.83
779,598,1,2025-10-09,Store,178.06
780,1982,3,2025-10-25,Store,226.23
781,1782,5,2024-01-30,Store,236.88
782,924,6,2024-06-30,Online,471.44
783,1617,1,2024-02-27,Store,334.16
784,367,6,2024-11-17,Online,97.25
785,111,2,2024-07-17,Store,291.71
786,1666,6,2025-11-19,Online,216.33
787,1715,6,2025-08-23,Online,202.55
788,97,4,2025-11-14,Store,128.98
789,1301,1,2025-05-28,Store,92.86
790,328,3,2024-06-25,Store,102.53
791,1261,2,2024-07-22,Store,52.7
792,1882,1,2024-01-04,Store,102.12
793,1728,6,2024-04-30,Online,111.49
794,1407,2,2025-04-19,Store,126.3
795,1667,2,2024-07-05,Store,167.2
796,1865,2,2024-01-21,Store,214.03
797,239,6,2025-01-18,Online,180.86
798,1771,2,2024-09-09,Store,31.04
799,572,1,2024-07-14,Store,184.7
800,1313,3,2025-01-23,Store,214.26
801,1189,1,2024-11-19,Store,229.26
802,24,3,2024-10-06,Store,132.73
803,674,2,2024-09-27,Store,27.52
804,995,1,2025-01-07,Store,32.28
805,951,1,2025-04-05,Store,462.33
806,1619,2,2025-08-22,Store,66.92
807,602,6,2024-08-03,Online,479.93
808,856,6,2024-12-16,Online,306.72
809,1455,5,2024-10-02,Store,61.58
810,1857,6,2024-09-21,Online,69.78
811,1544,6,2024-04-28,Online,226.46
812,81,3,2025-04-23,Store,148.92
813,223,5,2025-08-25,Store,343.39
814,641,4,2024-01-09,Store,81.24
815,1166,3,2024-12-10,Store,441.19
816,861,5,2024-11-09,Store,47.63
817,1865,1,2024-01-23,Store,106.3
818,458,6,2025-08-30,Online,174.99
819,1971,2,2024-09-06,Store,85.02
820,935,5,2024-12-11,Store,104.52
821,290,5,2024-02-11,Store,591.02
822,1597,3,2025-03-07,Store,73.76
823,142,2,2025-08-14,Store,74.91
824,1647,6,2025-06-08,Online,180.29
825,1953,2,2025-09-03,Store,897.33
826,1196,1,2024-05-13,Store,276.23
827,1750,2,2024-04-02,Store,229.26
828,881,6,2024-12-20,Online,19.86
829,1682,5,2024-01-01,Store,160.93
830,527,2,2024-11-10,Store,24.92
831,1340,3,2024-07-27,Store,91.86
832,1882,4,2024-06-06,Store,136.71
833,1787,2,2025-05-03,Store,47.18
834,148,5,2025-07-17,Store,474.25
835,1790,3,2025-11-15,Store,77.71
836,1297,6,2024-09-05,Online,98.46
837,1967,5,2024-05-16,Store,73.69
838,762,5,2024-10-16,Store,309.26
839,1847,3,2024-03-14,Store,92.74
840,812,2,2025-08-23,Store,361.66
841,557,2,2024-07-01,Store,225.77
842,1464,1,2024-01-02,Store,377.05
843,1940,3,2025-05-26,Store,50.23
844,1194,4,2025-03-21,Store,89.03
845,1676,3,2024-07-03,Store,102.53
846,1401,3,2025-01-31,Store,89.28
847,407,2,2025-03-07,Store,135.92
848,915,4,2025-06-13,Store,282.32
849,1167,3,2024-04-13,Store,299.55
850,972,1,2024-06-13,Store,106.3
851,1419,6,2025-01-28,Online,173.01
852,429,6,2025-11-17,Online,226.32
853,716,4,2024-11-06,Store,230.04
854,1425,6,2024-04-28,Online,339.42
855,1420,6,2025-01-16,Online,250.02
856,731,4,2025-01-08,Store,65.84
857,1639,4,2025-03-10,Store,248.49
858,1494,4,2024-06-02,Store,278.58
859,1906,6,2025-12-25,Online,343.12
860,952,2,2025-04-10,Store,115.68
861,567,5,2024-02-10,Store,21.91
862,1473,6,2025-01-10,Online,66.92
863,96,1,2025-01-13,Store,111.53
864,1032,4,2024-10-30,Store,192.9
865,829,6,2024-10-27,Online,115.68
866,804,3,2024-11-28,Store,99.25
867,1640,1,2024-04-24,Store,167.08
868,1609,6,2025-02-09,Online,41.29
869,1028,2,2024-04-06,Store,47.63
870,985,2,2025-05-20,Store,27.52
871,302,6,2025-04-14,Online,235.89
872,673,6,2025-06-20,Online,193.47
873,720,5,2024-02-09,Store,233.13
874,429,5,2025-10-15,Store,374.4
875,46,1,2024-12-11,Store,324.96
876,964,6,2024-09-20,Online,163.07
877,1342,2,2025-03-19,Store,580.89
878,258,1,2025-07-06,Store,254.4
879,554,5,2025-01-18,Store,299.31
880,491,3,2024-10-08,Store,319.26
881,322,4,2025-11-18,Store,131.41
882,275,6,2024-07-04,Online,117.15
883,337,1,2024-01-20,Store,227.08
884,699,4,2025-04-18,Store,512.33
885,623,5,2024-08-14,Store,72.72
886,1313,5,2024-08-14,Store,94.49
887,1183,3,2025-12-30,Store,93.33
888,1509,3,2025-09-01,Store,77.71
889,736,5,2025-07-25,Store,69.72
890,698,6,2024-12-20,Online,314.28
891,220,2,2025-06-29,Store,46.92
892,280,6,2024-02-03,Online,100.49
893,1205,4,2025-05-13,Store,221.28
894,1446,2,2025-06-26,Store,135.32
895,933,5,2024-11-18,Store,99.25
896,1814,5,2024-06-08,Store,204.3
897,1766,2,2025-03-17,Store,75.62
898,1119,3,2024-10-17,Store,160.81
899,462,6,2025-09-13,Online,207.56
900,221,5,2024-04-23,Store,113.93
901,933,2,2025-02-14,Store,232.9
902,650,2,2025-01-06,Store,130.98
903,1084,1,2025-10-10,Store,114.63
904,1422,5,2025-02-05,Store,23.55
905,1046,2,2025-04-20,Store,540.87
906,1293,6,2024-06-09,Online,210.09
907,374,1,2024-12-08,Store,156.53
908,1906,2,2024-04-10,Store,31.04
909,297,6,2025-03-04,Online,92.74
910,1515,3,2025-09-25,Store,167.82
911,1939,1,2025-05-30,Store,598.88
912,630,6,2024-09-12,Online,112.19
913,9,6,2025-12-01,Online,60.62
914,1756,5,2025-09-07,Store,308.78
915,688,6,2024-06-14,Online,226.14
916,150,2,2024-09-02,Store,288.12
917,305,6,2024-07-23,Online,63.14
918,1581,2,2024-02-01,Store,113.47
919,1122,5,2024-09-07,Store,108.82
920,294,1,2024-06-30,Store,215.87
921,639,1,2024-06-12,Store,195.06
922,1074,5,2024-03-12,Store,94.67
923,1654,4,2025-11-24,Store,82.98
924,1184,2,2025-04-26,Store,261.26
925,1132,2,2025-07-04,Store,133.84
926,1480,1,2025-10-24,Store,264.28
927,1234,6,2024-03-02,Online,94.21
928,1587,5,2024-02-10,Store,84.2
929,1923,4,2025-06-07,Store,291.44
930,231,5,2024-04-16,Store,42.12
931,1507,6,2025-08-16,Online,93.56
932,802,4,2025-02-26,Store,138.38
933,1869,4,2025-05-09,Store,104.19
934,1707,4,2025-10-19,Store,187.68
935,1814,1,2024-09-07,Store,168.87
936,1151,6,2024-12-04,Online,212.87
937,1688,4,2025-08-31,Store,102.53
938,1634,5,2025-06-18,Store,105.94
939,1017,5,2025-01-14,Store,394.02
940,570,3,2024-06-11,Store,317.37
941,1523,3,2025-11-20,Store,208.38
942,368,6,2025-12-12,Online,98.76
943,1912,5,2025-01-28,Store,108.7
944,316,6,2024-08-04,Online,211.07
945,697,6,2025-01-07,Online,407.88
946,1972,1,2025-02-19,Store,315.78
947,212,5,2024-12-18,Store,201.37
948,982,1,2025-06-19,Store,320.32
949,564,6,2025-05-11,Online,237.03
950,121,2,2025-05-10,Store,597.09
951,1548,1,2024-11-12,Store,49.7
952,306,5,2025-09-15,Store,454.54
953,521,6,2024-12-31,Online,73.69
954,933,2,2025-10-15,Store,677.12
955,1924,4,2025-06-20,Store,295.11
956,591,1,2024-12-03,Store,339.51
957,1629,6,2025-07-04,Online,263.08
958,1613,6,2024-09-10,Online,220.18
959,1378,5,2024-07-06,Store,90.42
960,1212,2,2025-12-07,Store,406.39
961,379,3,2024-09-29,Store,224.45
962,1957,1,2024-03-06,Store,184.58
963,1886,2,2024-09-06,Store,103.65
964,879,5,2025-07-03,Store,126.04
965,63,6,2025-05-04,Online,97.25
966,1440,4,2024-07-21,Store,38.0
967,1863,6,2025-09-04,Online,49.84
968,355,2,2025-08-18,Store,278.22
969,115,6,2025-03-29,Online,216.19
970,574,2,2025-09-21,Store,443.68
971,108,6,2025-02-20,Online,131.84
972,22,3,2025-06-03,Store,89.03
973,1904,6,2025-10-22,Online,149.82
974,1605,6,2024-09-11,Online,101.79
975,973,1,2025-05-30,Store,104.51
976,1123,3,2024-07-05,Store,42.12
977,1139,5,2025-06-05,Store,113.16
978,312,4,2024-03-08,Store,227.59
979,1713,6,2025-03-29,Online,111.89
980,1072,1,2024-07-06,Store,85.02
981,1306,5,2024-08-25,Store,88.88
982,283,6,2024-11-23,Online,233.17
983,631,3,2025-09-16,Store,90.9
984,1902,6,2024-11-27,Online,360.58
985,200,2,2024-06-24,Store,485.6
986,1502,5,2025-04-30,Store,142.9
987,313,1,2024-10-02,Store,110.24
988,1751,3,2024-11-06,Store,93.96
989,893,1,2024-12-28,Store,331.04
990,1758,2,2025-03-03,Store,128.01
991,1966,1,2024-02-26,Store,682.33
992,1903,5,2024-01-20,Store,177.0
993,1719,5,2025-01-17,Store,70.88
994,1458,3,2025-01-26,Store,43.25
995,519,1,2024-07-23,Store,87.27
996,684,5,2024-10-07,Store,47.63
997,1236,5,2024-11-29,Store,395.52
998,1536,6,2024-02-17,Online,407.57
999,29,4,2025-12-24,Store,63.47
1000,434,5,2025-09-13,Store,196.74
1001,752,4,2024-12-16,Store,96.04
1002,203,3,2024-10-18,Store,94.21
1003,69,3,2024-03-16,Store,139.56
1004,348,6,2025-02-27,Online,126.62
1005,1033,2,2025-07-29,Store,23.55
1006,1058,2,2025-08-09,Store,175.85
1007,691,6,2024-10-25,Online,183.33
1008,1359,1,2025-12-17,Store,133.84
1009,969,1,2025-04-01,Store,260.68
1010,1858,4,2024-08-21,Store,112.19
1011,784,5,2025-11-24,Store,495.74
1012,1510,1,2025-02-09,Store,184.13
1013,347,3,2025-06-08,Store,52.19
1014,1672,6,2024-02-02,Online,331.34
1015,54,1,2024-12-07,Store,257.37
1016,802,1,2025-07-25,Store,254.52
1017,64,2,2024-03-30,Store,212.59
1018,1736,1,2024-07-14,Store,117.98
1019,1368,4,2024-10-10,Store,187.92
1020,660,3,2024-06-04,Store,158.73
1021,923,1,2024-12-13,Store,178.24
1022,1960,2,2025-03-18,Store,167.66
1023,1170,1,2025-02-03,Store,107.96
1024,1511,5,2025-03-13,Store,79.32
1025,112,3,2025-08-21,Store,235.9
1026,1054,2,2025-11-12,Store,186.6
1027,514,2,2024-12-29,Store,436.91
1028,1877,6,2024-05-31,Online,70.88
1029,71,3,2024-01-27,Store,428.63
1030,887,5,2024-05-10,Store,348.48
1031,481,1,2024-11-18,Store,219.3
1032,1221,1,2024-10-04,Store,204.57
1033,380,5,2024-12-29,Store,122.1
1034,575,1,2025-03-26,Store,75.03
1035,65,6,2024-01-27,Online,139.56
1036,646,3,2024-08-01,Store,99.26
1037,940,5,2025-02-12,Store,59.86
1038,1925,6,2025-08-27,Online,567.21
1039,1325,6,2025-06-12,Online,191.98
1040,807,1,2024-05-03,Store,566.29
1041,711,5,2025-03-01,Store,303.69
1042,518,4,2025-06-03,Store,77.95
1043,360,2,2024-04-24,Store,237.86
1044,112,6,2024-04-12,Online,278.58
1045,273,6,2024-03-07,Online,66.7
1046,638,6,2024-11-03,Online,162.48
1047,23,6,2025-10-28,Online,198.97
1048,1062,1,2024-10-08,Store,198.55
1049,1792,3,2024-09-11,Store,97.25
1050,574,3,2025-06-15,Store,47.18
1051,1856,1,2024-02-09,Store,84.24
1052,716,6,2025-11-07,Online,42.1
1053,1168,5,2024-06-10,Store,106.3
1054,1498,6,2025-06-15,Online,326.78
1055,1277,3,2024-04-22,Store,143.09
1056,988,4,2025-02-17,Store,345.14
1057,1063,6,2024-11-24,Online,115.02
1058,724,3,2024-01-30,Store,501.28
1059,485,1,2024-02-17,Store,447.86
1060,947,6,2024-06-22,Online,92.74
1061,1142,6,2024-08-16,Online,501.24
1062,698,2,2024-04-25,Store,302.63
1063,1371,4,2025-09-09,Store,267.15
1064,991,5,2024-09-20,Store,180.83
1065,1460,1,2025-01-09,Store,388.39
1066,1502,3,2024-08-12,Store,162.39
1067,22,6,2025-11-06,Online,180.29
1068,1574,1,2025-02-17,Store,102.53
1069,747,6,2024-09-12,Online,118.14
1070,1275,6,2025-11-06,Online,131.68
1071,444,6,2025-04-18,Online,207.06
1072,352,2,2024-09-30,Store,225.11
1073,852,4,2025-11-08,Store,225.92
1074,906,1,2024-02-05,Store,274.09
1075,171,1,2024-07-21,Store,401.46
1076,1309,2,2025-02-10,Store,50.23
1077,894,6,2025-05-10,Online,458.79
1078,574,6,2025-02-19,Online,115.68
1079,21,6,2025-09-28,Online,36.36
1080,910,2,2024-10-13,Store,155.66
1081,1921,5,2024-07-09,Store,223.06
1082,895,2,2025-05-14,Store,108.89
1083,1098,2,2024-12-16,Store,433.16
1084,1142,2,2025-03-12,Store,386.52
1085,1800,3,2024-08-20,Store,410.06
1086,100,5,2024-12-21,Store,79.89
1087,1142,5,2024-03-25,Store,764.61
1088,1842,6,2025-06-07,Online,97.14
1089,38,6,2024-08-15,Online,352.82
1090,1348,6,2025-06-22,Online,255.23
1091,91,6,2025-06-21,Online,90.2
1092,1939,6,2025-07-06,Online,313.56
1093,1780,4,2025-06-27,Store,105.26
1094,620,6,2025-10-11,Online,204.17
1095,833,6,2025-07-07,Online,511.21
1096,651,4,2025-02-14,Store,75.15
1097,1794,2,2025-03-07,Store,515.28
1098,1581,3,2024-01-01,Store,306.48
1099,450,3,2025-11-15,Store,459.72
1100,1271,6,2025-09-19,Online,175.64
1101,1502,3,2024-05-23,Store,185.72
1102,1070,1,2024-09-05,Store,74.91
1103,1108,6,2025-03-05,Online,25.01
1104,274,1,2024-12-24,Store,305.4
1105,888,4,2024-10-09,Store,167.82
1106,584,5,2025-08-22,Store,257.81
1107,452,2,2024-12-01,Store,70.7
1108,695,6,2024-11-14,Online,198.39
1109,1488,3,2024-08-25,Store,200.52
1110,432,6,2025-09-16,Online,93.96
1111,1866,1,2024-12-15,Store,589.35
1112,1510,4,2024-09-18,Store,21.91
1113,904,4,2025-08-22,Store,84.2
1114,664,6,2025-05-13,Online,212.38
1115,1051,5,2025-09-09,Store,484.34
1116,646,1,2025-12-19,Store,82.98
1117,1666,4,2024-10-13,Store,630.22
1118,1666,6,2024-12-02,Online,246.7
1119,651,4,2024-12-31,Store,41.29
1120,1075,4,2025-05-12,Store,104.51
1121,1574,2,2024-09-29,Store,61.26
1122,631,6,2025-12-26,Online,27.52
1123,1639,6,2025-08-02,Online,97.25
1124,402,3,2025-11-14,Store,106.3
1125,7,2,2025-08-27,Store,222.47
1126,1381,6,2024-09-01,Online,53.36
1127,151,6,2025-09-10,Online,136.68
1128,1589,6,2024-02-10,Online,210.52
1129,1478,4,2025-04-16,Store,391.27
1130,1928,3,2025-10-05,Store,444.49
1131,948,6,2024-08-09,Online,416.01
1132,1716,1,2024-04-11,Store,19.86
1133,1446,6,2024-01-30,Online,190.24
1134,1545,5,2024-09-11,Store,68.02
1135,30,1,2024-11-28,Store,335.67
1136,63,6,2024-09-26,Online,114.65
1137,182,3,2025-07-14,Store,414.76
1138,235,1,2024-06-25,Store,355.84
1139,172,1,2024-08-21,Store,38.0
1140,625,6,2024-04-02,Online,194.87
1141,767,3,2024-07-09,Store,229.0
1142,1045,2,2025-05-12,Store,254.4
1143,1642,1,2025-01-05,Store,487.04
1144,108,4,2024-04-24,Store,68.19
1145,1345,3,2025-06-02,Store,305.22
1146,1622,6,2025-09-25,Online,205.36
1147,811,1,2025-09-04,Store,301.14
1148,13,1,2024-12-14,Store,432.43
1149,313,6,2024-04-16,Online,666.26
1150,1665,4,2025-09-20,Store,192.67
1151,106,2,2025-03-29,Store,390.9
1152,1617,5,2024-01-27,Store,85.34
1153,1542,2,2024-08-12,Store,159.15
1154,958,4,2025-10-25,Store,296.8
1155,338,6,2025-09-18,Online,37.81
1156,647,5,2025-07-23,Store,198.45
1157,328,2,2025-06-15,Store,380.07
1158,990,2,2025-01-31,Store,235.42
1159,1986,2,2024-09-26,Store,88.88
1160,1238,5,2024-08-28,Store,131.41
1161,1891,2,2025-12-10,Store,68.02
1162,748,4,2025-12-20,Store,21.91
1163,1263,5,2024-05-11,Store,198.0
1164,1438,6,2025-06-03,Online,98.7
1165,1536,3,2025-09-10,Store,159.15
1166,260,2,2025-12-19,Store,324.75
1167,602,3,2025-04-21,Store,282.6
1168,1308,6,2025-04-16,Online,250.95
1169,1587,2,2024-06-24,Store,50.25
1170,735,4,2025-10-27,Store,73.76
1171,987,4,2025-12-24,Store,52.19
1172,1117,6,2024-03-07,Online,508.55
1173,773,6,2025-09-04,Online,220.18
1174,644,1,2024-05-16,Store,350.28
1175,958,1,2024-12-04,Store,282.6
1176,735,2,2025-06-04,Store,282.37
1177,823,3,2024-11-18,Store,384.99
1178,1901,6,2024-03-13,Online,228.63
1179,1905,5,2024-07-18,Store,96.2
1180,272,6,2024-07-02,Online,668.28
1181,819,5,2024-12-05,Store,342.0
1182,828,3,2025-08-10,Store,295.96
1183,1446,3,2025-01-25,Store,293.79
1184,381,6,2024-04-08,Online,85.02
1185,400,3,2025-03-16,Store,108.93
1186,83,6,2024-08-20,Online,48.57
1187,311,5,2024-03-24,Store,139.44
1188,10,1,2025-06-20,Store,191.98
1189,1312,6,2024-03-03,Online,226.87
1190,1664,1,2025-06-25,Store,69.72
1191,282,4,2024-11-09,Store,181.86
1192,219,6,2025-07-30,Online,159.15
1193,1154,1,2024-06-25,Store,110.24
1194,80,6,2024-07-05,Online,232.29
1195,1295,5,2025-11-30,Store,389.51
1196,1732,6,2025-12-24,Online,387.64
1197,1559,4,2025-03-31,Store,108.5
1198,380,3,2025-07-04,Store,362.61
1199,833,1,2024-10-25,Store,23.55
1200,156,4,2025-08-27,Store,223.5
1201,1841,6,2025-09-09,Online,50.25
1202,1138,4,2024-12-11,Store,146.2
1203,1387,6,2025-04-03,Online,301.4
1204,444,6,2024-05-24,Online,187.92
1205,1864,4,2024-07-11,Store,131.81
1206,355,6,2025-05-06,Online,893.69
1207,1195,2,2024-04-11,Store,639.52
1208,1466,1,2025-07-30,Store,201.25
1209,1717,1,2024-07-24,Store,104.13
1210,1751,6,2024-07-21,Online,114.63
1211,671,1,2025-02-17,Store,111.49
1212,370,5,2024-01-25,Store,51.13
1213,1962,3,2025-05-10,Store,377.29
1214,1016,2,2024-10-21,Store,143.31
1215,1819,5,2024-02-12,Store,97.53
1216,1490,6,2025-08-24,Online,126.62
1217,1869,2,2024-11-17,Store,269.24
1218,725,5,2024-11-06,Store,101.23
1219,623,3,2025-07-04,Store,87.54
1220,1165,4,2025-03-20,Store,151.73
1221,670,6,2025-01-14,Online,101.89
1222,390,5,2025-04-13,Store,305.87
1223,1973,4,2024-07-27,Store,111.89
1224,449,3,2025-09-19,Store,330.27
1225,1405,6,2024-07-29,Online,527.03
1226,1287,6,2025-11-06,Online,573.41
1227,1794,2,2024-08-21,Store,84.24
1228,937,2,2024-02-15,Store,101.8
1229,1903,4,2025-09-28,Store,248.39
1230,831,5,2025-08-07,Store,106.6
1231,35,1,2025-10-31,Store,104.19
1232,881,5,2025-03-01,Store,284.62
1233,1886,4,2025-05-14,Store,99.25
1234,225,5,2025-12-13,Store,209.47
1235,520,1,2024-03-13,Store,244.62
1236,1241,5,2025-05-15,Store,111.89
1237,1774,6,2024-06-20,Online,391.32
1238,1193,6,2025-02-11,Online,108.5
1239,98,4,2025-08-06,Store,76.0
1240,1508,2,2025-02-08,Store,693.3
1241,473,2,2025-05-24,Store,99.25
1242,415,3,2024-02-06,Store,92.74
1243,139,1,2024-08-22,Store,104.52
1244,648,1,2024-03-26,Store,228.76
1245,586,5,2025-09-22,Store,106.72
1246,1389,3,2025-03-28,Store,137.86
1247,703,3,2024-07-12,Store,222.43
1248,517,3,2024-01-15,Store,753.97
1249,1278,6,2024-12-24,Online,200.76
1250,1103,2,2024-02-27,Store,123.75
1251,1543,2,2024-10-25,Store,148.03
1252,1005,1,2024-12-09,Store,329.14
1253,1190,3,2024-03-12,Store,161.02
1254,562,1,2025-07-14,Store,29.93
1255,1878,3,2025-02-23,Store,306.71
1256,1934,1,2024-11-25,Store,48.07
1257,933,6,2024-04-16,Online,99.35
1258,1037,1,2024-02-29,Store,426.25
1259,1999,4,2025-10-05,Store,38.0
1260,825,6,2024-01-21,Online,223.92
1261,1667,4,2025-10-22,Store,104.19
1262,542,3,2025-01-31,Store,131.14
1263,764,3,2025-11-30,Store,104.13
1264,948,6,2025-10-13,Online,141.06
1265,626,3,2024-06-05,Store,231.36
1266,1184,4,2024-08-17,Store,90.2
1267,1099,2,2024-06-27,Store,411.13
1268,900,2,2025-03-18,Store,261.28
1269,180,6,2025-07-08,Online,426.98
1270,981,5,2024-08-01,Store,339.33
1271,1657,3,2025-03-30,Store,220.57
1272,656,4,2025-06-26,Store,68.19
1273,86,6,2024-07-14,Online,682.68
1274,14,1,2025-04-19,Store,136.22
1275,1632,6,2025-10-21,Online,101.79
1276,1349,6,2025-04-26,Online,110.24
1277,411,4,2024-11-03,Store,358.25
1278,322,6,2024-07-23,Online,53.36
1279,620,1,2024-06-09,Store,189.48
1280,665,3,2025-03-29,Store,94.04
1281,1643,4,2025-08-04,Store,496.5
1282,1545,2,2025-07-30,Store,246.29
1283,1708,6,2024-07-21,Online,122.66
1284,222,6,2024-09-08,Online,568.4
1285,241,5,2025-09-19,Store,253.02
1286,1586,2,2024-04-09,Store,115.44
1287,798,6,2024-02-24,Online,79.89
1288,450,2,2024-12-31,Store,88.88
1289,52,6,2024-08-06,Online,97.25
1290,989,6,2025-09-30,Online,398.9
1291,1727,2,2025-12-21,Store,66.92
1292,280,6,2025-07-29,Online,246.7
1293,1744,2,2024-06-16,Store,77.71
1294,858,4,2025-07-29,Store,603.21
1295,370,3,2025-12-07,Store,598.7
1296,3,6,2025-03-31,Online,122.66
1297,1323,6,2025-01-25,Online,47.02
1298,1258,6,2024-01-21,Online,385.5
1299,1170,4,2025-03-27,Store,286.75
1300,904,5,2025-05-18,Store,436.81
1301,396,5,2025-01-13,Store,104.13
1302,1389,5,2024-11-03,Store,519.12
1303,1038,2,2025-10-11,Store,55.04
1304,130,5,2024-03-26,Store,323.88
1305,970,5,2025-05-21,Store,178.24
1306,982,6,2025-03-03,Online,330.15
1307,982,2,2024-01-25,Store,150.69
1308,634,4,2024-02-23,Store,294.72
1309,1295,1,2025-03-19,Store,94.49
1310,490,4,2025-11-03,Store,50.23
1311,57,4,2025-07-18,Store,271.84
1312,130,6,2025-08-10,Online,48.57
1313,1677,4,2025-04-26,Store,110.09
1314,1431,4,2025-11-19,Store,47.18
1315,568,3,2025-01-10,Store,334.83
1316,453,1,2024-12-16,Store,136.68
1317,1780,5,2024-09-24,Store,211.88
1318,1638,6,2025-04-05,Online,320.76
1319,1808,6,2025-06-05,Online,449.05
1320,78,1,2024-09-05,Store,30.63
1321,1389,5,2024-06-06,Store,279.71
1322,1293,4,2024-03-18,Store,69.72
1323,243,1,2024-12-15,Store,415.2
1324,1612,6,2025-04-16,Online,159.3
1325,1999,5,2025-09-19,Store,99.4
1326,360,2,2024-07-23,Store,582.14
1327,257,2,2024-04-03,Store,39.72
1328,524,2,2024-08-26,Store,228.0
1329,276,6,2025-01-31,Online,167.08
1330,1325,1,2025-05-02,Store,267.6
1331,860,2,2025-04-25,Store,102.12
1332,491,3,2024-03-03,Store,91.23
1333,357,5,2024-03-22,Store,51.08
1334,1273,1,2024-05-27,Store,194.74
1335,281,2,2024-03-18,Store,40.64
1336,17,3,2024-08-21,Store,89.03
1337,242,3,2025-08-29,Store,111.49
1338,152,5,2025-10-17,Store,95.99
1339,805,6,2024-12-19,Online,135.38
1340,1263,3,2024-06-14,Store,43.25
1341,128,6,2024-12-18,Online,307.05
1342,826,1,2025-11-21,Store,168.91
1343,1872,1,2024-03-31,Store,361.66
1344,1766,4,2025-01-05,Store,445.23
1345,1405,3,2025-08-05,Store,247.5
1346,1008,4,2025-04-06,Store,231.36
1347,1287,6,2025-01-14,Online,202.46
1348,1912,1,2024-11-16,Store,190.77
1349,1940,3,2024-06-23,Store,153.24
1350,1175,5,2025-04-21,Store,437.69
1351,266,2,2025-02-16,Store,271.06
1352,347,6,2025-04-08,Online,229.26
1353,958,1,2025-01-29,Store,92.74
1354,329,5,2024-05-22,Store,332.28
1355,537,6,2024-06-01,Online,73.76
1356,1002,6,2025-11-08,Online,522.47
1357,57,1,2024-01-17,Store,104.51
1358,414,5,2024-12-11,Store,93.96
1359,457,1,2024-06-11,Store,150.69
1360,609,5,2025-07-16,Store,95.99
1361,1655,2,2025-09-13,Store,177.15
1362,384,2,2024-06-12,Store,82.98
1363,1774,1,2024-12-27,Store,436.18
1364,301,5,2024-08-28,Store,303.63
1365,842,2,2025-05-17,Store,44.74
1366,1120,5,2024-06-11,Store,49.84
1367,1531,3,2025-09-25,Store,74.91
1368,1205,4,2024-05-12,Store,164.84
1369,331,1,2025-12-06,Store,93.12
1370,971,6,2024-03-05,Online,69.78
1371,604,4,2024-09-09,Store,50.25
1372,388,5,2024-08-27,Store,561.47
1373,98,5,2025-05-02,Store,173.34
1374,1374,3,2024-12-05,Store,568.05
1375,1297,4,2025-10-09,Store,677.6
1376,695,2,2025-09-16,Store,203.6
1377,1584,1,2025-05-15,Store,383.29
1378,458,3,2024-04-07,Store,111.89
1379,396,6,2024-11-25,Online,82.98
1380,1348,4,2025-09-09,Store,560.44
1381,481,2,2025-02-02,Store,276.37
1382,1140,6,2024-05-26,Online,69.3
1383,1839,5,2025-04-30,Store,131.41
1384,307,6,2024-12-01,Online,135.92
1385,347,3,2025-07-29,Store,114.0
1386,1159,6,2024-11-23,Online,104.13
1387,232,5,2025-07-03,Store,100.46
1388,82,3,2024-07-11,Store,673.34
1389,413,3,2024-07-18,Store,165.47
1390,959,6,2025-01-20,Online,75.62
1391,1827,6,2024-01-12,Online,105.94
1392,1578,6,2024-10-30,Online,72.73
1393,1614,2,2025-03-07,Store,69.72
1394,702,1,2024-05-31,Store,56.23
1395,705,1,2024-06-09,Store,163.45
1396,974,1,2024-10-07,Store,115.68
1397,878,2,2025-09-13,Store,42.67
1398,1879,5,2024-05-11,Store,72.73
1399,914,2,2024-02-23,Store,179.78
1400,1637,1,2025-01-19,Store,209.83
1401,615,5,2025-02-09,Store,72.73
1402,1512,4,2024-02-05,Store,247.31
1403,1185,6,2024-02-10,Online,433.9
1404,1666,6,2024-03-06,Online,281.18
1405,927,3,2025-12-31,Store,198.52
1406,1862,1,2024-12-31,Store,49.84
1407,1416,4,2024-03-12,Store,81.24
1408,131,5,2025-06-21,Store,62.08
1409,1728,3,2025-12-12,Store,99.4
1410,638,5,2024-07-31,Store,108.5
1411,1574,3,2024-09-24,Store,122.66
1412,606,6,2025-11-30,Online,118.35
1413,160,4,2024-08-18,Store,104.51
1414,1734,1,2024-08-26,Store,417.95
1415,1398,1,2025-01-31,Store,153.23
1416,1708,2,2024-10-23,Store,30.63
1417,468,6,2025-12-14,Online,29.93
1418,746,2,2024-07-23,Store,84.83
1419,1194,4,2024-01-08,Store,110.24
1420,345,2,2025-01-11,Store,141.56
1421,1381,2,2024-06-04,Store,533.71
1422,1243,5,2024-10-15,Store,113.47
1423,477,6,2025-02-01,Online,20.32
1424,133,6,2025-09-14,Online,63.47
1425,232,4,2024-09-23,Store,118.14
1426,627,6,2025-04-07,Online,52.19
1427,1678,2,2025-10-29,Store,264.07
1428,759,2,2024-04-25,Store,99.4
1429,243,6,2024-07-29,Online,60.62
1430,716,5,2024-11-01,Store,418.31
1431,647,6,2025-01-04,Online,20.32
1432,1220,3,2024-08-23,Store,339.79
1433,731,6,2025-06-07,Online,66.92
1434,171,1,2024-07-04,Store,377.79
1435,457,4,2024-12-01,Store,112.19
1436,1604,3,2024-06-18,Store,462.25
1437,515,3,2025-11-14,Store,248.95
1438,1553,2,2024-02-01,Store,347.19
1439,1490,1,2024-01-01,Store,56.23
1440,1982,1,2025-08-04,Store,113.47
1441,1574,2,2025-10-23,Store,49.7
1442,1840,3,2025-01-16,Store,77.71
1443,1412,6,2024-01-23,Online,105.94
1444,149,5,2024-05-02,Store,97.53
1445,265,3,2024-07-28,Store,114.63
1446,1014,3,2025-11-29,Store,691.55
1447,1235,6,2024-06-27,Online,167.82
1448,46,3,2024-08-28,Store,231.36
1449,672,2,2025-12-12,Store,372.44
1450,1418,1,2025-05-06,Store,39.66
1451,1257,2,2024-08-08,Store,45.93
1452,1215,3,2024-01-31,Store,111.53
1453,1019,2,2025-04-21,Store,126.36
1454,1577,4,2025-08-13,Store,525.09
1455,660,5,2025-12-27,Store,85.02
1456,1683,6,2024-09-30,Online,36.36
1457,1063,6,2024-07-11,Online,53.36
1458,849,1,2024-01-02,Store,502.1
1459,648,3,2025-12-20,Store,118.14
1460,1545,4,2024-02-18,Store,49.84
1461,510,6,2025-01-11,Online,108.5
1462,1501,6,2024-06-16,Online,255.06
1463,1405,2,2025-07-18,Store,201.31
1464,371,6,2025-02-20,Online,45.93
1465,1017,5,2025-04-23,Store,719.82
1466,1747,6,2025-11-22,Online,143.99
1467,1943,6,2025-09-08,Online,156.36
1468,1034,5,2025-01-02,Store,192.73
1469,512,6,2025-11-27,Online,111.53
1470,34,1,2025-06-02,Store,194.34
1471,1332,3,2025-10-09,Store,370.1
1472,868,3,2024-07-29,Store,542.69
1473,1350,3,2025-05-28,Store,136.7
1474,1485,2,2024-09-17,Store,259.94
1475,224,6,2025-12-27,Online,104.05
1476,977,3,2025-01-17,Store,253.49
1477,165,2,2025-02-06,Store,24.92
1478,1513,2,2025-02-21,Store,155.93
1479,406,3,2025-10-21,Store,61.58
1480,1832,1,2024-07-11,Store,205.58
1481,1559,3,2024-04-20,Store,296.28
1482,358,3,2025-12-12,Store,276.05
1483,463,3,2024-04-08,Store,362.33
1484,920,5,2025-11-27,Store,90.43
1485,257,1,2024-05-01,Store,89.12
1486,251,2,2025-02-16,Store,53.36
1487,94,6,2024-12-17,Online,111.89
1488,468,5,2025-03-14,Store,286.94
1489,834,5,2025-08-30,Store,160.16
1490,790,6,2024-02-02,Online,43.77
1491,482,5,2024-09-18,Store,372.2
1492,1064,3,2025-07-05,Store,169.08
1493,1931,2,2024-12-25,Store,249.49
1494,1311,6,2025-05-14,Online,144.55
1495,1145,4,2024-04-04,Store,85.34
1496,597,2,2025-10-08,Store,248.42
1497,1196,4,2025-04-25,Store,77.95
1498,145,6,2025-12-21,Online,203.31
1499,1249,2,2024-05-11,Store,221.77
1500,1896,5,2025-06-02,Store,56.41
1501,596,6,2025-04-19,Online,107.96
1502,1407,6,2025-07-02,Online,255.96
1503,155,5,2025-12-15,Store,127.59
1504,1184,3,2024-06-15,Store,167.82
1505,1770,4,2025-03-12,Store,89.12
1506,770,6,2024-03-19,Online,114.63
1507,597,5,2024-01-06,Store,208.38
1508,1512,6,2025-10-31,Online,452.47
1509,1638,5,2024-12-14,Store,364.53
1510,631,1,2025-12-18,Store,29.93
1511,1569,3,2024-05-15,Store,553.69
1512,538,2,2025-03-24,Store,360.58
1513,1280,6,2025-03-16,Online,19.86
1514,1670,5,2025-12-11,Store,136.68
1515,1073,5,2025-03-04,Store,69.78
1516,1294,4,2025-07-24,Store,152.12
1517,283,4,2025-11-11,Store,34.01
1518,624,6,2024-09-06,Online,459.92
1519,1284,2,2025-08-07,Store,94.49
1520,671,1,2025-11-06,Store,65.57
1521,442,6,2024-03-09,Online,482.43
1522,720,1,2024-07-26,Store,78.32
1523,1147,6,2025-12-19,Online,74.91
1524,276,2,2025-06-06,Store,198.75
1525,344,4,2025-08-22,Store,273.8
1526,454,1,2024-11-23,Store,513.2
1527,916,3,2025-05-01,Store,30.79
1528,710,2,2024-06-25,Store,66.0
1529,1036,1,2025-07-08,Store,33.34
1530,117,1,2025-06-06,Store,203.58
1531,635,3,2025-05-04,Store,380.02
1532,1674,4,2024-09-09,Store,116.63
1533,540,4,2024-08-18,Store,399.03
1534,1490,6,2024-11-24,Online,111.76
1535,994,6,2025-01-17,Online,31.04
1536,774,4,2024-08-18,Store,236.83
1537,1091,1,2025-06-05,Store,357.87
1538,178,1,2025-09-05,Store,135.82
1539,961,4,2025-09-06,Store,42.67
1540,1044,6,2024-03-27,Online,100.12
1541,338,1,2024-02-10,Store,77.95
1542,300,2,2025-04-20,Store,391.51
1543,1233,6,2025-07-02,Online,445.93
1544,881,2,2025-04-26,Store,359.9
1545,1467,4,2025-12-05,Store,147.36
1546,427,5,2025-09-05,Store,117.89
1547,1344,5,2024-04-03,Store,231.12
1548,1294,6,2025-09-23,Online,171.1
1549,1685,4,2024-10-04,Store,285.67
1550,333,1,2024-11-27,Store,282.32
1551,1880,5,2024-12-09,Store,196.46
1552,1712,3,2025-03-10,Store,237.91
1553,19,2,2024-05-22,Store,227.78
1554,41,2,2025-12-30,Store,212.36
1555,1169,5,2025-08-18,Store,235.43
1556,723,5,2024-10-25,Store,209.26
1557,358,1,2024-12-11,Store,56.25
1558,1121,6,2025-05-23,Online,44.74
1559,1200,5,2024-10-04,Store,318.53
1560,916,4,2024-03-14,Store,212.1
1561,1127,5,2025-07-17,Store,857.35
1562,68,1,2025-04-10,Store,391.32
1563,1939,3,2025-03-06,Store,36.36
1564,1904,5,2025-03-13,Store,299.75
1565,1653,6,2025-03-23,Online,34.01
1566,1889,6,2024-07-04,Online,361.66
1567,1658,2,2024-02-25,Store,33.34
1568,1252,3,2024-04-20,Store,195.15
1569,1659,5,2025-12-04,Store,42.12
1570,1098,6,2025-11-07,Online,204.33
1571,772,2,2025-10-01,Store,226.55
1572,1481,2,2024-08-13,Store,140.2
1573,858,1,2024-08-30,Store,102.12
1574,1508,4,2024-11-20,Store,160.79
1575,126,6,2025-01-27,Online,110.09
1576,58,6,2024-06-13,Online,40.64
1577,138,6,2024-10-03,Online,214.02
1578,914,5,2024-09-04,Store,77.71
1579,1783,6,2024-06-26,Online,195.81
1580,205,6,2025-03-21,Online,273.15
1581,1872,4,2024-08-06,Store,132.0
1582,496,4,2025-02-22,Store,162.19
1583,790,5,2025-01-28,Store,510.46
1584,382,6,2024-07-29,Online,317.66
1585,34,3,2024-11-25,Store,50.23
1586,1250,3,2025-02-01,Store,295.69
1587,1281,3,2025-09-07,Store,237.58
1588,104,5,2024-08-11,Store,141.3
1589,1193,3,2024-09-11,Store,192.67
1590,591,1,2025-04-25,Store,374.89
1591,457,6,2025-12-31,Online,253.58
1592,1123,4,2025-05-17,Store,88.88
1593,1680,6,2025-03-10,Online,98.76
1594,1002,2,2024-08-22,Store,335.67
1595,1350,3,2024-09-23,Store,99.26
1596,1287,5,2025-08-22,Store,283.81
1597,991,4,2024-02-07,Store,459.53
1598,175,6,2024-04-04,Online,165.98
1599,538,4,2025-06-21,Store,254.79
1600,570,1,2024-10-12,Store,241.86
1601,638,4,2024-03-09,Store,113.16
1602,1765,5,2024-02-23,Store,366.82
1603,1758,4,2024-06-29,Store,66.0
1604,1221,6,2025-03-09,Online,523.28
1605,1822,5,2024-04-13,Store,335.42
1606,727,2,2025-06-30,Store,47.02
1607,1896,3,2025-01-12,Store,204.61
1608,587,2,2024-09-08,Store,180.26
1609,930,6,2024-10-05,Online,202.45
1610,1344,6,2024-02-28,Online,44.74
1611,1292,5,2025-04-25,Store,47.63
1612,1882,6,2025-09-15,Online,212.54
1613,316,2,2024-06-28,Store,303.59
1614,468,6,2025-09-12,Online,169.33
1615,991,5,2024-01-01,Store,111.89
1616,70,6,2025-05-16,Online,158.54
1617,1464,5,2025-02-17,Store,230.1
1618,905,1,2025-09-12,Store,691.58
1619,704,4,2024-06-19,Store,231.44
1620,626,5,2024-07-30,Store,212.1
1621,1134,2,2024-11-01,Store,149.1
1622,1612,5,2025-01-26,Store,89.12
1623,110,5,2024-11-18,Store,273.36
1624,1480,6,2024-08-08,Online,85.02
1625,774,2,2024-05-30,Store,135.53
1626,578,3,2024-05-23,Store,207.38
1627,433,2,2024-01-17,Store,508.49
1628,1238,1,2025-12-30,Store,300.24
1629,1417,5,2024-05-29,Store,271.79
1630,895,6,2025-04-21,Online,212.93
1631,1893,6,2024-10-28,Online,135.82
1632,1102,5,2025-05-03,Store,342.0
1633,130,6,2025-05-05,Online,90.9
1634,1072,1,2024-11-13,Store,348.67
1635,1692,6,2025-12-29,Online,222.96
1636,1235,2,2025-10-07,Store,157.02
1637,576,5,2025-09-19,Store,39.66
1638,1294,3,2024-10-18,Store,84.24
1639,553,5,2025-08-22,Store,37.81
1640,1989,2,2025-05-14,Store,111.53
1641,965,4,2025-11-13,Store,140.61
1642,786,3,2024-03-09,Store,589.67
1643,274,4,2025-10-12,Store,135.32
1644,1844,6,2024-07-20,Online,136.68
1645,1626,6,2025-02-07,Online,107.96
1646,1642,2,2024-01-13,Store,350.53
1647,580,5,2024-06-04,Store,115.02
1648,760,6,2024-08-03,Online,43.25
1649,1956,6,2024-02-08,Online,48.07
1650,654,1,2024-03-08,Store,100.05
1651,82,6,2024-06-18,Online,245.89
1652,344,6,2024-12-16,Online,356.14
1653,372,1,2024-09-21,Store,413.96
1654,1136,3,2024-12-04,Store,249.04
1655,410,3,2025-11-29,Store,370.32
1656,1877,1,2024-09-08,Store,36.36
1657,1384,5,2025-05-09,Store,363.99
1658,62,5,2024-11-03,Store,76.0
1659,1984,3,2025-02-18,Store,29.93
1660,631,6,2024-09-20,Online,30.63
1661,1236,1,2024-08-16,Store,441.56
1662,1234,3,2024-06-05,Store,334.21
1663,1195,4,2025-02-13,Store,69.78
1664,501,6,2024-03-24,Online,98.76
1665,1580,5,2025-11-09,Store,104.52
1666,1758,2,2024-02-28,Store,85.34
1667,1033,2,2024-06-06,Store,307.59
1668,1931,6,2024-12-07,Online,510.83
1669,403,6,2025-05-18,Online,313.64
1670,1758,1,2024-08-28,Store,30.63
1671,1603,6,2024-06-17,Online,159.15
1672,1648,3,2025-08-30,Store,77.71
1673,436,4,2024-03-25,Store,126.94
1674,248,6,2024-06-02,Online,214.26
1675,674,6,2025-12-15,Online,451.17
1676,634,1,2024-06-30,Store,61.05
1677,455,6,2025-01-10,Online,126.11
1678,814,4,2025-11-13,Store,145.41
1679,438,1,2024-12-04,Store,209.34
1680,528,5,2024-03-25,Store,506.05
1681,1835,5,2025-02-04,Store,261.99
1682,912,2,2025-06-22,Store,49.84
1683,378,2,2024-05-21,Store,47.63
1684,1891,6,2024-09-23,Online,147.38
1685,1970,6,2025-06-11,Online,33.35
1686,542,3,2025-12-06,Store,115.68
1687,1107,4,2024-12-12,Store,367.88
1688,1580,6,2025-01-02,Online,264.55
1689,859,6,2024-08-28,Online,450.05
1690,1964,5,2024-08-03,Store,108.7
1691,1409,6,2024-06-07,Online,65.84
1692,594,6,2024-04-30,Online,102.03
1693,788,2,2024-05-09,Store,91.23
1694,401,6,2024-12-06,Online,221.74
1695,871,6,2025-03-21,Online,169.23
1696,779,6,2025-11-15,Online,276.34
1697,962,1,2024-08-02,Store,347.49
1698,859,3,2024-12-19,Store,131.41
1699,408,1,2024-09-15,Store,99.4
1700,677,1,2025-04-19,Store,156.93
1701,263,3,2024-11-27,Store,334.16
1702,1656,6,2025-12-25,Online,85.02
1703,489,6,2025-08-03,Online,309.29
1704,1734,1,2024-09-13,Store,180.29
1705,1174,4,2024-12-08,Store,66.68
1706,1431,5,2024-09-02,Store,110.05
1707,219,5,2024-07-26,Store,222.9
1708,454,5,2025-10-08,Store,21.91
1709,132,2,2025-09-21,Store,30.63
1710,611,3,2025-05-09,Store,354.3
1711,380,1,2024-05-31,Store,114.63
1712,588,5,2025-06-01,Store,34.65
1713,1815,5,2025-06-25,Store,269.64
1714,125,6,2024-02-10,Online,141.4
1715,1277,6,2025-07-14,Online,278.22
1716,744,6,2025-04-12,Online,167.71
1717,751,2,2025-02-21,Store,313.65
1718,446,6,2025-03-03,Online,359.31
1719,412,3,2024-11-18,Store,299.68
1720,881,2,2024-02-09,Store,201.63
1721,406,3,2024-01-05,Store,395.8
1722,832,6,2025-04-05,Online,56.25
1723,116,4,2024-02-18,Store,567.46
1724,1172,2,2025-03-02,Store,198.5
1725,429,5,2025-10-17,Store,243.49
1726,458,3,2025-05-23,Store,289.55
1727,1131,6,2024-08-28,Online,328.42
1728,1195,6,2025-11-02,Online,114.63
1729,737,5,2024-03-22,Store,56.25
1730,236,3,2025-05-06,Store,90.9
1731,1170,5,2024-09-21,Store,89.03
1732,1698,5,2024-09-20,Store,367.98
1733,745,5,2024-07-27,Store,170.35
1734,1651,3,2024-10-22,Store,92.74
1735,433,5,2025-07-15,Store,170.98
1736,807,5,2024-05-04,Store,305.58
1737,116,6,2024-10-03,Online,488.15
1738,1811,2,2025-07-01,Store,126.68
1739,930,6,2025-11-15,Online,190.17
1740,211,6,2024-04-04,Online,42.12
1741,821,4,2024-07-12,Store,270.49
1742,1917,6,2025-09-27,Online,328.48
1743,1766,3,2024-05-29,Store,101.79
1744,1002,1,2025-12-07,Store,343.89
1745,1029,3,2025-10-08,Store,70.7
1746,763,6,2025-02-02,Online,355.28
1747,947,6,2025-02-16,Online,90.2
1748,1355,6,2025-10-14,Online,24.92
1749,897,5,2024-08-20,Store,462.83
1750,1064,1,2025-04-13,Store,167.08
1751,1646,5,2024-07-22,Store,179.61
1752,1409,4,2024-01-18,Store,570.93
1753,1966,3,2024-11-18,Store,234.07
1754,921,1,2025-07-28,Store,143.79
1755,1461,1,2025-07-18,Store,136.68
1756,157,6,2024-02-03,Online,116.65
1757,323,6,2025-07-03,Online,335.12
1758,513,6,2024-11-03,Online,425.94
1759,1953,6,2025-01-23,Online,884.19
1760,296,3,2025-01-07,Store,94.49
1761,1091,2,2024-11-03,Store,53.36
1762,1065,1,2024-10-18,Store,270.64
1763,71,6,2024-05-20,Online,289.33
1764,1005,2,2024-04-07,Store,308.9
1765,1832,2,2025-08-19,Store,394.08
1766,1470,1,2025-07-17,Store,487.76
1767,1809,6,2025-12-08,Online,301.1
1768,409,6,2024-04-12,Online,239.08
1769,1620,6,2025-03-06,Online,27.52
1770,648,2,2024-02-23,Store,34.01
1771,733,3,2025-08-25,Store,141.76
1772,203,6,2024-02-13,Online,110.09
1773,1633,2,2025-07-08,Store,47.18
1774,1927,2,2025-07-28,Store,214.03
1775,1820,5,2025-08-05,Store,262.3
1776,1162,2,2025-04-26,Store,68.02
1777,275,5,2024-06-22,Store,274.39
1778,308,6,2024-09-01,Online,551.28
1779,1108,1,2024-07-11,Store,99.26
1780,571,5,2025-03-16,Store,70.88
1781,1430,1,2024-07-16,Store,379.6
1782,883,6,2025-02-25,Online,334.48
1783,55,3,2024-05-07,Store,174.66
1784,687,2,2024-01-02,Store,323.98
1785,310,4,2024-07-07,Store,483.72
1786,844,5,2025-12-29,Store,156.57
1787,419,6,2024-02-17,Online,145.56
1788,654,4,2024-08-11,Store,41.29
1789,1242,2,2024-01-03,Store,456.76
1790,775,4,2024-01-15,Store,101.23
1791,1161,4,2025-04-02,Store,222.98
1792,985,1,2024-05-06,Store,280.92
1793,1888,4,2025-11-27,Store,115.68
1794,1678,2,2025-10-12,Store,94.49
1795,1642,5,2024-07-11,Store,342.29
1796,1945,4,2024-10-07,Store,102.53
1797,81,6,2025-03-19,Online,92.74
1798,1205,6,2024-03-02,Online,156.82
1799,1688,6,2024-04-23,Online,304.07
1800,1997,2,2024-01-15,Store,72.72
1801,225,6,2024-03-07,Online,172.2
1802,1567,3,2025-04-05,Store,185.48
1803,1677,2,2025-05-03,Store,374.2
1804,945,1,2024-08-28,Store,476.24
1805,1189,1,2025-07-18,Store,431.14
1806,1124,5,2025-12-07,Store,271.64
1807,628,6,2025-06-12,Online,328.01
1808,1514,1,2025-08-03,Store,204.24
1809,651,4,2024-09-15,Store,587.54
1810,1803,5,2025-09-20,Store,423.93
1811,56,5,2025-10-04,Store,104.13
1812,743,6,2024-06-01,Online,280.02
1813,1438,3,2024-01-02,Store,108.5
1814,39,6,2024-11-09,Online,162.2
1815,1036,5,2024-10-05,Store,165.85
1816,1087,1,2025-09-08,Store,121.33
1817,1482,6,2025-10-01,Online,50.23
1818,1790,3,2024-02-16,Store,437.54
1819,1221,1,2025-05-19,Store,181.86
1820,735,6,2024-01-17,Online,362.28
1821,384,6,2024-08-24,Online,131.41
1822,1176,6,2025-04-23,Online,218.19
1823,343,3,2024-03-15,Store,306.36
1824,590,3,2025-07-15,Store,23.55
1825,1340,2,2024-08-07,Store,180.29
1826,720,3,2024-09-19,Store,77.71
1827,1636,3,2024-05-03,Store,461.98
1828,663,5,2024-08-30,Store,223.89
1829,250,5,2025-09-04,Store,115.25
1830,401,5,2024-02-15,Store,111.53
1831,1250,4,2024-06-20,Store,212.21
1832,24,6,2025-05-16,Online,365.84
1833,820,2,2024-03-31,Store,132.65
1834,861,3,2024-01-01,Store,122.66
1835,392,1,2024-12-31,Store,179.42
1836,1654,3,2024-04-09,Store,431.64
1837,1799,6,2024-08-27,Online,244.98
1838,1018,2,2024-08-02,Store,90.9
1839,1522,1,2024-03-03,Store,263.33
1840,1140,2,2024-04-30,Store,271.97
1841,1290,1,2024-11-02,Store,363.04
1842,1276,4,2024-06-11,Store,113.47
1843,1044,2,2025-01-18,Store,97.53
1844,402,4,2025-03-06,Store,205.06
1845,165,4,2024-08-04,Store,108.5
1846,834,1,2025-03-21,Store,247.5
1847,1194,6,2024-09-29,Online,316.54
1848,1430,4,2025-06-27,Store,560.94
1849,635,1,2024-12-03,Store,355.6
1850,1543,5,2025-08-03,Store,99.26
1851,690,1,2024-06-25,Store,362.04
1852,1147,1,2024-09-23,Store,432.32
1853,1932,4,2024-01-21,Store,107.96
1854,1349,6,2025-07-02,Online,180.29
1855,1954,2,2025-08-18,Store,52.19
1856,1224,2,2024-02-25,Store,228.0
1857,618,5,2024-04-25,Store,122.23
1858,14,2,2025-12-30,Store,143.08
1859,1134,1,2025-07-05,Store,116.41
1860,305,5,2025-09-13,Store,156.04
1861,288,6,2024-03-26,Online,108.7
1862,293,4,2024-09-22,Store,94.21
1863,624,4,2024-07-01,Store,115.02
1864,1575,6,2024-07-29,Online,50.1
1865,1639,5,2025-12-16,Store,154.2
1866,240,1,2024-03-14,Store,115.41
1867,515,5,2024-03-23,Store,215.66
1868,1598,4,2024-10-09,Store,402.83
1869,207,1,2025-11-11,Store,587.91
1870,856,2,2025-10-14,Store,194.29
1871,1831,6,2024-04-10,Online,76.0
1872,246,5,2025-10-25,Store,49.84
1873,575,1,2024-06-02,Store,313.4
1874,660,1,2024-10-23,Store,214.22
1875,799,6,2024-05-31,Online,163.01
1876,73,4,2025-05-17,Store,197.06
1877,1603,1,2024-10-22,Store,211.19
1878,519,4,2025-04-25,Store,63.47
1879,35,6,2024-01-27,Online,70.7
1880,468,5,2025-11-08,Store,79.89
1881,1655,4,2024-12-19,Store,209.76
1882,1780,6,2024-10-08,Online,207.26
1883,621,3,2024-08-29,Store,188.08
1884,1931,2,2025-06-07,Store,29.93
1885,188,6,2025-11-08,Online,113.07
1886,562,6,2024-06-23,Online,65.06
1887,1464,1,2024-02-10,Store,152.27
1888,1676,4,2025-02-24,Store,135.46
1889,1490,6,2024-12-29,Online,134.15
1890,108,6,2025-10-13,Online,415.29
1891,1504,6,2024-02-18,Online,302.14
1892,1686,3,2025-07-23,Store,341.72
1893,1081,5,2025-10-21,Store,287.97
1894,378,1,2025-05-25,Store,306.45
1895,1311,1,2024-07-11,Store,203.64
1896,523,2,2024-06-07,Store,191.21
1897,510,2,2025-11-25,Store,63.47
1898,227,6,2025-08-08,Online,177.92
1899,1880,4,2024-10-31,Store,66.92
1900,1063,3,2025-03-05,Store,213.74
1901,721,6,2025-06-25,Online,48.07
1902,961,5,2024-09-14,Store,91.86
1903,541,6,2025-02-03,Online,141.06
1904,301,2,2025-02-03,Store,189.42
1905,1557,2,2025-01-17,Store,289.73
1906,86,5,2025-02-16,Store,134.37
1907,1914,2,2025-07-10,Store,434.8
1908,849,5,2024-01-24,Store,153.18
1909,688,6,2024-10-13,Online,274.2
1910,1883,6,2024-01-24,Online,240.41
1911,1992,5,2025-07-23,Store,179.77
1912,1778,3,2024-10-09,Store,150.75
1913,605,3,2025-04-21,Store,257.69
1914,869,1,2024-12-14,Store,72.73
1915,975,2,2024-02-28,Store,778.56
1916,523,5,2024-12-29,Store,23.55
1917,270,2,2025-08-24,Store,89.48
1918,95,6,2025-02-08,Online,288.5
1919,1273,6,2024-04-02,Online,131.41
1920,1607,6,2025-06-22,Online,189.34
1921,1470,2,2024-05-06,Store,122.09
1922,294,5,2025-08-30,Store,27.52
1923,833,3,2025-05-19,Store,39.66
1924,1564,2,2024-11-26,Store,371.18
1925,1839,6,2024-03-26,Online,336.61
1926,336,6,2024-12-01,Online,585.74
1927,12,3,2025-06-21,Store,394.26
1928,1111,6,2024-01-31,Online,155.63
1929,481,2,2025-07-16,Store,111.49
1930,639,6,2024-01-14,Online,92.74
1931,978,5,2025-04-28,Store,227.34
1932,1377,3,2025-03-01,Store,446.06
1933,1170,4,2025-09-16,Store,235.28
1934,405,3,2024-11-14,Store,299.6
1935,510,2,2025-10-16,Store,141.67
1936,253,4,2024-08-19,Store,99.26
1937,1005,4,2024-12-17,Store,386.19
1938,942,6,2024-06-23,Online,386.6
1939,1169,6,2024-05-31,Online,99.26
1940,1510,6,2024-12-09,Online,23.55
1941,135,6,2024-09-18,Online,501.33
1942,781,6,2025-06-16,Online,451.4
1943,1522,2,2025-01-10,Store,124.27
1944,1215,1,2025-05-19,Store,400.07
1945,1261,3,2025-06-15,Store,76.09
1946,94,1,2024-01-19,Store,445.91
1947,1021,6,2024-07-27,Online,123.75
1948,1483,6,2024-01-28,Online,51.08
1949,560,6,2024-03-15,Online,50.02
1950,1621,3,2024-04-12,Store,434.33
1951,1375,1,2025-03-16,Store,104.71
1952,234,1,2025-05-12,Store,137.83
1953,396,6,2025-10-21,Online,530.41
1954,361,1,2024-10-24,Store,209.62
1955,907,1,2025-06-24,Store,622.04
1956,1661,1,2025-07-17,Store,94.79
1957,1224,6,2025-10-22,Online,198.52
1958,1150,6,2024-02-24,Online,36.73
1959,1411,3,2025-12-08,Store,158.62
1960,727,6,2025-01-12,Online,284.76
1961,1920,4,2024-01-17,Store,153.13
1962,245,3,2024-06-18,Store,56.41
1963,339,6,2025-08-09,Online,137.38
1964,1827,6,2025-08-09,Online,359.49
1965,690,2,2025-10-19,Store,266.6
1966,266,3,2025-11-25,Store,312.73
1967,1628,2,2025-06-18,Store,105.94
1968,1859,6,2025-01-09,Online,182.6
1969,1599,2,2024-05-30,Store,114.63
1970,457,6,2024-01-22,Online,299.56
1971,557,1,2024-07-18,Store,474.31
1972,325,6,2024-08-16,Online,47.18
1973,1529,1,2025-03-16,Store,92.74
1974,1891,3,2024-02-26,Store,30.63
1975,1098,4,2025-07-25,Store,43.77
1976,1500,6,2024-04-30,Online,114.0
1977,1629,6,2024-02-01,Online,132.82
1978,761,1,2025-07-29,Store,211.83
1979,1489,6,2025-11-17,Online,373.12
1980,1488,1,2025-06-16,Store,147.52
1981,124,2,2024-01-18,Store,432.76
1982,29,6,2025-02-21,Online,235.13
1983,65,4,2024-01-31,Store,221.49
1984,1280,2,2025-08-27,Store,160.79
1985,414,6,2025-11-07,Online,178.06
1986,252,6,2025-01-26,Online,132.93
1987,180,6,2024-08-09,Online,30.79
1988,789,2,2025-03-12,Store,230.04
1989,522,3,2024-05-29,Store,285.66
1990,1754,2,2024-12-10,Store,471.2
1991,370,2,2025-07-08,Store,110.09
1992,1101,5,2024-11-14,Store,527.53
1993,1838,3,2024-06-17,Store,136.68
1994,1285,5,2024-01-07,Store,138.52
1995,512,6,2025-02-02,Online,113.07
1996,1651,2,2025-01-31,Store,114.6
1997,433,5,2025-09-18,Store,503.13
1998,9,4,2024-01-27,Store,163.07
1999,116,6,2025-06-24,Online,107.96
2000,1408,1,2024-03-23,Store,50.23
2001,79,6,2024-11-25,Online,121.33
2002,350,6,2024-06-30,Online,403.13
2003,1042,5,2025-10-19,Store,43.77
2004,811,4,2025-01-12,Store,25.05
2005,865,6,2024-01-18,Online,281.23
2006,1718,2,2024-02-29,Store,179.42
2007,290,4,2025-02-16,Store,265.19
2008,48,5,2024-05-20,Store,94.49
2009,452,1,2024-04-04,Store,186.4
2010,1426,4,2025-04-30,Store,627.33
2011,1693,3,2025-09-08,Store,188.42
2012,1741,5,2024-01-24,Store,44.74
2013,1951,4,2025-06-30,Store,410.04
2014,37,6,2024-07-22,Online,90.9
2015,1789,6,2024-05-15,Online,192.17
2016,1853,2,2025-02-14,Store,112.19
2017,1179,6,2024-03-22,Online,42.1
2018,1233,6,2024-06-17,Online,129.14
2019,778,5,2025-01-23,Store,132.0
2020,1447,4,2024-08-31,Store,539.78
2021,1905,6,2025-07-13,Online,237.33
2022,1228,4,2024-08-11,Store,99.68
2023,838,4,2025-07-12,Store,163.07
2024,444,5,2024-02-20,Store,203.75
2025,1054,4,2024-02-18,Store,48.57
2026,955,4,2025-06-06,Store,112.46
2027,1352,5,2025-03-17,Store,266.64
2028,1701,3,2024-08-30,Store,141.3
2029,200,6,2024-04-14,Online,135.32
2030,1557,6,2024-05-25,Online,177.37
2031,1636,6,2024-07-10,Online,59.86
2032,1017,6,2025-10-16,Online,69.72
2033,1018,6,2025-08-26,Online,170.33
2034,1421,1,2024-09-24,Store,252.93
2035,1794,6,2025-07-13,Online,230.82
2036,1653,5,2025-12-04,Store,205.49
2037,114,2,2024-08-25,Store,470.33
2038,984,6,2024-06-30,Online,134.41
2039,1474,4,2024-12-12,Store,197.52
2040,1630,4,2024-01-24,Store,185.72
2041,449,3,2025-07-11,Store,160.44
2042,1519,2,2024-05-01,Store,225.92
2043,727,2,2025-02-16,Store,419.28
2044,1588,3,2024-05-30,Store,213.31
2045,593,4,2024-05-27,Store,162.48
2046,252,4,2024-07-03,Store,51.13
2047,486,2,2025-11-21,Store,75.15
2048,376,2,2025-11-26,Store,428.17
2049,1458,6,2025-04-03,Online,229.23
2050,728,6,2024-03-15,Online,359.74
2051,591,2,2025-08-07,Store,111.53
2052,1113,6,2025-04-12,Online,242.91
2053,509,6,2025-07-01,Online,117.01
2054,1956,3,2025-09-15,Store,367.52
2055,771,4,2024-06-11,Store,477.45
2056,1442,3,2024-12-04,Store,378.79
2057,1374,4,2024-08-23,Store,613.22
2058,733,4,2025-09-04,Store,439.1
2059,606,2,2025-09-12,Store,155.9
2060,1766,6,2025-06-08,Online,117.89
2061,1088,4,2024-12-21,Store,33.35
2062,1989,3,2025-04-13,Store,506.22
2063,518,6,2024-07-02,Online,19.86
2064,509,2,2025-04-03,Store,94.04
2065,551,5,2025-09-22,Store,90.43
2066,1006,6,2024-03-20,Online,380.26
2067,1895,6,2025-06-28,Online,97.25
2068,685,5,2025-09-30,Store,184.31
2069,982,3,2024-06-06,Store,265.87
2070,382,2,2024-02-09,Store,241.19
2071,1015,3,2024-01-01,Store,180.29
2072,358,4,2025-10-02,Store,126.65
2073,757,5,2024-01-31,Store,360.78
2074,849,3,2025-02-03,Store,63.14
2075,1229,1,2025-12-03,Store,56.23
2076,1130,6,2024-06-20,Online,105.26
2077,1201,4,2024-12-16,Store,247.97
2078,838,2,2025-04-16,Store,223.4
2079,1322,6,2025-09-18,Online,89.03
2080,1252,1,2025-10-11,Store,312.28
2081,1417,6,2025-02-04,Online,505.18
2082,1294,2,2025-08-09,Store,200.8
2083,905,3,2025-11-27,Store,536.6
2084,210,3,2025-05-09,Store,317.82
2085,1119,2,2025-02-02,Store,30.63
2086,1030,2,2025-02-17,Store,281.1
2087,232,6,2025-09-14,Online,218.05
2088,1850,1,2025-05-31,Store,229.26
2089,1538,5,2025-01-13,Store,92.37
2090,1907,5,2025-05-16,Store,530.13
2091,320,5,2025-07-26,Store,78.32
2092,567,3,2025-05-14,Store,140.5
2093,628,6,2024-01-08,Online,115.41
2094,1902,2,2024-05-02,Store,387.04
2095,492,6,2024-04-25,Online,190.14
2096,1202,5,2025-12-22,Store,21.91
2097,1453,5,2024-02-08,Store,92.86
2098,676,6,2025-02-07,Online,73.69
2099,824,2,2025-04-09,Store,188.42
2100,160,6,2024-07-26,Online,136.38
2101,360,5,2025-01-09,Store,218.22
2102,1444,3,2025-06-21,Store,126.28
2103,1208,4,2025-04-03,Store,622.17
2104,231,6,2024-06-02,Online,261.96
2105,921,6,2024-03-30,Online,167.82
2106,194,1,2025-04-12,Store,111.49
2107,1288,6,2024-05-04,Online,182.45
2108,1972,4,2025-09-11,Store,184.8
2109,55,4,2024-10-05,Store,30.63
2110,476,2,2025-06-10,Store,225.37
2111,675,3,2024-06-15,Store,479.75
2112,1891,6,2025-03-14,Online,74.76
2113,1227,6,2025-08-20,Online,252.7
2114,1087,6,2025-03-28,Online,55.04
2115,1261,2,2024-05-21,Store,81.24
2116,1013,4,2024-12-11,Store,530.0
2117,1529,4,2025-03-08,Store,608.48
2118,1834,4,2024-07-01,Store,134.57
2119,134,5,2024-05-01,Store,643.88
2120,604,5,2024-01-07,Store,331.01
2121,1532,1,2024-08-23,Store,349.28
2122,1953,2,2024-08-30,Store,230.04
2123,1663,2,2024-04-28,Store,237.11
2124,356,5,2024-01-06,Store,95.99
2125,1920,3,2025-06-18,Store,123.35
2126,576,2,2025-07-22,Store,163.43
2127,451,6,2024-10-18,Online,233.87
2128,512,2,2025-05-17,Store,234.96
2129,361,6,2025-12-07,Online,352.62
2130,1940,2,2024-10-26,Store,196.73
2131,38,3,2025-01-10,Store,729.24
2132,512,2,2024-10-21,Store,190.41
2133,1379,2,2025-06-22,Store,226.32
2134,1958,6,2025-12-25,Online,279.08
2135,1657,4,2024-07-13,Store,470.65
2136,491,6,2025-10-22,Online,159.15
2137,95,6,2024-04-04,Online,82.58
2138,1691,1,2024-04-02,Store,199.93
2139,1060,3,2024-07-27,Store,142.62
2140,506,2,2024-06-18,Store,258.82
2141,709,1,2025-11-12,Store,167.52
2142,2000,6,2024-11-24,Online,197.52
2143,1054,6,2025-07-29,Online,117.17
2144,417,5,2025-08-07,Store,331.37
2145,489,5,2025-11-16,Store,116.32
2146,1159,2,2024-09-03,Store,184.47
2147,1760,6,2024-07-05,Online,372.8
2148,336,1,2024-06-28,Store,122.66
2149,47,6,2024-07-22,Online,86.5
2150,1325,2,2024-08-10,Store,673.17
2151,439,1,2024-01-30,Store,115.41
2152,143,3,2025-08-13,Store,629.91
2153,303,1,2024-04-13,Store,173.45
2154,1084,6,2025-08-22,Online,104.19
2155,1821,1,2025-07-20,Store,42.12
2156,751,2,2025-10-30,Store,542.49
2157,1491,6,2025-08-14,Online,468.59
2158,1006,1,2024-09-30,Store,107.96
2159,1794,6,2025-10-22,Online,139.56
2160,495,4,2025-05-19,Store,84.24
2161,1719,1,2024-10-23,Store,135.32
2162,869,1,2024-12-06,Store,48.57
2163,1490,2,2025-05-25,Store,259.12
2164,1819,6,2025-04-02,Online,313.52
2165,208,2,2024-01-03,Store,114.0
2166,1145,6,2024-03-12,Online,89.12
2167,401,1,2025-11-13,Store,112.19
2168,135,4,2025-05-24,Store,343.93
2169,348,5,2024-11-30,Store,343.89
2170,235,6,2025-06-15,Online,118.14
2171,815,2,2025-11-22,Store,323.94
2172,595,4,2025-02-10,Store,173.51
2173,1313,6,2024-07-11,Online,94.36
2174,950,6,2024-09-28,Online,141.46
2175,1585,6,2025-12-03,Online,247.35
2176,1276,4,2024-12-23,Store,334.9
2177,1862,2,2025-01-16,Store,217.79
2178,734,2,2025-07-01,Store,53.36
2179,1847,6,2024-02-11,Online,37.81
2180,1363,2,2024-11-05,Store,135.92
2181,1006,2,2024-03-24,Store,292.8
2182,1393,2,2024-03-09,Store,208.26
2183,32,2,2024-08-03,Store,226.55
2184,964,6,2024-06-01,Online,353.53
2185,1219,3,2025-08-23,Store,81.02
2186,1561,1,2024-07-22,Store,131.41
2187,692,6,2025-06-07,Online,52.19
2188,190,1,2024-07-20,Store,256.98
2189,48,2,2025-12-04,Store,371.47
2190,1416,6,2024-05-28,Online,114.63
2191,1991,1,2024-06-04,Store,69.72
2192,815,3,2025-12-04,Store,541.86
2193,387,2,2024-05-22,Store,94.21
2194,44,5,2025-11-20,Store,25.05
2195,1561,4,2025-02-16,Store,326.1
2196,19,3,2024-02-12,Store,181.8
2197,295,1,2025-04-02,Store,118.14
2198,617,2,2025-06-25,Store,344.42
2199,1622,6,2025-09-29,Online,128.2
2200,917,4,2024-07-16,Store,81.24
2201,117,2,2024-07-02,Store,262.82
2202,1735,4,2024-11-04,Store,334.41
2203,702,6,2024-10-15,Online,118.14
2204,106,4,2024-01-24,Store,145.05
2205,1416,6,2024-05-23,Online,294.24
2206,1446,3,2024-05-17,Store,98.76
2207,1570,4,2024-05-11,Store,205.06
2208,1135,3,2024-07-17,Store,451.01
2209,89,2,2025-01-24,Store,388.14
2210,1321,6,2024-08-07,Online,165.14
2211,1313,5,2025-12-12,Store,232.14
2212,262,2,2024-08-22,Store,425.97
2213,747,3,2024-11-30,Store,267.05
2214,1621,6,2024-05-13,Online,43.25
2215,420,5,2024-03-17,Store,260.06
2216,883,3,2024-02-25,Store,180.83
2217,514,6,2024-06-14,Online,27.52
2218,1988,4,2024-10-11,Store,111.49
2219,798,6,2024-03-03,Online,55.04
2220,1884,2,2024-03-28,Store,247.5
2221,1283,6,2024-01-23,Online,20.32
2222,1786,2,2024-10-15,Store,459.42
2223,1323,3,2024-11-23,Store,139.44
2224,387,6,2025-12-01,Online,244.89
2225,1368,6,2024-10-19,Online,160.16
2226,417,6,2024-01-18,Online,219.24
2227,1513,4,2025-05-23,Store,170.1
2228,1315,6,2025-03-09,Online,201.62
2229,105,5,2025-11-24,Store,204.14
2230,1445,6,2024-06-25,Online,387.18
2231,1479,4,2024-09-14,Store,99.25
2232,11,2,2024-02-15,Store,170.7
2233,1394,3,2025-06-10,Store,121.33
2234,1737,1,2025-02-26,Store,156.12
2235,163,6,2024-04-02,Online,90.2
2236,1448,4,2024-02-13,Store,176.17
2237,4,6,2025-11-17,Online,123.35
2238,540,2,2025-08-29,Store,245.32
2239,1270,2,2024-12-16,Store,247.6
2240,1070,3,2024-02-13,Store,68.19
2241,528,2,2024-02-25,Store,31.04
2242,1494,6,2024-03-22,Online,1078.85
2243,1123,2,2025-05-18,Store,204.24
2244,1966,6,2024-06-28,Online,99.26
2245,1697,2,2024-01-18,Store,125.92
2246,387,1,2025-06-24,Store,249.91
2247,1738,3,2025-09-02,Store,56.23
2248,481,5,2024-05-03,Store,297.72
2249,137,4,2024-07-24,Store,265.81
2250,208,1,2025-03-26,Store,452.14
2251,1577,3,2024-06-01,Store,47.63
2252,1176,1,2025-06-21,Store,110.24
2253,22,6,2025-05-01,Online,160.16
2254,554,6,2024-09-29,Online,121.33
2255,794,4,2024-11-14,Store,458.53
2256,991,5,2025-04-02,Store,156.38
2257,63,6,2024-09-15,Online,191.98
2258,1258,6,2024-09-25,Online,390.84
2259,1685,5,2024-03-10,Store,377.58
2260,1951,5,2025-12-14,Store,89.12
2261,907,3,2024-09-12,Store,447.32
2262,1807,1,2024-06-25,Store,96.2
2263,267,6,2025-05-28,Online,32.28
2264,1425,6,2025-10-24,Online,311.18
2265,913,3,2025-09-12,Store,129.34
2266,439,3,2024-03-07,Store,114.0
2267,1066,6,2025-12-02,Online,48.57
2268,217,1,2025-09-09,Store,135.82
2269,1982,4,2025-01-26,Store,642.83
2270,340,4,2025-08-07,Store,49.7
2271,1756,6,2024-06-27,Online,183.6
2272,211,5,2025-12-06,Store,464.45
2273,1711,3,2025-09-17,Store,25.01
2274,1463,5,2025-12-29,Store,361.71
2275,4,2,2025-11-07,Store,51.13
2276,904,3,2024-02-22,Store,246.35
2277,1003,4,2024-06-24,Store,81.24
2278,254,3,2024-06-11,Store,73.22
2279,1412,6,2025-11-07,Online,666.53
2280,827,2,2025-07-12,Store,340.24
2281,1704,5,2025-09-21,Store,225.75
2282,804,5,2025-08-21,Store,45.93
2283,844,4,2024-04-24,Store,72.73
2284,1858,6,2024-01-23,Online,248.6
2285,1411,6,2024-10-23,Online,473.3
2286,1307,6,2025-07-13,Online,471.25
2287,230,1,2024-05-03,Store,228.0
2288,2,4,2024-12-30,Store,140.4
2289,1166,1,2025-03-26,Store,387.93
2290,145,4,2024-01-27,Store,180.29
2291,1104,6,2025-04-30,Online,66.92
2292,479,4,2024-07-03,Store,298.85
2293,287,6,2024-04-03,Online,413.54
2294,195,2,2025-06-07,Store,514.06
2295,466,2,2025-09-06,Store,117.91
2296,1103,6,2025-04-19,Online,388.42
2297,1621,5,2025-11-17,Store,229.6
2298,434,3,2025-08-25,Store,159.78
2299,908,2,2024-09-21,Store,143.88
2300,1847,2,2025-03-13,Store,141.76
2301,833,3,2025-10-19,Store,121.33
2302,1859,1,2025-11-21,Store,173.41
2303,1263,5,2025-01-21,Store,136.38
2304,1069,4,2025-04-16,Store,196.16
2305,122,6,2025-10-18,Online,90.9
2306,624,5,2024-02-16,Store,565.24
2307,394,5,2025-09-16,Store,167.71
2308,778,1,2024-09-28,Store,282.15
2309,1340,6,2024-06-04,Online,47.02
2310,1859,6,2025-07-28,Online,56.23
2311,1607,4,2024-06-12,Store,744.49
2312,306,4,2025-07-09,Store,242.36
2313,698,4,2024-08-15,Store,34.65
2314,1746,1,2025-12-14,Store,94.61
2315,516,2,2024-09-21,Store,89.12
2316,1679,4,2025-06-23,Store,111.53
2317,1090,3,2025-03-11,Store,87.54
2318,375,3,2024-04-01,Store,101.23
2319,1709,1,2024-04-25,Store,203.0
2320,1866,1,2025-01-01,Store,382.79
2321,1810,6,2024-06-16,Online,494.18
2322,1664,1,2025-02-21,Store,566.51
2323,1638,6,2024-09-17,Online,104.19
2324,168,1,2025-02-14,Store,185.72
2325,1135,4,2024-01-23,Store,816.38
2326,1216,6,2025-05-22,Online,104.52
2327,1504,2,2024-04-09,Store,48.07
2328,910,3,2024-07-16,Store,394.66
2329,575,6,2025-03-02,Online,136.68
2330,723,5,2025-05-10,Store,361.2
2331,1274,6,2025-12-17,Online,110.24
2332,466,2,2025-07-13,Store,682.17
2333,1966,6,2024-01-03,Online,224.9
2334,1176,5,2024-03-22,Store,68.19
2335,1841,4,2024-04-17,Store,268.88
2336,1420,4,2025-02-07,Store,395.28
2337,1958,4,2025-09-23,Store,428.39
2338,1027,5,2025-12-16,Store,460.24
2339,1796,2,2025-01-25,Store,186.21
2340,467,4,2024-12-01,Store,104.13
2341,1432,5,2024-11-17,Store,306.12
2342,1082,6,2025-09-05,Online,212.73
2343,1337,6,2025-05-04,Online,694.97
2344,699,2,2024-04-26,Store,37.81
2345,475,3,2025-11-30,Store,139.29
2346,1378,2,2025-07-22,Store,268.47
2347,93,5,2025-12-27,Store,216.53
2348,1212,1,2024-12-01,Store,96.04
2349,1905,6,2025-05-12,Online,180.29
2350,136,3,2025-11-02,Store,149.3
2351,384,5,2025-06-27,Store,729.93
2352,1690,1,2025-11-29,Store,163.95
2353,1459,1,2025-03-21,Store,97.25
2354,1073,2,2024-11-30,Store,160.69
2355,978,5,2024-11-14,Store,242.66
2356,1967,6,2025-05-16,Online,233.88
2357,642,5,2025-08-07,Store,540.87
2358,1853,4,2024-11-22,Store,363.18
2359,29,6,2024-09-05,Online,656.48
2360,1707,2,2024-05-13,Store,241.3
2361,947,6,2024-02-25,Online,43.77
2362,1238,2,2025-09-10,Store,189.99
2363,1969,2,2025-12-12,Store,219.67
2364,832,3,2024-06-04,Store,267.36
2365,98,6,2025-04-07,Online,334.16
2366,1338,2,2025-12-11,Store,204.2
2367,1096,3,2024-11-19,Store,216.81
2368,118,4,2024-06-30,Store,145.71
2369,192,3,2024-04-04,Store,137.79
2370,372,2,2025-05-30,Store,324.9
2371,238,6,2024-03-02,Online,330.72
2372,1046,3,2025-04-30,Store,248.39
2373,1681,4,2025-05-21,Store,543.36
2374,1338,3,2025-01-01,Store,100.46
2375,68,3,2024-01-14,Store,442.21
2376,749,6,2024-09-26,Online,314.61
2377,1025,2,2024-04-23,Store,317.22
2378,1678,6,2025-05-05,Online,105.26
2379,1950,6,2025-12-14,Online,278.56
2380,58,6,2024-02-19,Online,107.96
2381,1548,6,2025-10-12,Online,542.49
2382,1573,4,2025-06-10,Store,65.57
2383,1825,2,2025-11-18,Store,433.48
2384,1744,6,2024-09-16,Online,245.32
2385,115,5,2024-10-01,Store,115.41
2386,1453,1,2025-03-15,Store,99.25
2387,1697,4,2024-10-19,Store,133.98
2388,1394,2,2024-07-20,Store,315.65
2389,822,4,2025-12-31,Store,585.55
2390,534,4,2025-05-18,Store,197.22
2391,1989,6,2024-03-27,Online,459.72
2392,212,5,2025-02-11,Store,258.01
2393,821,4,2025-10-18,Store,108.34
2394,318,4,2024-07-15,Store,214.62
2395,674,3,2024-03-15,Store,242.45
2396,1148,6,2024-03-09,Online,211.87
2397,1116,6,2024-02-12,Online,87.54
2398,1686,6,2024-07-18,Online,180.29
2399,815,1,2024-08-23,Store,48.07
2400,641,3,2024-05-28,Store,72.72
2401,13,6,2024-12-04,Online,276.36
2402,545,5,2025-12-17,Store,248.05
2403,153,3,2025-02-09,Store,47.63
2404,954,1,2025-06-10,Store,289.17
2405,1226,6,2024-09-17,Online,118.14
2406,1073,2,2025-01-03,Store,97.53
2407,1625,1,2025-06-28,Store,88.88
2408,875,2,2025-01-05,Store,140.2
2409,527,5,2025-04-06,Store,136.55
2410,1147,5,2025-12-03,Store,539.03
2411,1034,4,2024-11-24,Store,109.3
2412,1278,6,2024-05-30,Online,204.56
2413,68,3,2024-09-18,Store,181.23
2414,1613,1,2025-03-11,Store,702.53
2415,1609,6,2025-09-05,Online,209.34
2416,296,4,2024-11-18,Store,126.28
2417,212,2,2025-05-05,Store,64.56
2418,1595,3,2025-11-28,Store,33.35
2419,958,6,2024-02-07,Online,388.64
2420,473,4,2025-01-25,Store,159.02
2421,1364,2,2024-07-27,Store,193.84
2422,1451,2,2024-08-29,Store,189.34
2423,426,5,2024-06-03,Store,361.55
2424,580,6,2024-06-09,Online,547.63
2425,1524,6,2025-06-11,Online,366.1
2426,955,6,2024-05-29,Online,360.58
2427,359,3,2024-01-16,Store,65.84
2428,1635,1,2024-01-03,Store,163.07
2429,565,6,2025-01-30,Online,47.18
2430,483,6,2024-02-16,Online,199.82
2431,931,6,2025-07-25,Online,300.55
2432,1769,5,2025-07-14,Store,123.35
2433,1409,6,2025-01-16,Online,66.0
2434,505,6,2024-03-04,Online,530.97
2435,747,2,2025-10-27,Store,150.69
2436,1647,6,2025-08-26,Online,250.61
2437,342,6,2025-03-07,Online,270.58
2438,506,6,2024-05-21,Online,96.2
2439,154,6,2025-08-25,Online,39.66
2440,802,2,2024-04-10,Store,82.98
2441,203,4,2024-01-18,Store,126.94
2442,1468,6,2024-07-05,Online,61.58
2443,566,2,2024-10-12,Store,590.21
2444,669,2,2024-03-17,Store,380.04
2445,1733,3,2024-02-17,Store,181.86
2446,1820,6,2024-10-02,Online,53.36
2447,1829,6,2025-10-24,Online,47.18
2448,368,6,2024-03-29,Online,526.96
2449,1206,5,2024-08-18,Store,272.39
2450,624,6,2025-08-28,Online,94.67
2451,1815,1,2024-02-12,Store,139.13
2452,1274,5,2024-07-18,Store,82.98
2453,1287,1,2024-10-28,Store,290.75
2454,463,3,2025-08-01,Store,167.76
2455,1951,6,2024-01-16,Online,197.84
2456,374,6,2025-06-16,Online,352.21
2457,1128,5,2025-11-07,Store,376.73
2458,1169,6,2024-02-01,Online,180.29
2459,1905,1,2024-07-03,Store,360.58
2460,927,5,2025-08-06,Store,97.53
2461,1481,1,2025-12-10,Store,330.72
2462,1765,3,2024-05-15,Store,84.24
2463,1471,4,2025-01-02,Store,248.94
2464,962,6,2025-06-18,Online,307.79
2465,478,2,2024-01-16,Store,90.43
2466,225,5,2024-01-06,Store,364.21
2467,486,1,2024-05-22,Store,220.9
2468,847,1,2024-04-30,Store,42.12
2469,494,4,2025-12-24,Store,205.06
2470,1048,1,2025-05-14,Store,30.79
2471,206,1,2024-03-17,Store,25.05
2472,561,6,2025-10-22,Online,142.13
2473,1133,4,2025-08-29,Store,88.88
2474,545,4,2024-09-29,Store,47.63
2475,1474,1,2025-05-03,Store,99.26
2476,183,3,2025-04-05,Store,361.66
2477,1850,6,2024-09-27,Online,233.95
2478,1131,3,2024-04-17,Store,113.26
2479,971,3,2024-02-16,Store,318.3
2480,1619,3,2024-05-09,Store,73.69
2481,86,6,2024-05-09,Online,378.12
2482,1954,5,2024-01-19,Store,332.05
2483,227,1,2025-12-22,Store,334.47
2484,861,6,2025-04-15,Online,217.4
2485,1078,3,2024-10-12,Store,232.13
2486,363,3,2025-07-27,Store,312.54
2487,1285,6,2024-10-13,Online,111.89
2488,666,5,2025-06-16,Store,184.45
2489,1411,6,2024-06-13,Online,337.25
2490,910,6,2024-05-19,Online,702.25
2491,442,6,2025-01-17,Online,65.57
2492,1589,5,2024-12-25,Store,498.32
2493,578,4,2024-04-28,Store,212.31
2494,54,6,2025-04-19,Online,361.35
2495,478,2,2024-07-09,Store,224.38
2496,1076,4,2024-02-14,Store,236.93
2497,1109,4,2025-03-27,Store,25.01
2498,595,4,2024-07-23,Store,47.63
2499,819,6,2025-03-16,Online,144.27
2500,421,3,2025-05-10,Store,189.34
2501,89,2,2025-10-31,Store,53.36
2502,1632,1,2024-11-15,Store,258.61
2503,417,2,2025-10-23,Store,135.92
2504,571,5,2025-04-24,Store,42.67
2505,151,6,2024-08-06,Online,284.11
2506,1864,5,2025-04-28,Store,365.14
2507,1096,5,2025-10-01,Store,208.49
2508,1992,5,2025-04-30,Store,88.88
2509,1800,6,2024-03-13,Online,34.65
2510,258,2,2024-06-06,Store,122.66
2511,1288,6,2025-09-17,Online,96.04
2512,159,4,2024-03-11,Store,121.33
2513,62,5,2025-01-03,Store,159.15
2514,136,6,2024-09-04,Online,149.52
2515,1941,2,2025-03-06,Store,157.31
2516,631,2,2025-07-12,Store,203.6
2517,582,1,2025-04-03,Store,21.91
2518,174,1,2024-09-14,Store,438.0
2519,97,1,2024-06-30,Store,104.52
2520,562,3,2025-10-07,Store,320.98
2521,1969,3,2024-02-24,Store,126.68
2522,1907,5,2024-10-10,Store,139.07
2523,1053,2,2024-12-09,Store,94.04
2524,63,4,2025-02-10,Store,56.23
2525,1494,3,2024-01-10,Store,154.86
2526,302,2,2024-11-28,Store,95.99
2527,1838,6,2025-12-17,Online,111.53
2528,1704,2,2025-09-06,Store,45.93
2529,396,3,2024-03-26,Store,292.7
2530,1560,6,2025-12-04,Online,135.92
2531,1758,4,2024-10-29,Store,180.12
2532,679,4,2025-12-04,Store,202.91
2533,230,5,2025-09-27,Store,70.88
2534,1484,4,2024-10-01,Store,229.32
2535,1703,5,2024-01-01,Store,681.31
2536,1391,3,2025-08-02,Store,367.98
2537,138,2,2024-01-11,Store,159.15
2538,251,6,2025-12-17,Online,230.86
2539,1500,3,2024-07-06,Store,206.39
2540,1525,6,2025-08-25,Online,48.07
2541,24,1,2025-03-24,Store,542.49
2542,1888,3,2025-05-19,Store,88.88
2543,163,6,2024-07-14,Online,333.1
2544,1522,3,2025-12-26,Store,133.33
2545,549,4,2024-08-24,Store,298.07
2546,1622,6,2025-02-06,Online,112.19
2547,69,1,2024-08-09,Store,477.3
2548,352,1,2024-01-04,Store,47.18
2549,1583,6,2024-02-02,Online,140.08
2550,767,3,2024-10-18,Store,78.32
2551,33,1,2025-10-03,Store,121.33
2552,1145,3,2025-10-31,Store,126.68
2553,1734,4,2024-06-27,Store,403.28
2554,1856,6,2025-08-03,Online,136.68
2555,195,6,2025-02-01,Online,167.71
2556,1469,5,2025-05-13,Store,176.43
2557,283,6,2025-02-11,Online,439.35
2558,70,4,2025-07-14,Store,39.66
2559,102,1,2025-03-25,Store,96.04
2560,1129,6,2025-12-13,Online,465.23
2561,916,6,2024-05-08,Online,177.71
2562,1082,3,2025-08-06,Store,303.72
2563,544,5,2024-08-18,Store,73.76
2564,1453,3,2025-04-14,Store,69.3
2565,689,1,2024-06-09,Store,44.74
2566,1480,6,2024-06-13,Online,329.18
2567,1827,2,2024-08-05,Store,407.31
2568,80,3,2025-04-15,Store,119.67
2569,1928,4,2024-07-10,Store,267.72
2570,15,6,2024-08-12,Online,256.27
2571,1003,5,2024-03-12,Store,126.94
2572,998,4,2025-08-08,Store,254.4
2573,1519,1,2025-03-07,Store,302.62
2574,1650,1,2025-07-07,Store,24.92
2575,1984,3,2024-01-15,Store,338.88
2576,1287,6,2024-03-31,Online,61.05
2577,1224,1,2024-05-19,Store,325.46
2578,328,4,2024-12-08,Store,518.63
2579,627,6,2025-07-23,Online,153.57
2580,3,2,2025-08-02,Store,241.48
2581,1412,3,2025-03-09,Store,51.08
2582,199,1,2024-08-24,Store,653.25
2583,805,2,2025-12-11,Store,88.88
2584,1783,1,2025-06-17,Store,48.57
2585,1973,3,2025-04-19,Store,482.68
2586,1491,5,2024-04-27,Store,98.76
2587,753,3,2024-06-14,Store,189.34
2588,777,4,2024-01-07,Store,99.26
2589,400,6,2024-06-21,Online,189.34
2590,83,4,2025-11-07,Store,104.19
2591,1812,1,2025-06-21,Store,431.82
2592,1425,5,2024-01-05,Store,198.56
2593,1582,4,2024-04-24,Store,228.37
2594,424,5,2025-07-17,Store,236.74
2595,871,6,2025-08-05,Online,166.55
2596,347,5,2025-12-21,Store,171.78
2597,875,6,2025-12-26,Online,345.06
2598,1497,4,2024-12-13,Store,354.85
2599,890,5,2024-08-09,Store,204.57
2600,1674,3,2025-09-15,Store,535.78
2601,1997,6,2025-06-05,Online,267.09
2602,68,6,2024-11-14,Online,410.24
2603,68,3,2025-05-03,Store,108.5
2604,95,5,2024-10-28,Store,252.81
2605,177,3,2024-08-22,Store,271.29
2606,1034,6,2024-03-01,Online,104.51
2607,1549,5,2025-05-13,Store,621.48
2608,1353,5,2024-04-22,Store,477.45
2609,1664,2,2025-01-03,Store,275.3
2610,18,6,2025-10-04,Online,157.11
2611,1047,1,2024-02-21,Store,49.84
2612,1276,5,2024-06-01,Store,108.5
2613,272,2,2025-03-25,Store,104.38
2614,1214,4,2024-05-10,Store,202.25
2615,1545,4,2024-07-17,Store,242.66
2616,1004,5,2024-05-13,Store,209.59
2617,1949,5,2025-02-20,Store,131.41
2618,960,6,2025-11-29,Online,691.48
2619,106,6,2025-03-26,Online,136.68
2620,1230,6,2025-08-21,Online,101.23
2621,850,1,2024-05-15,Store,181.85
2622,1211,6,2025-09-04,Online,72.73
2623,1554,3,2025-12-03,Store,352.85
2624,588,1,2024-06-11,Store,423.58
2625,1100,4,2024-01-30,Store,312.72
2626,1310,3,2025-07-08,Store,212.98
2627,396,4,2025-08-04,Store,62.08
2628,199,6,2024-05-01,Online,97.25
2629,404,1,2024-02-27,Store,104.51
2630,1585,5,2025-01-12,Store,899.13
2631,996,4,2024-02-11,Store,242.66
2632,1914,4,2024-06-05,Store,114.0
2633,605,3,2025-02-07,Store,141.3
2634,755,3,2025-08-18,Store,361.66
2635,1975,3,2024-09-17,Store,108.7
2636,27,3,2025-03-17,Store,69.72
2637,720,4,2024-11-09,Store,187.41
2638,697,1,2025-03-02,Store,113.07
2639,868,6,2025-04-09,Online,205.06
2640,1244,1,2025-01-29,Store,112.46
2641,1483,6,2024-04-30,Online,113.43
2642,934,6,2024-09-18,Online,135.32
2643,411,4,2024-05-20,Store,634.66
2644,1250,4,2024-11-24,Store,167.08
2645,1000,3,2025-11-26,Store,376.84
2646,161,5,2024-02-10,Store,309.21
2647,220,6,2025-12-04,Online,533.92
2648,621,4,2024-05-31,Store,380.48
2649,1127,4,2025-12-29,Store,70.7
2650,863,2,2025-11-30,Store,118.14
2651,26,6,2025-07-27,Online,101.79
2652,1438,4,2024-05-17,Store,161.38
2653,793,6,2025-04-16,Online,296.91
2654,17,6,2024-08-18,Online,267.09
2655,918,6,2024-02-05,Online,445.76
2656,374,4,2025-11-15,Store,116.26
2657,482,2,2024-09-30,Store,115.41
2658,402,1,2025-02-03,Store,324.48
2659,981,3,2025-04-09,Store,202.46
2660,1887,4,2024-10-01,Store,270.51
2661,914,3,2024-12-09,Store,181.64
2662,579,6,2025-04-28,Online,556.55
2663,622,6,2025-01-26,Online,405.15
2664,1521,1,2024-12-17,Store,105.26
2665,1280,3,2025-12-15,Store,628.1
2666,1113,6,2024-11-09,Online,246.59
2667,59,3,2025-02-12,Store,221.72
2668,1856,5,2025-08-12,Store,141.3
2669,1194,6,2025-04-02,Online,94.36
2670,1632,3,2024-09-02,Store,242.66
2671,27,6,2024-10-09,Online,77.95
2672,112,2,2025-08-25,Store,344.27
2673,965,1,2025-11-14,Store,113.77
2674,1053,3,2024-06-10,Store,606.03
2675,656,5,2024-11-12,Store,133.84
2676,1292,3,2025-04-08,Store,136.66
2677,379,6,2024-08-19,Online,141.06
2678,1654,4,2024-01-19,Store,163.07
2679,1062,2,2024-05-04,Store,159.15
2680,529,1,2024-12-30,Store,407.24
2681,328,6,2025-07-24,Online,27.52
2682,1599,6,2025-01-06,Online,449.09
2683,1100,1,2025-06-01,Store,126.08
2684,1221,6,2025-10-28,Online,130.14
2685,865,2,2024-06-16,Store,455.36
2686,717,6,2025-02-24,Online,215.22
2687,1863,2,2024-08-15,Store,215.78
2688,1497,2,2025-11-29,Store,115.68
2689,201,3,2025-04-24,Store,167.82
2690,1364,4,2024-03-04,Store,201.7
2691,170,2,2025-12-18,Store,73.76
2692,418,1,2025-03-25,Store,550.17
2693,407,6,2025-10-26,Online,250.63
2694,1144,5,2024-06-04,Store,94.49
2695,985,6,2024-05-11,Online,135.53
2696,1640,1,2025-04-19,Store,361.76
2697,1779,1,2024-01-28,Store,69.56
2698,1182,3,2024-05-06,Store,211.78
2699,958,6,2025-10-04,Online,150.63
2700,507,6,2024-02-05,Online,36.73
2701,1873,2,2025-09-29,Store,50.02
2702,363,1,2025-06-14,Store,447.31
2703,1511,4,2025-09-07,Store,175.31
2704,1570,3,2025-05-11,Store,159.11
2705,1430,4,2025-11-06,Store,208.67
2706,1649,5,2024-06-03,Store,203.38
2707,1884,4,2025-12-17,Store,97.02
2708,1269,5,2024-06-27,Store,21.91
2709,1518,6,2025-04-30,Online,278.22
2710,1098,6,2024-08-15,Online,86.32
2711,967,4,2025-03-13,Store,96.2
2712,1972,2,2024-02-05,Store,105.94
2713,1727,6,2024-02-20,Online,233.14
2714,1190,5,2025-02-02,Store,203.55
2715,990,6,2025-06-01,Online,156.17
2716,1041,6,2024-01-15,Online,42.12
2717,1434,6,2024-04-12,Online,50.1
2718,1876,6,2025-07-25,Online,192.02
2719,1290,2,2024-04-01,Store,738.01
2720,1892,4,2024-09-25,Store,159.37
2721,528,5,2024-07-24,Store,335.42
2722,1526,2,2024-05-14,Store,281.88
2723,143,1,2024-08-09,Store,445.6
2724,220,3,2024-01-18,Store,439.55
2725,1074,6,2024-06-06,Online,145.71
2726,835,4,2025-08-02,Store,133.84
2727,1609,6,2025-12-02,Online,191.73
2728,919,5,2024-12-28,Store,42.12
2729,974,1,2025-09-24,Store,24.92
2730,1437,1,2024-02-20,Store,605.56
2731,51,5,2025-05-05,Store,251.41
2732,423,5,2024-02-26,Store,96.2
2733,970,1,2025-05-18,Store,229.26
2734,1310,4,2024-01-07,Store,27.52
2735,1625,4,2025-07-26,Store,282.12
2736,1321,1,2024-01-14,Store,352.13
2737,1375,2,2025-11-07,Store,89.48
2738,1710,5,2025-11-10,Store,118.14
2739,1003,1,2025-04-29,Store,147.32
2740,1089,1,2024-10-10,Store,98.12
2741,1895,5,2025-08-05,Store,31.04
2742,723,4,2025-10-03,Store,56.05
2743,889,4,2024-10-01,Store,94.67
2744,71,6,2025-11-20,Online,131.41
2745,250,1,2024-01-18,Store,207.18
2746,1389,6,2025-01-19,Online,97.48
2747,77,2,2025-07-14,Store,49.84
2748,1653,6,2024-03-02,Online,94.21
2749,927,2,2024-05-20,Store,90.2
2750,1161,5,2024-06-11,Store,240.5
2751,1708,3,2025-05-23,Store,170.04
2752,1140,3,2024-04-01,Store,68.19
2753,85,6,2024-07-25,Online,205.72
2754,1049,2,2025-09-27,Store,50.23
2755,193,3,2025-10-24,Store,56.25
2756,1748,4,2025-06-19,Store,42.1
2757,686,4,2025-03-12,Store,69.78
2758,1866,4,2024-03-22,Store,315.16
2759,1564,2,2025-03-24,Store,134.2
2760,266,6,2024-12-13,Online,566.27
2761,1537,2,2025-05-01,Store,286.35
2762,233,2,2025-10-14,Store,405.08
2763,1882,2,2025-12-16,Store,191.57
2764,634,1,2025-10-07,Store,111.53
2765,1335,2,2025-06-08,Store,314.41
2766,1001,1,2024-07-05,Store,110.09
2767,1460,5,2024-06-11,Store,94.67
2768,643,6,2024-01-25,Online,160.0
2769,1883,1,2024-10-16,Store,213.89
2770,796,5,2025-05-06,Store,107.96
2771,703,5,2024-05-23,Store,159.15
2772,574,3,2025-02-09,Store,111.49
2773,376,4,2025-03-21,Store,56.25
2774,1027,1,2025-04-03,Store,251.05
2775,1116,5,2024-04-01,Store,122.66
2776,1021,2,2024-12-21,Store,267.36
2777,109,1,2024-09-20,Store,211.75
2778,1409,2,2025-12-16,Store,29.93
2779,1664,3,2025-08-25,Store,404.34
2780,1096,1,2025-04-20,Store,135.32
2781,1263,3,2025-10-12,Store,199.65
2782,342,6,2025-01-24,Online,112.96
2783,1488,5,2025-12-12,Store,47.63
2784,92,6,2024-01-09,Online,29.93
2785,1140,3,2024-06-14,Store,130.69
2786,1746,4,2025-03-12,Store,126.3
2787,1821,4,2024-11-17,Store,313.67
2788,613,1,2025-07-27,Store,135.73
2789,1319,6,2024-10-15,Online,51.13
2790,1872,5,2024-11-01,Store,843.01
2791,1080,5,2024-08-14,Store,115.02
2792,845,6,2024-03-15,Online,223.54
2793,1455,6,2025-08-06,Online,283.68
2794,583,2,2025-12-23,Store,164.11
2795,1971,2,2025-08-11,Store,520.12
2796,71,4,2025-11-23,Store,357.0
2797,228,5,2025-08-30,Store,48.07
2798,1546,6,2025-09-11,Online,176.56
2799,1467,3,2025-08-12,Store,227.13
2800,1101,1,2025-06-18,Store,127.04
2801,980,6,2024-06-10,Online,52.19
2802,1261,2,2024-03-03,Store,110.73
2803,498,3,2024-02-14,Store,135.32
2804,750,2,2025-06-15,Store,23.55
2805,211,6,2025-12-27,Online,237.33
2806,1398,3,2024-05-08,Store,78.32
2807,184,6,2024-11-05,Online,101.23
2808,1945,5,2024-11-07,Store,65.57
2809,1583,2,2025-09-17,Store,167.71
2810,427,5,2024-01-29,Store,61.26
2811,1487,5,2024-12-30,Store,84.2
2812,1707,1,2024-07-27,Store,282.57
2813,461,4,2024-12-30,Store,163.19
2814,282,6,2025-08-19,Online,104.19
2815,1878,2,2025-04-27,Store,719.2
2816,57,5,2025-09-16,Store,104.51
2817,1787,5,2024-11-01,Store,110.09
2818,1065,5,2025-02-10,Store,30.63
2819,1261,6,2024-08-16,Online,284.48
2820,1582,6,2024-07-06,Online,108.5
2821,1446,1,2025-11-17,Store,113.47
2822,495,1,2024-11-13,Store,180.83
2823,1057,5,2025-02-20,Store,94.21
2824,111,3,2024-11-04,Store,159.15
2825,330,6,2025-08-16,Online,223.78
2826,483,5,2025-11-21,Store,311.81
2827,881,5,2024-02-03,Store,624.96
2828,1497,6,2024-11-17,Online,295.88
2829,252,5,2024-10-14,Store,77.95
2830,765,3,2024-02-21,Store,192.08
2831,524,2,2024-04-01,Store,363.03
2832,145,1,2024-10-19,Store,65.57
2833,677,6,2024-02-08,Online,231.36
2834,1,2,2024-02-29,Store,27.52
2835,1666,2,2025-01-10,Store,303.71
2836,916,6,2024-10-14,Online,93.3
2837,1516,6,2025-04-04,Online,377.68
2838,791,3,2024-06-12,Store,78.32
2839,689,2,2024-06-05,Store,81.28
2840,1258,1,2024-05-17,Store,25.05
2841,620,5,2024-04-20,Store,197.52
2842,1092,6,2024-08-23,Online,32.28
2843,168,5,2025-02-22,Store,66.0
2844,220,3,2025-12-09,Store,221.07
2845,1047,2,2025-04-12,Store,228.0
2846,1683,6,2025-03-24,Online,310.38
2847,1907,3,2024-11-18,Store,188.42
2848,1793,4,2024-06-26,Store,53.36
2849,145,2,2024-02-27,Store,75.15
2850,500,6,2024-08-24,Online,109.82
2851,416,6,2025-05-14,Online,82.98
2852,341,1,2024-10-04,Store,289.23
2853,1782,4,2024-05-10,Store,411.53
2854,798,5,2025-08-18,Store,370.31
2855,488,6,2025-04-10,Online,131.06
2856,1041,1,2024-05-15,Store,205.06
2857,140,1,2024-02-29,Store,334.16
2858,1589,5,2025-02-27,Store,282.1
2859,479,2,2024-04-14,Store,173.7
2860,1059,4,2024-09-23,Store,91.23
2861,1986,6,2025-09-07,Online,250.13
2862,456,3,2025-10-17,Store,156.98
2863,1595,6,2024-06-06,Online,248.89
2864,225,6,2025-06-01,Online,312.75
2865,1458,1,2025-08-21,Store,99.26
2866,339,5,2025-06-30,Store,104.19
2867,566,4,2025-06-03,Store,111.22
2868,10,6,2024-09-12,Online,353.88
2869,909,4,2024-03-19,Store,205.74
2870,612,2,2024-02-18,Store,123.75
2871,982,2,2025-06-09,Store,25.01
2872,1767,6,2025-12-05,Online,544.74
2873,318,3,2024-02-21,Store,379.24
2874,1984,6,2025-04-10,Online,190.42
2875,1145,2,2025-10-06,Store,339.67
2876,1313,2,2025-09-26,Store,246.81
2877,1328,4,2024-11-21,Store,282.66
2878,1767,2,2024-04-14,Store,70.88
2879,1577,6,2025-05-19,Online,287.88
2880,1181,5,2024-07-05,Store,110.24
2881,1556,6,2024-10-23,Online,19.86
2882,877,1,2024-06-29,Store,82.98
2883,1071,2,2024-09-23,Store,314.68
2884,1738,4,2024-07-15,Store,373.13
2885,691,6,2024-07-19,Online,60.62
2886,453,6,2024-11-05,Online,248.94
2887,1122,1,2024-01-19,Store,210.52
2888,1866,2,2025-05-26,Store,124.51
2889,1351,5,2024-10-04,Store,139.56
2890,463,2,2024-01-11,Store,324.03
2891,1379,6,2024-12-23,Online,217.4
2892,1142,4,2024-11-16,Store,56.25
2893,1441,5,2025-05-23,Store,320.32
2894,1823,3,2024-07-05,Store,108.7
2895,1606,2,2024-08-02,Store,318.3
2896,843,5,2024-11-20,Store,43.77
2897,117,1,2025-04-08,Store,164.74
2898,1019,6,2025-01-02,Online,112.72
2899,2000,4,2025-02-12,Store,33.34
2900,1504,6,2025-09-11,Online,114.63
2901,987,2,2025-08-09,Store,45.33
2902,406,2,2024-04-29,Store,145.71
2903,552,1,2025-02-24,Store,104.51
2904,261,4,2024-11-21,Store,111.49
2905,522,6,2025-08-18,Online,21.91
2906,877,3,2025-04-19,Store,306.98
2907,66,6,2024-06-25,Online,589.47
2908,307,5,2024-02-13,Store,48.57
2909,123,2,2025-11-10,Store,29.93
2910,1518,6,2025-10-23,Online,190.37
2911,407,4,2024-04-19,Store,63.14
2912,1386,1,2024-02-11,Store,94.49
2913,684,2,2024-08-17,Store,216.95
2914,130,4,2024-03-26,Store,104.13
2915,452,1,2024-06-26,Store,203.77
2916,686,1,2025-11-09,Store,43.25
2917,1069,1,2024-06-06,Store,400.25
2918,247,3,2024-11-01,Store,244.79
2919,734,6,2024-09-25,Online,150.87
2920,1359,3,2024-11-08,Store,157.42
2921,386,1,2024-02-13,Store,248.22
2922,1954,2,2025-05-24,Store,97.53
2923,1830,3,2024-09-07,Store,478.0
2924,1850,6,2025-10-15,Online,381.6
2925,924,2,2025-02-12,Store,169.95
2926,1531,6,2025-03-21,Online,204.8
2927,149,6,2024-04-24,Online,199.67
2928,667,2,2024-05-28,Store,114.63
2929,1087,1,2024-01-18,Store,47.63
2930,580,4,2024-10-18,Store,180.29
2931,478,5,2024-08-10,Store,140.29
2932,722,2,2025-06-07,Store,273.77
2933,397,1,2024-04-02,Store,160.16
2934,1559,4,2024-06-06,Store,641.2
2935,986,6,2024-10-11,Online,193.16
2936,1857,6,2025-06-10,Online,169.01
2937,56,5,2024-02-28,Store,37.81
2938,1292,1,2025-02-23,Store,96.2
2939,950,2,2024-06-21,Store,135.53
2940,1932,6,2024-07-20,Online,141.07
2941,1487,1,2025-02-09,Store,112.19
2942,1275,2,2024-11-25,Store,90.99
2943,1850,1,2024-09-07,Store,220.32
2944,1508,5,2024-12-29,Store,127.96
2945,993,6,2025-09-22,Online,188.98
2946,1191,6,2025-09-18,Online,122.66
2947,1977,6,2025-06-30,Online,168.39
2948,886,4,2025-03-22,Store,236.9
2949,259,1,2024-07-30,Store,399.31
2950,1797,5,2024-07-27,Store,113.07
2951,169,6,2024-03-26,Online,384.48
2952,1961,1,2025-07-09,Store,241.56
2953,1989,5,2025-04-10,Store,48.07
2954,1881,1,2024-11-08,Store,299.53
2955,1318,5,2024-06-09,Store,108.5
2956,1292,2,2025-11-20,Store,445.74
2957,1013,2,2024-12-23,Store,192.06
2958,832,5,2025-06-25,Store,99.68
2959,1760,2,2025-12-18,Store,267.36
2960,981,2,2025-05-08,Store,50.23
2961,31,6,2024-02-14,Online,141.3
2962,177,4,2025-01-14,Store,527.56
2963,497,2,2025-06-19,Store,49.84
2964,958,1,2024-09-29,Store,47.02
2965,1669,1,2024-05-10,Store,49.7
2966,472,5,2025-02-23,Store,282.12
2967,1092,2,2025-12-12,Store,315.78
2968,629,6,2025-03-05,Online,229.28
2969,1366,6,2025-12-10,Online,112.19
2970,990,6,2024-07-01,Online,383.42
2971,929,1,2024-06-03,Store,213.53
2972,861,6,2025-02-12,Online,220.7
2973,876,6,2024-12-28,Online,207.53
2974,1962,6,2024-07-28,Online,94.49
2975,734,2,2025-08-02,Store,263.07
2976,591,3,2025-11-18,Store,60.62
2977,358,6,2025-03-31,Online,334.63
2978,185,6,2025-09-14,Online,31.04
2979,143,2,2025-05-01,Store,114.0
2980,766,2,2025-03-09,Store,390.31
2981,1066,2,2025-03-24,Store,182.95
2982,139,3,2024-01-04,Store,107.53
2983,268,6,2025-11-27,Online,108.7
2984,665,1,2025-12-03,Store,181.25
2985,1947,1,2025-06-05,Store,69.78
2986,501,1,2025-05-31,Store,228.52
2987,1368,3,2025-04-14,Store,180.12
2988,1133,1,2025-08-18,Store,281.53
2989,1456,6,2025-08-21,Online,167.9
2990,1352,2,2025-09-11,Store,63.14
2991,227,6,2025-02-07,Online,511.98
2992,1140,5,2024-02-02,Store,41.29
2993,1227,1,2025-04-14,Store,163.07
2994,69,6,2025-07-20,Online,311.49
2995,445,4,2024-07-02,Store,121.24
2996,728,5,2025-01-02,Store,89.2
2997,539,5,2025-07-06,Store,176.09
2998,627,4,2024-02-12,Store,27.52
2999,1338,1,2025-07-07,Store,194.7
3000,542,4,2024-04-18,Store,153.82
3001,1366,3,2024-01-15,Store,303.69
3002,1802,2,2025-01-14,Store,244.73
3003,1311,1,2025-02-03,Store,202.1
3004,1011,4,2025-09-02,Store,33.34
3005,1255,6,2025-01-01,Online,25.05
3006,1130,6,2024-09-24,Online,132.05
3007,1426,4,2025-07-08,Store,228.05
3008,657,2,2025-04-04,Store,161.86
3009,99,1,2024-01-20,Store,247.6
3010,1098,3,2025-10-20,Store,229.54
3011,1652,4,2025-01-16,Store,374.45
3012,524,6,2024-11-06,Online,764.18
3013,1516,6,2025-02-06,Online,88.88
3014,1107,6,2025-03-08,Online,344.84
3015,506,3,2025-01-18,Store,345.06
3016,162,1,2025-01-21,Store,136.38
3017,1396,2,2024-04-29,Store,123.35
3018,1922,6,2025-09-03,Online,32.28
3019,660,4,2024-11-18,Store,275.8
3020,150,1,2024-05-07,Store,106.86
3021,414,4,2025-10-12,Store,172.78
3022,94,2,2024-09-21,Store,60.62
3023,1700,2,2025-02-02,Store,93.3
3024,592,6,2024-11-29,Online,102.12
3025,123,6,2025-03-23,Online,104.51
3026,28,6,2024-08-25,Online,192.34
3027,1280,2,2024-03-24,Store,421.26
3028,470,6,2025-09-02,Online,89.48
3029,627,5,2025-02-07,Store,112.19
3030,1019,6,2024-04-03,Online,307.01
3031,1975,5,2025-10-17,Store,96.84
3032,1178,5,2025-05-21,Store,73.46
3033,1548,3,2025-07-02,Store,291.23
3034,600,4,2025-07-23,Store,111.53
3035,118,6,2025-07-21,Online,111.49
3036,1207,2,2025-11-15,Store,167.71
3037,1309,2,2024-12-20,Store,162.48
3038,936,3,2024-04-13,Store,405.96
3039,136,5,2024-12-01,Store,114.63
3040,859,2,2025-04-04,Store,135.92
3041,1028,1,2024-02-23,Store,189.71
3042,647,6,2025-04-03,Online,36.73
3043,1565,4,2024-08-23,Store,94.43
3044,1807,1,2024-05-24,Store,211.88
3045,1003,4,2024-10-29,Store,270.64
3046,522,4,2025-04-17,Store,135.82
3047,1531,1,2025-12-20,Store,85.63
3048,845,6,2025-09-09,Online,141.3
3049,317,3,2025-05-15,Store,137.92
3050,617,1,2025-06-26,Store,34.65
3051,74,6,2024-03-11,Online,247.1
3052,823,3,2025-09-07,Store,319.53
3053,554,3,2024-06-28,Store,184.65
3054,682,4,2025-07-10,Store,69.78
3055,1325,6,2025-07-22,Online,135.82
3056,1873,2,2024-03-05,Store,31.04
3057,381,6,2025-12-09,Online,101.79
3058,1069,4,2024-12-01,Store,220.24
3059,1082,3,2025-06-08,Store,110.09
3060,296,5,2024-04-19,Store,49.84
3061,166,6,2024-07-11,Online,122.1
3062,1210,6,2025-05-23,Online,34.65
3063,420,6,2025-01-22,Online,464.46
3064,1662,3,2024-11-13,Store,192.08
3065,14,1,2024-05-19,Store,163.07
3066,340,2,2025-10-06,Store,223.15
3067,152,1,2024-02-23,Store,220.26
3068,154,5,2025-12-07,Store,111.89
3069,199,4,2025-09-01,Store,298.97
3070,498,2,2025-06-28,Store,364.49
3071,132,6,2024-04-07,Online,124.24
3072,1009,5,2025-06-18,Store,31.04
3073,435,3,2025-10-28,Store,92.74
3074,119,2,2025-06-10,Store,293.36
3075,913,5,2025-11-17,Store,84.99
3076,1444,6,2024-06-23,Online,543.04
3077,1774,1,2025-05-17,Store,177.76
3078,1329,6,2024-12-22,Online,159.0
3079,1067,6,2024-04-23,Online,227.5
3080,1226,4,2025-08-20,Store,23.55
3081,667,6,2025-11-07,Online,511.54
3082,1041,3,2024-11-02,Store,103.37
3083,961,1,2025-04-07,Store,387.77
3084,1138,3,2025-06-25,Store,312.39
3085,941,3,2024-12-02,Store,256.07
3086,931,1,2025-05-23,Store,418.82
3087,381,3,2025-06-19,Store,94.67
3088,1179,3,2024-08-10,Store,157.51
3089,1261,6,2025-03-20,Online,322.8
3090,1580,5,2025-05-18,Store,380.33
3091,938,6,2024-01-12,Online,238.64
3092,1897,2,2025-08-09,Store,178.43
3093,477,2,2025-04-24,Store,166.18
3094,1687,6,2025-03-11,Online,272.32
3095,198,1,2024-04-01,Store,254.01
3096,245,1,2025-07-05,Store,294.87
3097,1800,2,2025-11-15,Store,23.55
3098,1702,3,2025-02-08,Store,242.66
3099,1820,6,2024-05-04,Online,366.68
3100,1555,6,2024-09-11,Online,514.44
3101,1607,4,2025-10-23,Store,346.54
3102,1150,2,2025-08-10,Store,96.04
3103,1949,2,2025-07-01,Store,272.04
3104,701,3,2024-02-13,Store,77.95
3105,2,6,2024-05-18,Online,84.2
3106,1155,3,2024-07-30,Store,271.29
3107,640,1,2025-12-14,Store,332.86
3108,999,6,2024-05-23,Online,312.79
3109,1637,2,2024-09-08,Store,108.7
3110,1549,6,2025-09-25,Online,36.73
3111,1992,1,2024-12-07,Store,483.99
3112,1243,6,2025-03-16,Online,81.24
3113,1795,1,2024-10-25,Store,24.92
3114,1387,4,2025-10-28,Store,52.19
3115,922,4,2025-01-19,Store,167.71
3116,375,3,2024-07-09,Store,100.46
3117,510,1,2024-04-28,Store,110.09
3118,83,5,2025-02-06,Store,622.73
3119,1869,1,2025-04-27,Store,94.04
3120,1303,2,2024-06-11,Store,407.66
3121,191,4,2025-01-22,Store,99.26
3122,481,6,2024-09-12,Online,105.26
3123,816,5,2025-01-21,Store,197.33
3124,1000,4,2024-03-19,Store,104.52
3125,1737,4,2025-12-14,Store,93.12
3126,392,1,2025-10-11,Store,99.68
3127,192,6,2025-10-12,Online,651.71
3128,407,1,2024-05-07,Store,105.26
3129,309,6,2025-07-13,Online,65.84
3130,521,3,2024-08-07,Store,70.88
3131,1037,6,2025-03-05,Online,49.7
3132,1282,6,2025-06-05,Online,352.2
3133,810,2,2024-04-28,Store,133.35
3134,835,6,2024-08-04,Online,207.14
3135,551,3,2025-05-22,Store,85.02
3136,912,5,2025-11-06,Store,266.24
3137,80,5,2024-06-26,Store,42.1
3138,464,6,2024-10-11,Online,429.95
3139,1149,2,2024-12-25,Store,306.48
3140,1959,3,2024-12-02,Store,167.37
3141,258,1,2025-05-17,Store,96.04
3142,1911,4,2024-07-20,Store,501.24
3143,1226,3,2025-07-20,Store,808.58
3144,1528,4,2024-10-04,Store,352.05
3145,1567,4,2024-11-08,Store,514.28
3146,1254,6,2025-06-03,Online,107.96
3147,1306,2,2025-03-29,Store,234.29
3148,14,4,2024-08-27,Store,27.52
3149,1637,2,2025-05-01,Store,209.02
3150,762,2,2024-04-06,Store,113.16
3151,359,1,2024-01-13,Store,292.44
3152,1993,5,2024-07-16,Store,221.32
3153,47,2,2024-01-24,Store,163.07
3154,590,2,2024-05-16,Store,242.66
3155,484,1,2024-02-10,Store,551.06
3156,143,6,2024-08-26,Online,253.83
3157,359,5,2025-04-17,Store,89.12
3158,919,3,2024-10-13,Store,20.32
3159,1495,6,2025-12-07,Online,123.75
3160,611,6,2025-12-22,Online,96.04
3161,1093,1,2024-06-12,Store,312.39
3162,743,3,2024-09-02,Store,200.67
3163,235,4,2025-09-22,Store,128.01
3164,793,3,2024-05-27,Store,63.47
3165,1819,4,2025-04-21,Store,282.6
3166,208,6,2025-07-25,Online,188.98
3167,1723,2,2024-09-18,Store,258.86
3168,925,6,2024-03-21,Online,432.41
3169,860,1,2025-12-11,Store,112.96
3170,1866,2,2024-04-20,Store,94.63
3171,250,5,2024-11-08,Store,95.99
3172,749,4,2025-12-05,Store,56.41
3173,1191,6,2024-01-13,Online,79.89
3174,549,2,2025-12-12,Store,637.06
3175,253,4,2024-02-05,Store,167.71
3176,1872,4,2024-08-30,Store,194.5
3177,1572,6,2024-05-18,Online,69.78
3178,663,6,2025-02-23,Online,361.0
3179,546,2,2024-01-31,Store,66.92
3180,1448,2,2024-05-19,Store,112.46
3181,1760,5,2024-01-13,Store,20.32
3182,1252,2,2025-09-22,Store,45.93
3183,662,6,2024-02-05,Online,146.3
3184,1315,5,2024-07-28,Store,81.91
3185,1042,6,2025-06-05,Online,111.89
3186,619,1,2025-02-03,Store,167.71
3187,1704,5,2024-01-26,Store,320.43
3188,1611,2,2024-10-13,Store,349.71
3189,1977,3,2024-04-23,Store,327.44
3190,52,1,2024-03-11,Store,73.69
3191,415,6,2024-09-19,Online,61.05
3192,1381,4,2024-05-28,Store,498.86
3193,468,5,2024-05-14,Store,56.23
3194,300,2,2025-10-25,Store,112.19
3195,218,4,2024-07-04,Store,97.53
3196,981,2,2024-03-25,Store,131.14
3197,765,6,2025-11-11,Online,147.19
3198,1952,6,2025-04-01,Online,97.71
3199,1377,6,2025-09-23,Online,23.55
3200,287,6,2025-03-06,Online,206.25
3201,1251,6,2024-05-13,Online,29.93
3202,334,3,2025-04-21,Store,235.08
3203,1272,2,2025-11-24,Store,306.36
3204,1208,4,2025-07-07,Store,108.5
3205,300,2,2024-05-14,Store,106.3
3206,1297,6,2024-04-23,Online,297.75
3207,1011,3,2025-08-18,Store,270.79
3208,1521,6,2025-02-18,Online,698.82
3209,1908,6,2024-09-18,Online,42.1
3210,411,6,2025-06-10,Online,119.22
3211,1010,4,2024-03-01,Store,298.55
3212,1370,4,2024-01-25,Store,231.87
3213,776,4,2025-07-24,Store,408.28
3214,1775,2,2025-08-03,Store,60.62
3215,284,5,2024-02-14,Store,36.73
3216,1505,5,2025-06-25,Store,591.22
3217,1357,3,2025-09-14,Store,628.4
3218,1434,3,2024-10-12,Store,121.16
3219,36,3,2024-02-10,Store,148.8
3220,1296,6,2025-06-24,Online,135.82
3221,807,3,2024-07-10,Store,79.32
3222,1268,2,2024-06-21,Store,97.25
3223,513,6,2025-05-18,Online,409.26
3224,286,3,2025-01-02,Store,321.71
3225,1258,6,2024-03-03,Online,153.24
3226,1990,4,2025-01-20,Store,113.47
3227,1773,1,2025-02-16,Store,45.93
3228,195,6,2025-09-18,Online,94.04
3229,459,3,2025-08-08,Store,145.06
3230,1948,5,2024-09-15,Store,242.66
3231,80,3,2024-01-24,Store,207.99
3232,1729,6,2025-08-04,Online,406.65
3233,1596,5,2024-05-22,Store,135.96
3234,545,5,2025-08-18,Store,482.83
3235,1664,3,2025-04-15,Store,181.62
3236,1611,3,2025-07-08,Store,103.52
3237,1796,2,2024-03-25,Store,179.96
3238,1743,3,2024-09-21,Store,114.63
3239,820,2,2024-01-24,Store,308.75
3240,845,3,2025-12-01,Store,51.08
3241,667,6,2024-04-09,Online,226.12
3242,645,3,2024-04-08,Store,147.77
3243,102,3,2025-09-10,Store,191.43
3244,1747,3,2025-05-28,Store,135.82
3245,583,2,2024-11-12,Store,97.25
3246,1623,6,2025-10-13,Online,217.4
3247,778,6,2024-01-13,Online,113.07
3248,1440,6,2024-09-01,Online,56.41
3249,517,6,2025-04-02,Online,315.78
3250,1364,2,2025-09-13,Store,130.13
3251,674,3,2024-10-06,Store,304.26
3252,1998,6,2024-02-29,Online,212.65
3253,1295,5,2024-01-17,Store,269.29
3254,1441,6,2025-06-03,Online,47.63
3255,547,6,2024-08-15,Online,300.62
3256,581,6,2024-01-02,Online,218.6
3257,1288,6,2024-05-24,Online,123.35
3258,347,3,2024-03-12,Store,37.81
3259,1324,3,2024-05-19,Store,334.16
3260,380,5,2025-01-02,Store,198.52
3261,1394,5,2024-08-15,Store,34.65
3262,1124,5,2024-01-09,Store,51.08
3263,1485,4,2024-04-06,Store,432.54
3264,1860,4,2024-04-28,Store,392.24
3265,597,2,2025-10-08,Store,587.71
3266,279,6,2024-04-27,Online,221.95
3267,1664,4,2024-09-27,Store,56.25
3268,1718,4,2024-03-28,Store,104.51
3269,27,2,2024-05-26,Store,68.19
3270,322,6,2024-06-28,Online,282.12
3271,1932,3,2025-08-04,Store,541.13
3272,1585,4,2024-12-25,Store,89.03
3273,1005,1,2024-09-27,Store,531.34
3274,1089,2,2025-03-21,Store,298.05
3275,1100,1,2024-09-21,Store,335.64
3276,796,5,2024-11-08,Store,545.47
3277,268,1,2025-03-05,Store,613.02
3278,1781,6,2025-09-28,Online,126.68
3279,1999,6,2025-01-09,Online,126.28
3280,1842,4,2025-10-02,Store,794.5
3281,371,2,2024-12-24,Store,185.52
3282,471,6,2025-02-23,Online,207.52
3283,12,3,2024-04-13,Store,118.77
3284,21,5,2024-07-06,Store,255.06
3285,1245,5,2025-06-05,Store,153.24
3286,727,6,2025-01-31,Online,555.48
3287,1278,4,2024-05-13,Store,135.82
3288,31,3,2025-09-28,Store,383.6
3289,863,6,2025-06-06,Online,174.22
3290,1294,3,2024-03-23,Store,169.46
3291,342,6,2025-01-05,Online,42.67
3292,846,3,2024-04-21,Store,410.48
3293,957,4,2024-05-29,Store,156.36
3294,411,6,2024-10-05,Online,344.98
3295,141,2,2025-01-22,Store,511.22
3296,446,1,2024-12-10,Store,238.45
3297,684,6,2024-12-30,Online,101.8
3298,1385,3,2024-06-25,Store,95.99
3299,1775,5,2025-12-08,Store,43.77
3300,1994,2,2024-03-31,Store,188.13
3301,503,1,2025-05-19,Store,95.42
3302,1766,3,2024-05-30,Store,104.52
3303,739,6,2025-11-15,Online,78.32
3304,1952,2,2024-12-11,Store,247.22
3305,817,6,2025-05-29,Online,424.84
3306,1036,2,2025-03-05,Store,460.84
3307,1990,2,2024-01-19,Store,114.63
3308,1996,5,2024-04-13,Store,461.67
3309,1812,1,2025-11-03,Store,180.4
3310,1909,6,2024-09-10,Online,166.34
3311,1944,6,2025-06-24,Online,202.46
3312,878,6,2024-09-02,Online,34.65
3313,1856,1,2025-10-19,Store,70.65
3314,1215,3,2024-07-26,Store,218.19
3315,196,3,2024-07-25,Store,89.12
3316,1482,6,2025-08-29,Online,176.53
3317,1955,1,2024-04-01,Store,207.59
3318,126,1,2025-05-01,Store,224.99
3319,200,3,2024-04-11,Store,224.46
3320,1684,6,2025-02-28,Online,247.5
3321,1045,6,2025-10-07,Online,214.58
3322,663,6,2024-12-29,Online,228.07
3323,689,2,2024-02-22,Store,159.09
3324,1330,6,2024-10-18,Online,291.52
3325,914,5,2025-01-08,Store,563.03
3326,6,6,2024-12-14,Online,69.78
3327,71,4,2025-12-24,Store,106.3
3328,633,6,2024-06-19,Online,313.95
3329,49,6,2025-06-19,Online,304.46
3330,684,2,2025-09-05,Store,158.39
3331,384,4,2025-03-01,Store,113.47
3332,1404,6,2025-12-07,Online,296.38
3333,763,6,2024-06-07,Online,42.1
3334,1282,3,2025-09-02,Store,340.7
3335,1667,1,2025-05-17,Store,67.17
3336,1577,6,2024-08-20,Online,84.2
3337,1021,6,2025-07-27,Online,419.71
3338,23,2,2025-07-14,Store,229.26
3339,505,6,2025-07-16,Online,94.49
3340,47,3,2025-05-27,Store,111.53
3341,1861,6,2024-09-20,Online,214.45
3342,678,1,2024-05-18,Store,101.79
3343,189,4,2024-07-09,Store,335.42
3344,1655,6,2025-02-04,Online,439.63
3345,80,6,2025-11-15,Online,206.72
3346,1834,2,2024-09-22,Store,115.02
3347,1220,2,2025-02-02,Store,267.89
3348,1056,3,2025-12-07,Store,135.92
3349,20,5,2025-01-08,Store,626.1
3350,88,5,2024-04-01,Store,132.0
3351,917,6,2025-02-20,Online,331.09
3352,1383,6,2024-01-10,Online,49.84
3353,1666,6,2025-10-26,Online,254.09
3354,778,4,2024-10-15,Store,302.37
3355,680,1,2024-08-15,Store,174.22
3356,1852,2,2025-05-30,Store,24.92
3357,761,1,2024-11-04,Store,489.47
3358,893,6,2024-01-16,Online,34.01
3359,1533,2,2024-05-30,Store,323.88
3360,803,1,2025-01-21,Store,94.04
3361,913,6,2025-07-17,Online,436.37
3362,630,3,2025-09-21,Store,317.16
3363,1515,1,2024-11-29,Store,101.23
3364,842,1,2024-10-09,Store,364.38
3365,797,3,2025-06-01,Store,686.24
3366,508,1,2024-11-23,Store,96.2
3367,1376,3,2024-11-24,Store,254.42
3368,1005,3,2025-07-13,Store,678.63
3369,1310,2,2024-12-03,Store,375.7
3370,1957,6,2025-05-24,Online,156.21
3371,128,1,2025-01-20,Store,326.1
3372,1685,2,2025-04-17,Store,177.76
3373,109,6,2024-01-20,Online,64.56
3374,1267,4,2025-03-21,Store,367.85
3375,1204,1,2024-10-13,Store,113.47
3376,138,6,2024-05-24,Online,20.32
3377,650,2,2024-04-14,Store,99.26
3378,1154,2,2025-05-27,Store,92.74
3379,1998,4,2024-09-26,Store,189.39
3380,1732,6,2024-08-23,Online,360.58
3381,1126,6,2024-08-09,Online,135.92
3382,1304,4,2024-08-21,Store,189.4
3383,1499,6,2024-10-30,Online,323.46
3384,102,3,2025-04-15,Store,160.92
3385,299,6,2024-06-25,Online,209.04
3386,269,6,2025-02-07,Online,210.08
3387,540,1,2025-04-06,Store,74.91
3388,1830,2,2024-11-03,Store,514.93
3389,1471,1,2025-01-21,Store,434.91
3390,1751,2,2025-12-24,Store,94.04
3391,83,5,2025-07-15,Store,468.28
3392,1680,6,2024-08-11,Online,264.17
3393,1760,1,2024-02-23,Store,101.8
3394,1188,6,2024-01-31,Online,234.11
3395,781,1,2025-02-06,Store,230.7
3396,736,6,2024-12-08,Online,325.72
3397,1925,4,2024-12-21,Store,344.32
3398,1948,2,2025-09-10,Store,141.88
3399,606,6,2024-03-26,Online,269.79
3400,678,2,2024-01-10,Store,167.08
3401,857,6,2024-11-25,Online,163.07
3402,901,4,2025-04-30,Store,402.7
3403,1494,1,2024-12-13,Store,94.21
3404,1447,6,2024-03-19,Online,341.14
3405,509,1,2025-06-23,Store,223.78
3406,1492,5,2025-05-03,Store,123.35
3407,1952,5,2024-05-13,Store,97.53
3408,1277,6,2024-03-02,Online,149.28
3409,556,2,2025-05-08,Store,236.28
3410,90,6,2025-04-20,Online,222.95
3411,263,6,2025-05-18,Online,36.73
3412,999,6,2024-10-28,Online,84.2
3413,929,5,2025-01-15,Store,51.13
3414,844,6,2025-07-19,Online,111.89
3415,1027,6,2024-02-03,Online,305.37
3416,637,6,2025-03-11,Online,384.57
3417,1042,4,2024-07-03,Store,612.21
3418,65,4,2025-07-16,Store,75.15
3419,183,2,2024-09-29,Store,61.05
3420,1387,2,2025-05-22,Store,257.9
3421,733,6,2025-04-06,Online,242.66
3422,1365,5,2024-01-20,Store,264.1
3423,570,5,2025-04-01,Store,237.49
3424,1912,6,2024-02-03,Online,180.29
3425,32,5,2024-07-08,Store,42.12
3426,654,4,2024-09-16,Store,259.58
3427,1850,5,2025-03-27,Store,97.25
3428,1114,6,2025-03-30,Online,107.96
3429,629,4,2025-07-22,Store,38.0
3430,704,2,2025-02-11,Store,196.33
3431,1318,6,2024-12-24,Online,298.44
3432,774,3,2024-11-28,Store,42.1
3433,509,6,2025-09-11,Online,73.69
3434,1154,6,2024-06-10,Online,335.82
3435,820,4,2024-04-30,Store,102.73
3436,1723,4,2025-07-30,Store,372.52
3437,1687,3,2025-04-08,Store,115.41
3438,127,2,2024-06-24,Store,98.76
3439,879,6,2024-07-29,Online,219.12
3440,1119,6,2025-08-23,Online,94.67
3441,398,5,2024-01-01,Store,204.45
3442,1902,6,2024-01-03,Online,99.25
3443,1060,6,2025-01-07,Online,155.36
3444,830,3,2024-02-15,Store,378.32
3445,1555,6,2025-08-01,Online,485.94
3446,1624,6,2025-01-15,Online,255.75
3447,192,5,2024-08-31,Store,147.77
3448,169,6,2024-02-05,Online,180.0
3449,265,6,2024-07-16,Online,65.84
3450,355,3,2024-06-20,Store,44.74
3451,1363,6,2024-06-06,Online,569.75
3452,1036,4,2024-03-01,Store,139.56
3453,199,2,2024-08-19,Store,416.49
3454,89,1,2025-02-18,Store,480.66
3455,714,6,2024-10-18,Online,81.29
3456,676,2,2024-09-08,Store,110.24
3457,1198,6,2024-09-09,Online,89.12
3458,690,3,2025-03-12,Store,220.18
3459,890,2,2024-01-28,Store,202.46
3460,946,6,2025-07-05,Online,567.69
3461,1312,5,2024-10-03,Store,49.84
3462,878,3,2024-02-28,Store,68.19
3463,1992,6,2025-09-04,Online,183.15
3464,1326,1,2025-09-18,Store,102.53
3465,869,5,2024-05-26,Store,123.35
3466,1563,4,2024-07-21,Store,167.08
3467,1927,2,2025-08-25,Store,31.04
3468,1855,1,2024-01-16,Store,47.02
3469,1283,1,2024-10-01,Store,263.39
3470,1888,3,2024-12-16,Store,411.97
3471,1553,5,2024-07-04,Store,19.86
3472,633,1,2024-08-22,Store,23.55
3473,1579,2,2025-02-14,Store,68.19
3474,1249,6,2024-10-07,Online,20.32
3475,81,3,2025-06-04,Store,215.81
3476,1219,5,2024-05-25,Store,188.78
3477,751,6,2025-04-04,Online,277.0
3478,570,6,2025-11-06,Online,129.14
3479,1305,4,2024-05-20,Store,23.55
3480,146,3,2025-12-23,Store,43.25
3481,1627,1,2024-08-23,Store,157.9
3482,311,3,2024-05-22,Store,36.36
3483,646,3,2024-11-02,Store,224.38
3484,2000,3,2025-06-13,Store,249.29
3485,40,2,2024-09-24,Store,233.85
3486,505,4,2025-01-18,Store,136.75
3487,795,1,2024-04-05,Store,109.25
3488,1336,6,2025-10-05,Online,152.29
3489,1887,6,2024-04-22,Online,517.43
3490,807,4,2024-11-05,Store,229.88
3491,1569,4,2025-05-19,Store,104.24
3492,1955,2,2024-08-01,Store,701.37
3493,1876,1,2025-03-16,Store,49.84
3494,424,2,2025-09-24,Store,198.24
3495,68,5,2024-10-23,Store,375.16
3496,56,1,2025-01-02,Store,182.66
3497,805,6,2024-11-24,Online,195.73
3498,1038,5,2025-02-18,Store,213.52
3499,1631,2,2025-02-11,Store,37.81
3500,527,3,2024-06-21,Store,283.47
3501,439,5,2025-10-14,Store,232.8
3502,1816,6,2024-06-21,Online,121.38
3503,1844,6,2024-01-09,Online,123.33
3504,1244,4,2025-11-10,Store,446.9
3505,1387,2,2025-04-02,Store,101.8
3506,1114,5,2025-08-26,Store,207.38
3507,24,5,2024-04-02,Store,368.33
3508,1939,4,2024-03-30,Store,74.91
3509,1387,3,2025-08-31,Store,31.04
3510,262,3,2025-12-20,Store,365.13
3511,1878,1,2025-03-30,Store,113.07
3512,1558,5,2024-01-01,Store,212.6
3513,522,4,2024-12-16,Store,210.81
3514,1889,2,2024-07-08,Store,96.14
3515,27,2,2025-10-24,Store,50.1
3516,1900,6,2025-09-21,Online,131.14
3517,1739,3,2024-03-27,Store,276.42
3518,1594,6,2025-07-05,Online,200.39
3519,155,6,2025-04-19,Online,305.37
3520,693,6,2024-08-15,Online,19.86
3521,605,6,2024-02-17,Online,73.76
3522,418,6,2025-06-25,Online,106.3
3523,451,1,2024-02-08,Store,89.12
3524,63,5,2024-04-23,Store,236.34
3525,134,6,2025-03-22,Online,285.59
3526,542,6,2024-12-28,Online,113.47
3527,1517,4,2024-08-21,Store,69.78
3528,314,5,2025-03-09,Store,194.5
3529,741,4,2025-11-05,Store,72.73
3530,112,4,2024-04-23,Store,99.68
3531,1114,1,2024-07-21,Store,166.94
3532,1858,4,2025-03-21,Store,109.08
3533,1903,4,2024-04-11,Store,43.25
3534,1210,5,2024-10-21,Store,226.14
3535,680,2,2025-04-15,Store,56.23
3536,1179,6,2025-02-01,Online,201.22
3537,1409,2,2024-02-02,Store,39.66
3538,182,5,2024-09-14,Store,417.57
3539,131,2,2024-10-11,Store,297.23
3540,23,3,2024-04-12,Store,313.76
3541,229,6,2025-05-21,Online,172.71
3542,785,6,2025-12-15,Online,253.36
3543,1020,5,2024-10-20,Store,112.91
3544,559,2,2024-09-30,Store,94.21
3545,90,1,2024-08-12,Store,43.77
3546,1211,1,2024-12-09,Store,186.7
3547,467,3,2024-09-18,Store,87.54
3548,1291,1,2024-01-12,Store,320.32
3549,681,2,2025-07-02,Store,89.12
3550,1374,2,2024-05-20,Store,45.93
3551,1691,5,2024-10-14,Store,122.43
3552,1145,5,2025-12-24,Store,56.25
3553,1468,6,2024-01-04,Online,392.06
3554,473,3,2025-10-02,Store,636.21
3555,1576,3,2025-02-04,Store,207.52
3556,1413,3,2025-09-09,Store,326.14
3557,310,1,2025-08-18,Store,63.14
3558,1497,6,2025-11-19,Online,70.88
3559,79,1,2025-10-25,Store,214.7
3560,20,6,2025-06-19,Online,101.79
3561,443,3,2024-02-22,Store,90.2
3562,1479,2,2025-07-09,Store,611.65
3563,758,5,2024-12-25,Store,329.68
3564,366,2,2025-11-26,Store,597.51
3565,156,1,2024-03-09,Store,141.3
3566,86,5,2025-12-11,Store,50.25
3567,1688,3,2025-06-13,Store,383.35
3568,1038,2,2024-06-01,Store,118.98
3569,266,4,2024-06-19,Store,354.84
3570,1664,1,2024-11-11,Store,122.66
3571,1427,6,2025-10-27,Online,206.8
3572,1956,1,2025-01-07,Store,50.1
3573,1044,4,2024-02-04,Store,90.43
3574,193,6,2025-12-23,Online,113.16
3575,85,3,2025-03-11,Store,213.53
3576,142,5,2025-05-09,Store,129.05
3577,1451,4,2025-02-18,Store,50.02
3578,1784,3,2024-05-03,Store,325.61
3579,24,6,2025-03-06,Online,131.68
3580,549,1,2025-08-11,Store,320.24
3581,1440,2,2025-04-07,Store,175.49
3582,680,4,2025-05-29,Store,278.39
3583,936,6,2024-02-17,Online,177.76
3584,173,4,2025-08-09,Store,44.74
3585,323,6,2024-06-22,Online,323.83
3586,165,6,2025-05-30,Online,304.48
3587,1544,6,2024-11-18,Online,288.36
3588,1302,3,2025-11-17,Store,152.31
3589,1229,1,2024-04-30,Store,151.73
3590,799,2,2025-07-28,Store,312.72
3591,317,6,2024-03-20,Online,201.16
3592,1459,1,2024-01-31,Store,113.47
3593,1105,6,2024-03-03,Online,289.06
3594,1857,4,2025-11-23,Store,166.3
3595,724,6,2025-08-18,Online,68.02
3596,141,6,2025-08-03,Online,454.77
3597,1509,4,2025-03-04,Store,316.99
3598,1759,3,2024-08-26,Store,135.53
3599,1833,6,2024-01-07,Online,310.54
3600,368,1,2024-09-25,Store,65.57
3601,1075,3,2024-06-10,Store,94.04
3602,423,5,2025-08-28,Store,202.61
3603,686,6,2024-03-30,Online,276.21
3604,299,6,2025-12-04,Online,354.36
3605,1922,4,2025-09-17,Store,418.91
3606,47,5,2024-12-14,Store,361.88
3607,745,4,2025-09-13,Store,445.29
3608,397,4,2025-07-28,Store,493.32
3609,179,2,2024-02-25,Store,113.12
3610,238,5,2024-03-18,Store,70.88
3611,1490,6,2025-02-28,Online,217.0
3612,1708,3,2024-01-06,Store,94.67
3613,652,3,2025-10-18,Store,89.12
3614,1346,1,2024-04-26,Store,97.25
3615,904,2,2025-08-16,Store,517.74
3616,965,1,2025-10-28,Store,414.84
3617,801,3,2025-10-31,Store,108.21
3618,311,5,2025-04-04,Store,200.5
3619,731,6,2025-09-05,Online,341.65
3620,1123,5,2024-02-01,Store,204.16
3621,1116,4,2024-03-08,Store,48.57
3622,1212,1,2025-06-25,Store,131.31
3623,1327,5,2025-07-17,Store,69.3
3624,1974,1,2024-10-30,Store,225.25
3625,1160,2,2025-11-07,Store,204.26
3626,1900,6,2024-12-13,Online,578.32
3627,298,6,2025-03-05,Online,229.63
3628,1678,1,2024-04-25,Store,275.1
3629,227,5,2024-04-22,Store,69.78
3630,936,1,2025-02-05,Store,98.76
3631,441,1,2025-06-27,Store,30.63
3632,1457,2,2025-10-01,Store,90.43
3633,1670,6,2024-06-28,Online,621.34
3634,1999,1,2024-08-11,Store,90.2
3635,351,5,2025-10-07,Store,129.73
3636,896,5,2025-06-18,Store,431.92
3637,1323,2,2024-03-24,Store,253.36
3638,517,1,2024-10-29,Store,731.89
3639,1137,5,2025-01-17,Store,29.93
3640,407,5,2025-08-22,Store,153.39
3641,307,3,2024-08-16,Store,30.79
3642,1513,2,2024-07-06,Store,151.05
3643,1898,6,2025-12-22,Online,97.53
3644,793,4,2025-10-26,Store,277.62
3645,839,1,2024-10-27,Store,42.67
3646,529,3,2025-12-07,Store,49.7
3647,1122,3,2024-08-15,Store,131.31
3648,895,1,2024-03-22,Store,289.48
3649,1061,6,2024-10-12,Online,537.4
3650,1431,6,2025-12-19,Online,220.48
3651,1650,6,2025-06-06,Online,142.92
3652,549,2,2025-08-06,Store,135.32
3653,1789,2,2025-06-14,Store,334.47
3654,1217,6,2025-02-13,Online,168.69
3655,413,5,2024-05-10,Store,104.51
3656,126,1,2025-02-16,Store,234.82
3657,1893,3,2024-10-17,Store,109.25
3658,1151,6,2025-08-03,Online,710.25
3659,1524,5,2024-06-27,Store,65.57
3660,1468,6,2024-09-19,Online,111.49
3661,21,1,2024-07-07,Store,77.95
3662,614,2,2025-09-26,Store,160.16
3663,575,6,2025-02-11,Online,72.73
3664,777,2,2025-08-05,Store,249.28
3665,730,4,2025-01-21,Store,188.88
3666,1220,6,2025-09-07,Online,335.14
3667,768,2,2025-09-09,Store,227.18
3668,394,1,2024-11-24,Store,413.82
3669,1005,2,2025-02-13,Store,220.29
3670,1377,6,2025-09-17,Online,405.96
3671,1850,4,2025-03-20,Store,108.5
3672,944,6,2024-09-17,Online,543.12
3673,26,2,2024-09-14,Store,265.3
3674,1299,6,2025-06-24,Online,472.18
3675,912,1,2024-06-07,Store,472.86
3676,427,4,2024-02-20,Store,195.34
3677,1675,3,2025-02-12,Store,34.65
3678,1036,1,2024-03-09,Store,355.72
3679,265,6,2024-10-18,Online,136.77
3680,569,1,2024-05-01,Store,88.88
3681,689,1,2025-08-11,Store,42.12
3682,1249,2,2025-07-10,Store,167.82
3683,1882,1,2025-09-19,Store,310.27
3684,230,1,2024-06-12,Store,293.99
3685,1458,5,2024-10-30,Store,584.61
3686,57,3,2024-02-26,Store,145.32
3687,166,4,2024-02-01,Store,210.0
3688,1109,5,2025-09-15,Store,558.02
3689,27,6,2025-08-05,Online,447.21
3690,377,3,2024-02-04,Store,139.89
3691,1861,1,2024-05-14,Store,334.6
3692,674,6,2024-01-03,Online,51.13
3693,1472,1,2024-04-12,Store,201.33
3694,77,6,2025-10-29,Online,589.02
3695,1874,1,2024-01-07,Store,191.98
3696,1001,2,2024-11-10,Store,108.5
3697,1298,4,2024-06-16,Store,297.78
3698,587,6,2025-11-07,Online,315.17
3699,1804,6,2024-02-23,Online,91.23
3700,243,6,2025-10-19,Online,43.25
3701,1996,6,2024-12-24,Online,31.04
3702,709,6,2025-08-12,Online,131.57
3703,389,4,2025-12-12,Store,89.12
3704,909,2,2025-08-20,Store,165.08
3705,1924,6,2025-05-10,Online,160.16
3706,39,4,2024-07-13,Store,33.35
3707,1811,5,2024-10-27,Store,363.29
3708,1205,4,2025-09-15,Store,153.24
3709,1882,6,2025-03-17,Online,222.98
3710,819,1,2024-05-11,Store,113.16
3711,200,6,2024-01-06,Online,184.8
3712,1041,5,2025-09-14,Store,60.62
3713,1137,3,2024-02-04,Store,550.44
3714,1208,5,2025-12-12,Store,31.04
3715,1047,4,2025-07-05,Store,232.92
3716,725,6,2024-07-16,Online,472.52
3717,1840,2,2024-01-02,Store,115.41
3718,1048,6,2024-03-21,Online,81.14
3719,302,3,2025-04-07,Store,180.4
3720,1844,4,2025-09-26,Store,50.25
3721,1431,2,2025-09-08,Store,439.77
3722,203,4,2025-05-18,Store,185.91
3723,1730,5,2024-01-13,Store,135.47
3724,1639,3,2025-07-06,Store,39.66
3725,1853,2,2024-09-11,Store,118.73
3726,1378,6,2024-07-01,Online,73.76
3727,1939,6,2025-11-28,Online,94.04
3728,1027,3,2024-06-13,Store,227.89
3729,544,1,2025-06-10,Store,254.4
3730,1614,6,2025-07-21,Online,315.78
3731,1200,5,2025-10-05,Store,539.1
3732,438,1,2025-02-05,Store,56.41
3733,1481,6,2024-12-12,Online,330.72
3734,1478,6,2024-10-16,Online,181.91
3735,1525,6,2024-07-27,Online,163.04
3736,1704,1,2024-07-23,Store,65.84
3737,417,2,2025-04-24,Store,85.34
3738,823,3,2025-05-30,Store,625.58
3739,203,2,2025-05-14,Store,104.38
3740,1640,6,2025-09-11,Online,230.43
3741,973,1,2024-06-21,Store,95.99
3742,1883,5,2024-04-30,Store,225.15
3743,393,1,2025-12-10,Store,686.81
3744,561,4,2024-05-28,Store,348.95
3745,673,6,2024-02-18,Online,226.32
3746,1186,6,2024-09-03,Online,50.23
3747,231,3,2025-08-31,Store,312.03
3748,1220,1,2025-12-01,Store,70.7
3749,22,1,2024-08-19,Store,205.64
3750,1390,1,2025-05-03,Store,299.04
3751,844,6,2024-02-28,Online,220.3
3752,612,4,2025-10-17,Store,415.62
3753,1876,5,2024-03-16,Store,252.91
3754,1644,2,2025-03-07,Store,317.95
3755,1777,6,2025-02-21,Online,131.41
3756,595,5,2025-08-13,Store,47.63
3757,131,5,2024-08-25,Store,409.55
3758,1974,1,2024-05-12,Store,178.06
3759,658,6,2025-04-04,Online,469.08
3760,1155,5,2025-06-13,Store,33.34
3761,1397,3,2024-02-23,Store,65.84
3762,1621,1,2025-02-09,Store,76.0
3763,1957,6,2025-01-14,Online,224.38
3764,1881,2,2025-10-10,Store,218.6
3765,134,3,2025-09-30,Store,210.07
3766,1156,3,2025-08-23,Store,60.62
3767,1114,3,2024-06-17,Store,50.02
3768,1835,6,2025-10-16,Online,94.04
3769,945,2,2024-01-24,Store,141.98
3770,1011,1,2025-04-16,Store,147.24
3771,1909,3,2025-01-10,Store,104.13
3772,1254,6,2025-10-26,Online,229.36
3773,1844,1,2025-06-30,Store,25.05
3774,1449,6,2025-04-19,Online,226.94
3775,684,3,2025-05-19,Store,278.64
3776,1776,6,2025-10-07,Online,158.05
3777,1966,6,2025-07-24,Online,282.89
3778,349,6,2024-05-07,Online,91.68
3779,624,1,2025-07-15,Store,95.99
3780,182,1,2024-08-04,Store,102.16
3781,968,6,2024-10-16,Online,209.49
3782,80,5,2024-06-20,Store,175.58
3783,585,3,2025-05-20,Store,166.65
3784,931,4,2025-01-24,Store,306.36
3785,1827,6,2025-02-22,Online,41.29
3786,128,6,2024-05-22,Online,90.2
3787,1279,5,2025-04-03,Store,95.99
3788,224,3,2025-03-07,Store,319.94
3789,1738,2,2024-03-05,Store,167.08
3790,233,6,2024-03-13,Online,110.24
3791,359,6,2024-01-05,Online,111.53
3792,312,4,2025-10-12,Store,348.67
3793,339,4,2025-06-23,Store,85.02
3794,915,6,2024-05-12,Online,92.74
3795,785,4,2024-08-02,Store,94.49
3796,1611,6,2025-03-28,Online,220.39
3797,166,6,2024-09-27,Online,79.63
3798,1605,5,2024-11-23,Store,562.38
3799,1856,2,2024-02-25,Store,65.57
3800,1505,2,2025-08-09,Store,185.83
3801,1876,5,2025-08-12,Store,242.05
3802,1710,6,2024-11-03,Online,208.77
3803,260,5,2024-05-06,Store,143.17
3804,1690,1,2025-09-13,Store,127.12
3805,845,2,2024-01-08,Store,127.2
3806,212,5,2024-07-09,Store,330.22
3807,1662,3,2024-03-31,Store,237.15
3808,971,6,2025-10-19,Online,81.24
3809,1740,5,2024-01-27,Store,134.44
3810,489,2,2024-07-13,Store,258.08
3811,1330,1,2024-08-05,Store,127.1
3812,1217,4,2025-02-18,Store,49.84
3813,1616,6,2025-07-28,Online,407.66
3814,1128,4,2025-04-16,Store,102.26
3815,720,4,2025-10-30,Store,95.99
3816,1510,2,2025-04-29,Store,379.42
3817,200,4,2025-07-01,Store,238.58
3818,1001,3,2024-07-05,Store,90.9
3819,513,2,2025-12-06,Store,286.34
3820,276,1,2025-06-12,Store,48.57
3821,1260,6,2024-10-31,Online,180.83
3822,1273,5,2025-08-28,Store,239.44
3823,417,2,2025-11-19,Store,198.5
3824,112,1,2024-03-27,Store,126.68
3825,230,4,2024-12-16,Store,94.67
3826,1382,6,2025-03-29,Online,20.32
3827,1761,6,2025-09-15,Online,322.87
3828,1481,1,2024-05-07,Store,226.14
3829,1592,6,2025-02-06,Online,369.67
3830,758,6,2024-06-07,Online,253.36
3831,761,1,2025-10-02,Store,56.23
3832,1327,6,2025-04-05,Online,94.49
3833,1880,4,2024-03-18,Store,102.16
3834,727,6,2025-12-17,Online,531.66
3835,1874,5,2025-03-29,Store,34.01
3836,1106,5,2024-02-23,Store,242.66
3837,830,6,2024-12-09,Online,155.72
3838,959,1,2024-11-07,Store,73.69
3839,1603,3,2024-02-08,Store,297.38
3840,827,6,2024-02-24,Online,20.32
3841,1277,4,2024-01-19,Store,264.75
3842,815,6,2025-01-10,Online,181.28
3843,630,4,2025-01-15,Store,381.35
3844,498,5,2024-06-12,Store,107.96
3845,722,6,2025-12-24,Online,141.76
3846,792,2,2025-11-09,Store,624.18
3847,943,2,2024-09-25,Store,165.36
3848,176,3,2024-11-18,Store,66.29
3849,1858,2,2025-06-19,Store,376.69
3850,428,1,2025-05-11,Store,303.7
3851,1439,3,2025-09-04,Store,408.16
3852,1888,2,2025-06-02,Store,23.55
3853,537,2,2025-09-27,Store,418.46
3854,714,6,2025-12-20,Online,543.64
3855,252,2,2025-03-22,Store,25.05
3856,1991,1,2024-08-15,Store,299.77
3857,1960,1,2025-07-15,Store,252.7
3858,1504,6,2024-04-16,Online,89.03
3859,1873,1,2024-12-13,Store,68.19
3860,1861,1,2025-12-02,Store,381.05
3861,579,1,2024-05-20,Store,581.62
3862,1850,1,2024-11-07,Store,394.86
3863,791,2,2024-06-14,Store,192.08
3864,1381,6,2025-05-31,Online,164.33
3865,1716,2,2025-05-28,Store,424.8
3866,1572,3,2025-04-06,Store,179.72
3867,1723,4,2024-12-03,Store,181.06
3868,1567,3,2025-02-01,Store,234.6
3869,928,4,2024-07-23,Store,104.92
3870,1099,5,2025-02-14,Store,189.34
3871,793,2,2025-08-11,Store,833.85
3872,221,4,2025-02-04,Store,31.04
3873,676,3,2025-06-11,Store,105.26
3874,380,2,2024-10-02,Store,289.73
3875,1446,2,2025-11-25,Store,379.38
3876,1635,6,2025-03-31,Online,110.24
3877,762,5,2024-05-02,Store,30.63
3878,122,2,2025-08-10,Store,270.95
3879,268,6,2024-04-11,Online,135.92
3880,1802,2,2024-11-22,Store,205.64
3881,193,3,2024-10-11,Store,111.49
3882,57,1,2025-06-19,Store,192.75
3883,1283,6,2025-05-20,Online,410.04
3884,1471,1,2024-06-25,Store,45.93
3885,195,2,2024-01-06,Store,66.92
3886,607,6,2025-04-02,Online,318.3
3887,82,5,2025-02-28,Store,212.98
3888,69,5,2024-03-14,Store,23.55
3889,389,3,2024-11-28,Store,112.96
3890,700,5,2024-09-19,Store,499.7
3891,18,4,2025-04-28,Store,510.41
3892,203,3,2024-07-25,Store,440.43
3893,451,3,2024-01-18,Store,200.37
3894,805,4,2025-04-26,Store,325.49
3895,891,5,2025-02-22,Store,72.72
3896,1603,3,2024-11-01,Store,354.55
3897,132,6,2025-02-25,Online,36.36
3898,1799,6,2025-12-11,Online,78.32
3899,1606,3,2025-09-18,Store,361.07
3900,652,3,2024-10-11,Store,96.36
3901,827,2,2024-01-13,Store,152.05
3902,1397,6,2025-09-13,Online,180.29
3903,1102,1,2025-08-12,Store,41.29
3904,652,3,2024-06-05,Store,128.02
3905,1756,6,2025-09-16,Online,156.36
3906,1043,4,2024-11-21,Store,486.99
3907,701,2,2025-12-08,Store,287.97
3908,1930,4,2024-01-15,Store,224.08
3909,646,2,2024-08-16,Store,244.33
3910,93,2,2025-08-21,Store,219.49
3911,1368,6,2025-03-18,Online,208.38
3912,821,5,2024-09-13,Store,104.19
3913,1851,4,2024-02-15,Store,538.19
3914,1989,1,2024-05-23,Store,180.29
3915,1631,1,2024-01-18,Store,225.92
3916,413,3,2024-06-06,Store,68.19
3917,752,6,2025-03-26,Online,75.47
3918,86,4,2025-04-16,Store,99.26
3919,845,1,2024-04-26,Store,282.83
3920,901,2,2024-09-30,Store,549.79
3921,842,6,2024-05-12,Online,336.1
3922,1325,6,2025-12-14,Online,201.36
3923,1628,3,2025-03-06,Store,94.21
3924,1666,3,2024-08-13,Store,211.88
3925,1145,5,2024-02-01,Store,202.98
3926,941,1,2025-09-29,Store,94.04
3927,1998,4,2025-05-07,Store,156.36
3928,1190,3,2024-04-11,Store,332.24
3929,952,6,2024-07-05,Online,483.43
3930,219,3,2024-03-29,Store,270.6
3931,663,3,2025-06-26,Store,473.75
3932,1781,6,2024-06-02,Online,43.25
3933,1107,6,2025-01-25,Online,370.9
3934,1151,2,2025-07-15,Store,205.84
3935,539,1,2024-06-05,Store,69.72
3936,1510,2,2024-05-27,Store,56.41
3937,165,4,2025-04-06,Store,245.72
3938,1762,3,2024-06-04,Store,279.34
3939,900,3,2024-02-06,Store,520.81
3940,1360,6,2024-11-19,Online,432.32
3941,1436,2,2025-04-03,Store,262.82
3942,194,1,2024-10-14,Store,411.79
3943,19,1,2024-03-13,Store,199.13
3944,1357,3,2024-11-17,Store,49.7
3945,543,2,2025-07-11,Store,179.68
3946,1958,3,2024-08-03,Store,49.7
3947,1190,3,2025-08-20,Store,122.66
3948,1065,4,2024-02-29,Store,113.98
3949,1879,3,2025-09-15,Store,238.21
3950,1917,3,2025-07-17,Store,24.92
3951,1093,1,2025-06-08,Store,30.79
3952,393,2,2024-01-24,Store,429.02
3953,981,3,2024-06-03,Store,90.9
3954,185,6,2024-04-21,Online,334.59
3955,453,4,2025-11-14,Store,197.97
3956,1045,4,2024-03-31,Store,239.16
3957,1709,4,2025-08-03,Store,264.29
3958,256,6,2025-11-02,Online,162.21
3959,1637,4,2024-01-28,Store,292.21
3960,1319,6,2025-02-01,Online,255.87
3961,1952,6,2024-05-01,Online,29.93
3962,85,4,2024-08-12,Store,29.93
3963,99,6,2025-07-22,Online,180.29
3964,333,5,2024-08-24,Store,141.06
3965,118,6,2025-06-07,Online,306.39
3966,143,6,2025-09-14,Online,405.3
3967,996,4,2025-03-06,Store,70.88
3968,1022,6,2025-09-20,Online,94.49
3969,1219,4,2024-08-18,Store,256.48
3970,30,1,2025-03-28,Store,153.24
3971,1739,6,2024-06-23,Online,426.44
3972,1295,6,2024-12-03,Online,167.82
3973,15,6,2024-11-21,Online,334.59
3974,993,1,2025-01-01,Store,30.79
3975,476,1,2025-05-04,Store,162.49
3976,147,3,2025-06-12,Store,230.82
3977,1425,6,2024-09-26,Online,19.86
3978,896,6,2025-06-05,Online,276.49
3979,1318,3,2024-03-06,Store,68.19
3980,189,6,2024-02-22,Online,497.74
3981,1277,3,2024-08-20,Store,468.28
3982,106,6,2025-03-30,Online,106.3
3983,1725,4,2025-02-06,Store,171.22
3984,743,4,2025-08-19,Store,241.7
3985,1935,4,2025-04-02,Store,286.8
3986,1775,4,2025-10-16,Store,563.32
3987,1634,2,2024-09-26,Store,104.52
3988,1019,5,2024-10-27,Store,192.08
3989,424,6,2024-08-25,Online,420.26
3990,1705,6,2024-01-23,Online,36.36
3991,1005,1,2024-05-17,Store,147.35
3992,561,1,2025-06-02,Store,336.62
3993,870,1,2025-05-25,Store,75.62
3994,16,2,2024-06-13,Store,231.08
3995,536,4,2025-03-25,Store,102.12
3996,539,6,2025-07-26,Online,175.56
3997,1052,2,2025-08-01,Store,237.48
3998,1785,5,2024-11-07,Store,249.94
3999,668,6,2024-06-28,Online,96.04
4000,65,2,2025-01-16,Store,180.83
4001,308,6,2024-09-17,Online,265.47
4002,350,6,2024-01-25,Online,407.79
4003,873,6,2025-04-27,Online,260.77
4004,362,6,2024-12-19,Online,158.4
4005,1540,5,2025-10-04,Store,282.6
4006,1083,6,2025-09-16,Online,89.12
4007,1720,3,2024-01-04,Store,312.57
4008,113,2,2024-06-18,Store,99.25
4009,293,6,2025-02-18,Online,246.53
4010,1767,1,2024-10-20,Store,328.34
4011,797,1,2024-10-07,Store,125.87
4012,491,6,2025-12-23,Online,143.91
4013,1359,6,2025-05-13,Online,302.94
4014,365,6,2024-05-08,Online,137.92
4015,1542,3,2024-09-04,Store,575.91
4016,1981,5,2025-10-11,Store,318.9
4017,345,2,2024-01-31,Store,264.61
4018,1618,1,2024-07-10,Store,94.36
4019,55,1,2025-03-01,Store,53.36
4020,1908,2,2025-09-06,Store,609.07
4021,1614,5,2024-03-20,Store,181.86
4022,346,5,2025-02-07,Store,621.99
4023,1394,6,2024-05-17,Online,175.94
4024,519,5,2025-12-16,Store,369.12
4025,574,2,2024-08-01,Store,397.8
4026,1224,2,2025-03-07,Store,77.95
4027,42,5,2024-01-17,Store,72.72
4028,729,5,2025-09-21,Store,94.67
4029,266,6,2024-11-07,Online,104.13
4030,942,2,2024-10-07,Store,70.88
4031,960,2,2024-08-04,Store,203.58
4032,1771,2,2024-03-05,Store,149.82
4033,32,2,2025-01-04,Store,99.26
4034,190,5,2025-01-20,Store,198.25
4035,1617,1,2024-05-11,Store,81.24
4036,411,6,2025-08-21,Online,381.33
4037,935,6,2025-01-25,Online,236.68
4038,1069,6,2025-10-16,Online,115.02
4039,959,3,2025-01-19,Store,247.79
4040,1486,1,2024-01-27,Store,335.42
4041,1440,3,2025-07-14,Store,371.25
4042,300,5,2024-12-08,Store,226.14
4043,136,3,2024-08-01,Store,376.5
4044,241,6,2025-11-30,Online,73.69
4045,1160,3,2025-05-07,Store,36.73
4046,1854,3,2024-01-01,Store,178.24
4047,297,6,2024-08-27,Online,197.52
4048,95,1,2024-10-09,Store,112.5
4049,578,3,2024-03-26,Store,24.92
4050,822,4,2025-08-17,Store,168.41
4051,1554,2,2025-08-25,Store,24.92
4052,493,1,2025-08-26,Store,123.35
4053,420,6,2025-12-05,Online,23.55
4054,1683,6,2024-11-25,Online,153.24
4055,1847,3,2025-10-28,Store,123.75
4056,187,5,2024-07-17,Store,51.13
4057,575,4,2025-01-17,Store,262.71
4058,560,4,2025-07-02,Store,63.47
4059,1755,1,2024-11-15,Store,77.95
4060,552,2,2024-04-04,Store,120.81
4061,70,3,2024-06-23,Store,266.4
4062,1114,6,2025-07-15,Online,135.53
4063,599,6,2024-02-16,Online,258.0
4064,864,6,2025-03-09,Online,90.2
4065,5,5,2025-04-10,Store,284.85
4066,324,4,2024-05-26,Store,252.09
4067,652,4,2024-03-14,Store,94.04
4068,45,3,2025-12-24,Store,112.34
4069,1605,3,2024-07-08,Store,92.86
4070,747,6,2025-05-29,Online,48.57
4071,541,4,2025-10-24,Store,214.27
4072,1475,3,2025-11-22,Store,335.64
4073,1120,4,2024-06-21,Store,108.5
4074,1559,4,2024-10-23,Store,90.24
4075,1373,4,2024-02-07,Store,93.3
4076,396,2,2024-11-23,Store,188.38
4077,791,5,2025-02-15,Store,135.92
4078,136,6,2025-06-15,Online,88.88
4079,911,1,2024-05-19,Store,113.47
4080,766,3,2024-11-23,Store,303.69
4081,369,6,2024-05-13,Online,41.29
4082,1187,2,2025-01-16,Store,94.04
4083,1784,2,2024-04-07,Store,669.9
4084,1226,5,2024-07-31,Store,31.04
4085,932,4,2024-08-16,Store,186.65
4086,1181,4,2025-01-07,Store,89.03
4087,129,3,2024-04-29,Store,227.9
4088,1196,2,2024-09-17,Store,185.72
4089,196,3,2025-11-26,Store,136.68
4090,1975,6,2024-11-07,Online,163.07
4091,373,3,2024-11-01,Store,64.25
4092,1518,6,2024-09-27,Online,86.2
4093,1610,3,2024-06-27,Store,284.7
4094,1822,1,2024-12-31,Store,228.0
4095,1526,6,2025-10-13,Online,146.27
4096,1143,5,2024-09-05,Store,89.03
4097,1914,5,2025-10-14,Store,161.59
4098,1331,5,2024-08-25,Store,102.26
4099,109,1,2024-04-04,Store,93.96
4100,1198,2,2025-01-27,Store,244.35
4101,1298,5,2025-05-14,Store,231.96
4102,1286,2,2024-09-09,Store,221.67
4103,910,1,2024-11-03,Store,110.24
4104,384,5,2025-01-13,Store,25.05
4105,381,1,2025-08-18,Store,94.36
4106,1532,1,2024-10-04,Store,317.65
4107,594,6,2024-12-12,Online,94.67
4108,228,6,2025-12-06,Online,189.75
4109,499,6,2025-08-13,Online,185.22
4110,26,3,2024-10-23,Store,149.52
4111,1001,5,2025-02-01,Store,92.74
4112,760,6,2024-10-31,Online,110.24
4113,1698,3,2024-06-09,Store,236.54
4114,456,5,2025-03-04,Store,286.41
4115,168,6,2025-11-06,Online,110.24
4116,1288,6,2025-05-27,Online,155.85
4117,845,3,2025-02-26,Store,108.51
4118,1756,6,2024-10-30,Online,213.63
4119,397,1,2025-09-15,Store,405.43
4120,1290,3,2024-04-08,Store,104.19
4121,1252,1,2025-05-27,Store,34.65
4122,911,6,2025-06-11,Online,112.72
4123,991,4,2024-09-07,Store,170.04
4124,1283,6,2025-04-30,Online,180.83
4125,1850,3,2025-12-08,Store,188.42
4126,492,2,2024-01-05,Store,472.55
4127,720,5,2025-07-21,Store,288.07
4128,82,6,2024-10-08,Online,439.42
4129,473,6,2024-10-19,Online,34.01
4130,1096,6,2024-10-31,Online,144.27
4131,513,3,2025-10-19,Store,123.75
4132,384,1,2025-08-15,Store,129.48
4133,771,2,2024-12-18,Store,385.47
4134,950,6,2025-09-04,Online,37.81
4135,1511,3,2025-08-22,Store,390.41
4136,1651,4,2025-02-08,Store,221.92
4137,1117,4,2025-11-14,Store,34.65
4138,1620,3,2025-12-20,Store,499.62
4139,1367,6,2025-02-23,Online,66.92
4140,121,6,2025-02-25,Online,150.46
4141,917,6,2024-08-13,Online,239.87
4142,1570,2,2024-04-20,Store,149.82
4143,241,3,2025-08-07,Store,92.74
4144,1324,3,2024-09-09,Store,267.24
4145,764,6,2024-03-24,Online,108.5
4146,565,5,2024-10-05,Store,297.78
4147,651,6,2025-03-05,Online,126.55
4148,974,6,2025-06-30,Online,297.02
4149,949,6,2025-07-12,Online,281.57
4150,271,3,2024-03-13,Store,157.74
4151,545,2,2024-09-14,Store,703.97
4152,30,3,2025-08-15,Store,134.2
4153,724,3,2024-01-26,Store,135.32
4154,1753,1,2024-06-14,Store,227.36
4155,287,5,2025-03-03,Store,444.06
4156,1058,4,2024-02-03,Store,144.43
4157,1601,1,2024-02-10,Store,56.41
4158,857,2,2024-07-24,Store,139.56
4159,1931,5,2024-12-03,Store,111.89
4160,1016,1,2024-06-08,Store,362.16
4161,1579,6,2025-08-02,Online,586.87
4162,203,6,2025-07-10,Online,160.16
4163,1451,6,2025-05-07,Online,202.46
4164,1404,1,2024-03-29,Store,135.8
4165,1200,6,2025-12-23,Online,65.57
4166,403,6,2024-01-17,Online,348.73
4167,224,6,2025-06-17,Online,199.28
4168,1086,2,2024-05-02,Store,32.28
4169,1248,6,2025-10-09,Online,68.19
4170,1289,4,2025-05-11,Store,660.85
4171,1249,1,2025-03-22,Store,36.36
4172,1981,4,2025-05-17,Store,320.32
4173,839,1,2024-07-11,Store,256.96
4174,1260,1,2024-03-22,Store,95.99
4175,1671,3,2024-11-04,Store,219.25
4176,1465,1,2024-05-05,Store,458.11
4177,443,3,2025-10-18,Store,25.05
4178,155,1,2024-02-19,Store,99.26
4179,572,5,2024-12-09,Store,153.24
4180,1280,6,2025-09-03,Online,324.55
4181,1751,6,2024-03-09,Online,81.24
4182,1028,6,2024-12-18,Online,317.82
4183,1608,6,2024-06-28,Online,110.23
4184,1119,6,2024-03-17,Online,77.95
4185,1633,6,2024-10-16,Online,155.9
4186,222,6,2025-12-25,Online,32.28
4187,110,4,2025-12-22,Store,449.56
4188,1721,6,2025-01-02,Online,96.2
4189,77,5,2025-06-02,Store,360.55
4190,17,3,2024-02-29,Store,101.23
4191,1441,2,2025-10-05,Store,133.57
4192,1511,1,2025-11-10,Store,49.7
4193,875,6,2025-05-31,Online,30.63
4194,1049,1,2024-07-07,Store,170.04
4195,1977,1,2025-04-11,Store,39.66
4196,773,6,2025-10-31,Online,56.23
4197,545,6,2024-09-22,Online,73.69
4198,587,4,2024-01-24,Store,290.75
4199,1206,6,2025-10-31,Online,402.49
4200,821,6,2025-01-22,Online,431.85
4201,1021,1,2024-07-03,Store,218.6
4202,298,5,2025-06-08,Store,96.14
4203,213,2,2024-01-06,Store,108.7
4204,1751,6,2025-02-25,Online,70.7
4205,1239,3,2025-11-19,Store,149.52
4206,1530,5,2024-04-12,Store,77.71
4207,975,1,2024-01-08,Store,34.01
4208,1493,1,2025-05-28,Store,161.93
4209,1473,3,2025-11-06,Store,105.94
4210,367,4,2025-07-19,Store,66.0
4211,1426,6,2024-06-07,Online,52.19
4212,638,1,2025-04-27,Store,135.53
4213,1983,1,2024-07-16,Store,111.89
4214,669,2,2025-09-01,Store,77.71
4215,577,4,2024-04-04,Store,335.64
4216,1389,2,2024-10-01,Store,91.86
4217,1352,6,2024-08-21,Online,318.3
4218,997,4,2025-12-22,Store,90.2
4219,1141,6,2025-11-14,Online,180.86
4220,1489,4,2024-11-17,Store,75.15
4221,230,6,2025-03-29,Online,216.71
4222,743,1,2024-01-08,Store,174.96
4223,1348,3,2025-12-18,Store,300.92
4224,382,6,2025-09-05,Online,188.88
4225,1768,6,2025-07-07,Online,79.89
4226,83,1,2024-11-03,Store,94.21
4227,1906,6,2025-12-30,Online,237.37
4228,822,3,2024-05-09,Store,343.47
4229,377,1,2025-04-25,Store,390.8
4230,327,2,2025-10-05,Store,50.25
4231,1411,4,2024-03-28,Store,257.6
4232,1497,6,2024-08-16,Online,102.53
4233,652,4,2024-12-18,Store,204.57
4234,1271,3,2025-10-19,Store,258.88
4235,970,1,2025-04-20,Store,269.42
4236,309,6,2024-04-09,Online,36.36
4237,167,1,2025-03-31,Store,330.72
4238,723,3,2024-09-02,Store,267.27
4239,613,6,2024-12-05,Online,537.45
4240,1916,6,2025-01-16,Online,303.51
4241,342,2,2025-07-11,Store,235.8
4242,1262,6,2024-01-01,Online,219.76
4243,1569,6,2025-12-07,Online,94.04
4244,516,6,2025-06-16,Online,263.96
4245,477,3,2024-03-09,Store,237.22
4246,1124,5,2024-09-03,Store,262.82
4247,1966,5,2025-01-15,Store,70.7
4248,1800,5,2025-02-12,Store,85.02
4249,776,4,2024-04-05,Store,252.06
4250,583,6,2025-07-19,Online,63.14
4251,1945,2,2025-10-12,Store,70.88
4252,1140,6,2025-05-05,Online,152.61
4253,1663,2,2025-09-19,Store,487.23
4254,106,5,2025-05-25,Store,548.5
4255,666,6,2025-06-28,Online,122.66
4256,1532,1,2024-05-24,Store,162.55
4257,205,6,2024-02-02,Online,56.41
4258,1400,4,2024-05-09,Store,155.9
4259,1685,4,2024-12-16,Store,61.26
4260,921,2,2025-09-06,Store,106.3
4261,154,6,2024-11-18,Online,145.46
4262,1153,3,2025-08-21,Store,417.48
4263,192,2,2025-01-22,Store,81.24
4264,279,6,2025-01-12,Online,81.24
4265,1500,6,2024-08-06,Online,104.13
4266,1605,2,2024-12-12,Store,137.54
4267,773,3,2024-08-15,Store,337.72
4268,513,4,2025-06-21,Store,112.96
4269,309,3,2024-01-21,Store,251.32
4270,1483,6,2025-12-07,Online,129.04
4271,257,3,2025-05-12,Store,73.69
4272,1394,2,2024-05-22,Store,334.52
4273,1252,6,2024-06-30,Online,147.33
4274,44,6,2025-02-19,Online,135.92
4275,1616,1,2024-01-06,Store,335.67
4276,1399,1,2024-12-29,Store,426.3
4277,1669,5,2024-08-24,Store,193.64
4278,147,6,2025-01-01,Online,99.26
4279,751,4,2025-03-04,Store,135.32
4280,258,5,2024-04-18,Store,168.75
4281,522,6,2025-09-25,Online,94.49
4282,1602,6,2024-03-27,Online,253.88
4283,972,6,2024-07-07,Online,177.99
4284,590,4,2025-01-20,Store,112.5
4285,1186,6,2025-01-20,Online,270.83
4286,666,6,2024-03-06,Online,254.03
4287,392,6,2024-11-12,Online,135.92
4288,1504,6,2025-09-28,Online,278.57
4289,587,1,2024-12-18,Store,354.81
4290,1720,6,2024-08-27,Online,113.47
4291,1525,2,2025-10-04,Store,273.69
4292,765,2,2025-07-01,Store,146.86
4293,1010,6,2025-03-27,Online,364.38
4294,1363,5,2024-05-01,Store,381.42
4295,1830,1,2025-11-24,Store,695.32
4296,1091,4,2025-03-14,Store,453.42
4297,1665,2,2025-10-25,Store,259.21
4298,1120,5,2024-06-12,Store,301.82
4299,1395,5,2025-05-03,Store,207.76
4300,116,1,2024-05-15,Store,47.02
4301,1814,4,2025-02-04,Store,33.35
4302,326,4,2025-03-28,Store,96.2
4303,490,4,2025-05-04,Store,176.29
4304,923,5,2024-06-03,Store,98.76
4305,996,5,2025-07-06,Store,104.13
4306,305,3,2024-05-21,Store,153.24
4307,1179,2,2024-10-18,Store,222.95
4308,1068,6,2025-05-24,Online,92.74
4309,25,3,2024-06-04,Store,140.48
4310,240,2,2024-09-07,Store,89.12
4311,1118,2,2024-09-08,Store,414.4
4312,548,5,2024-06-01,Store,475.64
4313,452,1,2025-03-23,Store,32.28
4314,1860,3,2025-05-29,Store,238.64
4315,1868,6,2025-07-02,Online,85.43
4316,1659,6,2024-07-25,Online,298.31
4317,1195,3,2024-12-15,Store,498.92
4318,1906,5,2024-10-08,Store,161.33
4319,1313,6,2024-12-27,Online,25.01
4320,826,6,2024-10-26,Online,48.07
4321,160,1,2024-08-13,Store,288.85
4322,1112,6,2024-10-13,Online,141.3
4323,418,3,2024-09-11,Store,306.48
4324,1747,4,2025-11-19,Store,273.69
4325,1556,4,2025-01-30,Store,214.38
4326,1920,5,2025-03-27,Store,264.86
4327,1181,6,2024-10-12,Online,218.13
4328,1722,6,2024-01-23,Online,81.24
4329,1880,4,2024-11-18,Store,107.96
4330,1367,5,2024-05-12,Store,746.8
4331,800,1,2024-05-26,Store,183.79
4332,1774,6,2025-04-03,Online,669.29
4333,1206,4,2024-11-23,Store,233.39
4334,1686,4,2024-08-08,Store,47.1
4335,1604,6,2024-05-21,Online,42.67
4336,1352,3,2024-11-04,Store,126.94
4337,1238,4,2025-01-15,Store,335.13
4338,1458,1,2025-05-20,Store,303.69
4339,1839,6,2025-12-07,Online,166.84
4340,1011,6,2024-12-19,Online,683.27
4341,1647,6,2025-06-16,Online,72.73
4342,1008,4,2025-04-14,Store,135.53
4343,56,2,2025-09-17,Store,188.71
4344,1443,3,2025-11-27,Store,791.09
4345,1570,6,2024-07-16,Online,226.94
4346,784,6,2024-06-08,Online,190.81
4347,447,6,2024-10-03,Online,318.3
4348,833,1,2025-02-08,Store,204.24
4349,974,6,2025-03-31,Online,56.41
4350,930,3,2025-10-07,Store,43.25
4351,281,6,2025-06-16,Online,122.66
4352,223,1,2024-03-09,Store,635.44
4353,1319,6,2024-02-20,Online,307.75
4354,79,3,2024-10-01,Store,217.4
4355,1477,6,2025-07-10,Online,142.89
4356,1596,6,2024-08-05,Online,180.83
4357,36,6,2025-08-13,Online,342.0
4358,344,2,2025-06-05,Store,160.08
4359,862,6,2025-07-07,Online,109.29
4360,1431,3,2024-03-28,Store,222.43
4361,1527,3,2025-10-17,Store,173.34
4362,1797,4,2025-03-21,Store,587.72
4363,439,2,2025-03-05,Store,225.92
4364,1508,6,2024-02-23,Online,102.53
4365,1339,3,2024-09-24,Store,283.0
4366,1725,5,2025-07-31,Store,424.53
4367,470,4,2024-01-01,Store,89.48
4368,1122,1,2024-10-25,Store,163.07
4369,777,1,2025-06-27,Store,126.95
4370,1748,2,2025-07-07,Store,295.46
4371,1281,6,2025-10-16,Online,347.26
4372,361,3,2025-10-15,Store,105.94
4373,1123,6,2024-10-05,Online,36.73
4374,1121,3,2025-01-29,Store,178.9
4375,25,2,2024-07-14,Store,201.76
4376,834,6,2025-10-23,Online,123.75
4377,795,3,2024-11-23,Store,104.13
4378,201,2,2024-02-13,Store,354.81
4379,1988,3,2025-06-12,Store,286.13
4380,917,2,2025-04-06,Store,375.18
4381,352,5,2025-09-14,Store,223.78
4382,877,2,2025-11-03,Store,222.98
4383,485,5,2025-06-23,Store,127.54
4384,581,6,2024-04-05,Online,33.34
4385,280,5,2025-02-02,Store,312.72
4386,1182,6,2025-03-08,Online,135.32
4387,1396,6,2025-04-26,Online,224.99
4388,63,2,2025-06-17,Store,131.41
4389,1899,3,2025-02-27,Store,225.92
4390,930,1,2024-11-24,Store,573.85
4391,1803,2,2024-07-13,Store,38.0
4392,1968,6,2024-03-09,Online,207.74
4393,133,2,2024-06-02,Store,275.17
4394,473,6,2024-09-10,Online,352.53
4395,1440,1,2024-06-16,Store,73.69
4396,837,5,2025-11-06,Store,104.13
4397,677,5,2025-12-18,Store,50.23
4398,1004,2,2024-03-09,Store,188.59
4399,204,1,2025-03-11,Store,25.05
4400,1765,6,2024-08-01,Online,178.24
4401,1277,1,2024-07-26,Store,84.2
4402,1501,1,2024-12-15,Store,218.19
4403,781,2,2025-04-18,Store,49.84
4404,472,5,2025-03-16,Store,327.6
4405,1674,5,2024-11-20,Store,97.53
4406,1724,3,2025-12-28,Store,88.88
4407,1412,3,2025-06-14,Store,141.3
4408,1880,4,2024-04-19,Store,625.19
4409,368,5,2024-01-08,Store,157.09
4410,1880,4,2024-01-09,Store,304.61
4411,84,3,2024-06-19,Store,623.06
4412,1633,3,2024-04-28,Store,61.26
4413,1754,1,2024-10-26,Store,159.15
4414,1893,6,2025-05-07,Online,449.15
4415,475,5,2025-09-09,Store,77.95
4416,1549,5,2024-03-25,Store,126.68
4417,1238,6,2024-05-24,Online,215.69
4418,1458,6,2025-11-22,Online,69.78
4419,867,4,2025-11-25,Store,300.38
4420,883,2,2025-04-02,Store,767.54
4421,868,1,2025-03-13,Store,375.1
4422,166,3,2025-01-20,Store,48.57
4423,1284,3,2024-12-24,Store,151.95
4424,540,2,2024-10-30,Store,98.76
4425,1920,4,2024-08-28,Store,43.82
4426,1805,3,2024-01-17,Store,61.58
4427,1858,4,2024-06-04,Store,79.32
4428,604,2,2024-10-15,Store,479.92
4429,1552,2,2024-07-19,Store,399.93
4430,87,2,2024-07-05,Store,74.91
4431,1244,1,2024-03-18,Store,151.15
4432,102,5,2024-01-14,Store,105.94
4433,80,2,2024-10-18,Store,88.88
4434,1713,1,2024-02-21,Store,174.89
4435,1166,2,2025-08-23,Store,204.57
4436,49,6,2024-12-02,Online,61.26
4437,1547,6,2024-02-14,Online,222.98
4438,417,2,2024-06-04,Store,92.74
4439,1859,6,2024-02-03,Online,141.3
4440,1968,2,2025-08-08,Store,217.22
4441,287,6,2024-12-10,Online,322.09
4442,1821,6,2024-07-27,Online,122.66
4443,1788,1,2025-05-27,Store,335.2
4444,1804,6,2025-09-06,Online,99.25
4445,1227,5,2025-02-16,Store,92.74
4446,732,2,2024-09-15,Store,141.54
4447,434,1,2025-12-28,Store,50.25
4448,319,6,2024-10-17,Online,131.26
4449,894,6,2024-07-31,Online,183.15
4450,670,6,2025-05-21,Online,293.02
4451,1939,6,2025-01-08,Online,167.08
4452,1155,6,2024-11-13,Online,31.04
4453,386,2,2025-08-29,Store,375.66
4454,890,2,2024-01-03,Store,111.53
4455,850,3,2025-11-22,Store,109.48
4456,644,2,2024-02-20,Store,25.01
4457,1077,4,2025-01-21,Store,130.59
4458,1169,4,2025-07-26,Store,220.7
4459,494,1,2025-05-22,Store,409.46
4460,884,6,2025-10-22,Online,259.11
4461,719,6,2025-03-06,Online,261.41
4462,220,6,2024-07-24,Online,451.43
4463,1223,6,2025-09-01,Online,112.91
4464,735,2,2024-04-26,Store,132.5
4465,734,3,2025-06-28,Store,341.28
4466,993,2,2024-10-12,Store,69.72
4467,678,6,2025-09-06,Online,135.11
4468,487,1,2024-08-23,Store,74.91
4469,843,6,2024-08-13,Online,181.35
4470,1109,6,2025-03-03,Online,104.52
4471,905,5,2025-10-20,Store,139.44
4472,1709,1,2024-03-25,Store,61.05
4473,1517,6,2025-10-12,Online,115.02
4474,1017,6,2025-08-08,Online,66.0
4475,1262,3,2025-12-15,Store,768.13
4476,802,4,2024-08-13,Store,102.16
4477,1840,1,2024-03-31,Store,33.34
4478,1691,2,2025-07-15,Store,343.22
4479,1683,3,2025-09-19,Store,234.96
4480,1263,2,2025-09-11,Store,113.47
4481,1495,2,2024-05-22,Store,29.93
4482,1784,3,2024-05-07,Store,143.41
4483,880,3,2024-08-26,Store,30.79
4484,587,2,2024-12-30,Store,190.45
4485,499,5,2025-05-12,Store,19.86
4486,1195,1,2024-04-10,Store,120.97
4487,554,5,2024-05-08,Store,435.92
4488,497,3,2025-02-22,Store,297.89
4489,700,4,2025-01-01,Store,282.6
4490,1973,1,2025-02-10,Store,592.03
4491,1110,6,2024-06-25,Online,205.6
4492,1119,6,2025-03-30,Online,90.74
4493,1084,2,2025-12-17,Store,139.8
4494,1361,4,2025-02-08,Store,444.35
4495,219,5,2025-07-04,Store,471.64
4496,1852,2,2025-08-02,Store,225.11
4497,1041,1,2025-05-03,Store,98.76
4498,983,6,2024-11-26,Online,509.13
4499,213,5,2025-07-24,Store,43.82
4500,299,2,2024-01-26,Store,103.95
4501,859,1,2025-12-28,Store,335.64
4502,1037,3,2024-04-21,Store,470.64
4503,1661,6,2024-07-11,Online,307.54
4504,299,2,2024-12-26,Store,348.15
4505,657,3,2024-03-23,Store,258.9
4506,545,6,2025-03-14,Online,95.26
4507,841,3,2025-01-04,Store,241.83
4508,999,4,2024-09-25,Store,131.14
4509,532,5,2024-07-04,Store,166.27
4510,1618,2,2025-05-18,Store,81.24
4511,313,1,2024-02-20,Store,384.8
4512,1521,6,2024-05-06,Online,50.1
4513,1411,6,2024-12-14,Online,312.39
4514,999,5,2025-10-02,Store,167.71
4515,689,1,2025-08-08,Store,43.77
4516,1637,6,2025-09-07,Online,190.41
4517,574,6,2024-06-14,Online,78.32
4518,974,4,2025-09-11,Store,94.21
4519,188,3,2025-07-28,Store,94.21
4520,1171,1,2024-02-12,Store,336.57
4521,1042,6,2024-05-19,Online,624.29
4522,840,1,2025-03-09,Store,50.1
4523,1815,3,2025-08-10,Store,47.02
4524,667,3,2025-10-12,Store,37.81
4525,215,6,2024-11-30,Online,87.54
4526,280,1,2024-04-04,Store,585.82
4527,937,5,2025-09-03,Store,36.36
4528,250,2,2025-05-22,Store,194.5
4529,99,6,2025-07-09,Online,344.06
4530,1316,2,2025-01-16,Store,167.71
4531,56,1,2024-03-08,Store,77.71
4532,355,6,2025-07-16,Online,476.51
4533,1772,6,2025-11-13,Online,79.96
4534,1782,2,2024-10-30,Store,338.9
4535,199,5,2024-12-27,Store,351.53
4536,1617,5,2025-03-02,Store,591.93
4537,587,4,2025-06-14,Store,79.89
4538,22,6,2025-11-09,Online,389.04
4539,885,4,2025-06-04,Store,238.9
4540,1643,2,2025-02-22,Store,198.48
4541,384,6,2025-10-26,Online,102.12
4542,406,4,2025-03-16,Store,468.33
4543,1469,4,2024-11-08,Store,49.7
4544,1904,3,2024-02-02,Store,184.26
4545,1250,3,2024-06-18,Store,148.08
4546,1500,4,2024-10-14,Store,153.39
4547,834,1,2025-09-09,Store,137.33
4548,391,4,2025-05-16,Store,322.17
4549,1182,3,2024-12-19,Store,355.07
4550,1656,2,2025-07-29,Store,222.16
4551,944,6,2024-12-25,Online,56.41
4552,534,5,2024-05-15,Store,160.54
4553,1460,2,2024-12-17,Store,32.28
4554,970,3,2025-07-29,Store,30.79
4555,164,3,2024-08-20,Store,223.37
4556,857,4,2025-12-01,Store,153.75
4557,1798,1,2025-05-18,Store,327.3
4558,1019,4,2024-03-21,Store,236.41
4559,1572,1,2024-05-25,Store,47.63
4560,755,5,2024-01-30,Store,69.3
4561,1530,6,2025-02-14,Online,139.44
4562,720,5,2024-09-27,Store,36.73
4563,1359,2,2025-11-22,Store,104.13
4564,1060,3,2025-11-14,Store,127.2
4565,1184,4,2025-06-20,Store,89.03
4566,322,1,2024-07-16,Store,71.4
4567,1006,6,2024-12-16,Online,784.27
4568,1341,6,2025-10-02,Online,70.7
4569,1206,1,2024-04-06,Store,96.04
4570,1232,2,2024-11-07,Store,110.24
4571,1158,6,2025-04-09,Online,304.77
4572,1972,6,2025-04-30,Online,245.32
4573,1071,3,2025-03-01,Store,65.57
4574,1299,3,2024-09-13,Store,345.06
4575,360,5,2024-05-23,Store,305.58
4576,514,2,2025-03-09,Store,573.68
4577,1247,5,2025-03-11,Store,25.01
4578,168,4,2025-03-10,Store,99.25
4579,1272,2,2024-05-01,Store,156.95
4580,1152,2,2024-06-12,Store,36.36
4581,937,5,2024-03-01,Store,34.65
4582,1022,6,2025-09-09,Online,489.02
4583,1519,2,2025-09-25,Store,230.43
4584,684,6,2025-05-20,Online,243.68
4585,1192,6,2025-09-22,Online,249.43
4586,212,5,2025-11-24,Store,222.64
4587,620,5,2024-04-12,Store,386.75
4588,1831,3,2025-06-27,Store,229.68
4589,365,6,2024-04-02,Online,208.26
4590,125,2,2025-01-13,Store,293.79
4591,1359,3,2024-02-17,Store,177.42
4592,574,3,2024-04-19,Store,66.0
4593,16,4,2025-01-05,Store,108.41
4594,622,6,2025-09-12,Online,217.99
4595,1534,5,2025-08-27,Store,47.18
4596,1687,4,2024-09-21,Store,159.15
4597,1842,6,2025-12-25,Online,34.01
4598,101,6,2025-03-22,Online,316.88
4599,1331,2,2024-02-09,Store,175.04
4600,555,3,2025-08-22,Store,156.36
4601,254,2,2025-10-19,Store,73.69
4602,1359,4,2024-05-30,Store,196.42
4603,407,5,2025-04-23,Store,376.9
4604,180,4,2024-12-13,Store,596.8
4605,1831,2,2024-04-24,Store,290.23
4606,866,6,2025-05-30,Online,220.18
4607,595,5,2024-06-08,Store,23.55
4608,1661,3,2024-09-09,Store,220.18
4609,1043,6,2024-11-25,Online,96.04
4610,1300,6,2025-03-21,Online,93.23
4611,586,5,2024-05-20,Store,93.09
4612,1839,3,2025-03-28,Store,159.0
4613,1862,2,2025-09-25,Store,484.61
4614,1532,4,2024-10-07,Store,52.19
4615,1768,1,2024-06-30,Store,85.34
4616,313,1,2025-01-21,Store,210.21
4617,1085,3,2025-07-22,Store,239.36
4618,1667,6,2024-11-13,Online,195.71
4619,386,6,2024-11-19,Online,273.38
4620,482,6,2024-08-31,Online,167.08
4621,1331,6,2024-07-29,Online,131.41
4622,1486,5,2025-04-15,Store,136.34
4623,454,1,2025-12-29,Store,20.32
4624,1898,3,2025-06-01,Store,115.02
4625,768,5,2024-09-06,Store,198.73
4626,1623,2,2024-11-17,Store,52.19
4627,222,6,2025-01-19,Online,94.21
4628,1103,6,2024-06-12,Online,79.89
4629,319,6,2025-07-02,Online,282.55
4630,1035,4,2024-06-26,Store,115.02
4631,192,1,2024-07-20,Store,214.05
4632,1724,4,2025-01-31,Store,262.68
4633,1238,3,2024-08-15,Store,34.01
4634,1194,6,2025-07-04,Online,157.14
4635,504,3,2025-12-19,Store,73.76
4636,913,6,2025-01-24,Online,165.25
4637,1638,1,2025-05-12,Store,98.76
4638,111,5,2024-02-13,Store,104.51
4639,1142,5,2024-09-20,Store,213.22
4640,808,3,2025-04-30,Store,362.83
4641,882,6,2025-01-08,Online,215.77
4642,451,6,2024-07-03,Online,110.09
4643,172,2,2025-01-15,Store,82.98
4644,1871,2,2025-08-21,Store,91.57
4645,1145,2,2024-11-07,Store,272.7
4646,1810,5,2025-03-06,Store,200.37
4647,145,1,2024-12-12,Store,109.3
4648,1793,5,2024-07-09,Store,49.84
4649,149,6,2024-08-29,Online,188.98
4650,1587,1,2024-04-29,Store,140.59
4651,1897,3,2024-05-24,Store,163.11
4652,962,6,2025-02-15,Online,164.75
4653,1315,6,2025-07-10,Online,63.47
4654,1537,4,2025-01-07,Store,156.36
4655,203,5,2024-07-19,Store,199.98
4656,1325,4,2024-10-20,Store,388.37
4657,307,2,2025-11-02,Store,402.77
4658,233,1,2024-03-11,Store,192.4
4659,740,5,2025-01-25,Store,61.05
4660,1267,4,2024-08-11,Store,100.05
4661,982,5,2024-04-23,Store,73.69
4662,1951,6,2024-04-09,Online,130.83
4663,1628,1,2025-01-18,Store,121.33
4664,1561,1,2024-04-25,Store,524.6
4665,49,4,2024-07-31,Store,257.85
4666,640,1,2025-02-01,Store,90.9
4667,1734,4,2025-08-01,Store,79.89
4668,969,6,2025-05-09,Online,259.93
4669,636,1,2024-08-24,Store,78.32
4670,813,2,2024-08-13,Store,53.36
4671,629,6,2025-10-18,Online,126.28
4672,1563,6,2025-12-07,Online,402.09
4673,144,6,2024-05-28,Online,458.67
4674,554,2,2024-04-26,Store,412.41
4675,1349,4,2025-01-27,Store,29.93
4676,1175,4,2024-03-06,Store,102.53
4677,764,5,2025-01-21,Store,66.22
4678,1937,4,2024-03-24,Store,143.94
4679,306,1,2024-10-14,Store,89.12
4680,692,4,2024-01-21,Store,65.57
4681,1556,5,2025-12-14,Store,443.73
4682,922,1,2024-02-24,Store,339.15
4683,383,6,2025-06-17,Online,269.58
4684,163,3,2024-10-18,Store,92.33
4685,1761,1,2024-11-19,Store,95.26
4686,110,4,2024-04-19,Store,135.92
4687,1157,1,2025-07-13,Store,500.0
4688,1066,6,2024-04-07,Online,155.51
4689,743,6,2024-01-10,Online,113.07
4690,226,3,2025-10-09,Store,467.95
4691,551,2,2024-09-06,Store,56.41
4692,966,2,2024-04-06,Store,39.66
4693,1371,5,2025-01-10,Store,381.28
4694,1500,2,2025-02-28,Store,95.99
4695,848,3,2025-09-15,Store,45.93
4696,872,2,2025-07-28,Store,246.4
4697,1497,1,2024-08-04,Store,125.0
4698,912,2,2025-08-17,Store,503.35
4699,1826,5,2024-07-31,Store,137.16
4700,576,6,2025-05-20,Online,100.46
4701,1060,6,2025-12-13,Online,90.2
4702,1056,5,2025-12-08,Store,480.48
4703,685,1,2024-09-04,Store,108.5
4704,1625,6,2025-06-23,Online,23.55
4705,1401,6,2024-02-16,Online,108.7
4706,204,6,2024-02-27,Online,131.41
4707,1436,4,2025-09-07,Store,96.2
4708,1141,2,2025-06-12,Store,214.27
4709,1991,1,2025-03-07,Store,320.29
4710,1128,6,2025-08-23,Online,281.53
4711,1774,1,2024-10-12,Store,326.88
4712,1321,6,2024-12-16,Online,191.98
4713,502,6,2024-03-12,Online,483.69
4714,63,6,2024-03-09,Online,226.88
4715,1826,3,2024-09-17,Store,791.43
4716,1234,3,2024-04-18,Store,777.86
4717,994,5,2024-02-08,Store,36.36
4718,1284,3,2024-08-26,Store,224.08
4719,1462,4,2024-07-31,Store,104.89
4720,1325,6,2024-04-06,Online,89.03
4721,1173,3,2024-02-23,Store,370.17
4722,16,4,2025-04-26,Store,296.92
4723,1774,3,2025-08-24,Store,47.63
4724,1636,6,2025-01-06,Online,178.65
4725,1949,2,2024-02-02,Store,308.5
4726,201,3,2024-06-29,Store,148.24
4727,944,6,2024-07-11,Online,291.75
4728,919,6,2024-04-05,Online,112.19
4729,1087,6,2024-03-09,Online,229.81
4730,1531,5,2025-03-15,Store,29.93
4731,959,2,2024-05-19,Store,42.1
4732,1192,3,2025-12-24,Store,102.53
4733,1758,1,2024-07-03,Store,42.12
4734,1858,2,2025-10-23,Store,94.36
4735,323,6,2024-10-03,Online,66.92
4736,848,4,2024-08-23,Store,339.43
4737,1335,6,2024-08-28,Online,94.67
4738,114,5,2024-01-15,Store,79.89
4739,962,6,2025-10-26,Online,146.68
4740,308,4,2025-07-20,Store,324.15
4741,1654,6,2024-06-10,Online,109.1
4742,1446,3,2025-01-11,Store,110.09
4743,757,4,2025-03-25,Store,94.04
4744,1133,6,2024-04-03,Online,126.28
4745,1053,4,2025-03-12,Store,379.24
4746,447,5,2024-10-07,Store,100.5
4747,1291,1,2024-10-18,Store,123.75
4748,1490,4,2024-07-16,Store,316.36
4749,1854,4,2024-07-16,Store,160.16
4750,191,4,2025-10-13,Store,155.9
4751,1344,6,2024-04-05,Online,164.15
4752,1464,3,2024-07-02,Store,93.3
4753,468,3,2024-03-13,Store,122.66
4754,1129,2,2025-01-27,Store,56.25
4755,1965,3,2025-08-14,Store,156.74
4756,1420,4,2024-06-27,Store,106.3
4757,431,2,2025-01-25,Store,115.41
4758,1863,6,2025-03-09,Online,137.25
4759,1075,5,2024-08-27,Store,69.72
4760,392,6,2025-08-05,Online,95.26
4761,877,4,2025-10-02,Store,403.45
4762,1957,1,2025-09-28,Store,131.93
4763,51,4,2025-10-08,Store,338.79
4764,439,2,2025-06-08,Store,230.67
4765,1755,6,2024-11-03,Online,81.64
4766,415,2,2024-08-31,Store,101.79
4767,543,5,2024-04-14,Store,546.02
4768,1727,6,2024-09-17,Online,199.75
4769,774,5,2025-01-05,Store,270.89
4770,1056,2,2025-01-27,Store,539.91
4771,59,2,2025-04-05,Store,81.24
4772,1552,5,2024-01-23,Store,387.95
4773,1921,6,2025-07-26,Online,367.38
4774,441,6,2025-01-17,Online,503.02
4775,554,5,2025-10-08,Store,439.17
4776,1494,3,2025-03-08,Store,167.82
4777,684,5,2025-09-07,Store,47.1
4778,257,3,2025-02-18,Store,167.82
4779,121,6,2024-05-07,Online,310.5
4780,1086,6,2025-08-25,Online,167.82
4781,1306,5,2025-06-04,Store,353.78
4782,810,6,2025-09-17,Online,203.27
4783,448,6,2025-03-20,Online,107.96
4784,786,6,2025-09-17,Online,214.3
4785,524,2,2024-04-19,Store,180.4
4786,1302,1,2025-03-19,Store,252.01
4787,801,6,2025-03-26,Online,386.36
4788,1742,6,2025-06-20,Online,292.59
4789,252,6,2025-04-03,Online,101.79
4790,1808,5,2025-01-02,Store,225.92
4791,1137,6,2024-01-01,Online,133.41
4792,1672,1,2025-03-08,Store,201.9
4793,617,1,2024-09-24,Store,321.53
4794,1620,1,2024-10-17,Store,188.36
4795,596,2,2025-10-17,Store,562.54
4796,553,6,2024-10-11,Online,282.12
4797,1181,6,2025-10-23,Online,69.78
4798,729,3,2025-12-25,Store,174.84
4799,800,1,2024-11-14,Store,218.6
4800,1002,1,2024-09-27,Store,416.09
4801,120,3,2025-12-20,Store,188.32
4802,1698,1,2025-04-01,Store,82.56
4803,987,6,2024-05-13,Online,126.36
4804,599,4,2025-11-29,Store,225.74
4805,1376,6,2025-03-14,Online,424.94
4806,1397,4,2024-11-04,Store,323.72
4807,747,4,2024-09-12,Store,143.33
4808,1683,6,2025-02-20,Online,305.8
4809,437,1,2025-06-08,Store,25.01
4810,725,3,2024-03-27,Store,156.36
4811,845,3,2024-05-24,Store,111.49
4812,797,2,2025-09-07,Store,209.16
4813,133,1,2025-09-17,Store,34.65
4814,882,3,2025-05-30,Store,238.55
4815,50,5,2025-04-15,Store,33.34
4816,1297,5,2025-05-01,Store,51.13
4817,6,3,2024-12-01,Store,94.04
4818,843,3,2024-07-17,Store,185.57
4819,1243,2,2024-10-15,Store,47.63
4820,1504,6,2025-02-16,Online,305.2
4821,248,6,2024-09-07,Online,36.73
4822,571,1,2025-11-21,Store,48.57
4823,906,2,2025-11-26,Store,115.41
4824,1171,2,2024-02-18,Store,123.75
4825,1298,6,2024-05-07,Online,419.33
4826,1877,1,2025-03-14,Store,79.89
4827,1999,6,2024-05-19,Online,339.48
4828,814,1,2025-03-31,Store,206.92
4829,753,4,2025-07-21,Store,402.94
4830,934,3,2025-05-22,Store,336.8
4831,1429,4,2024-10-19,Store,352.5
4832,596,6,2024-07-13,Online,136.68
4833,497,4,2024-09-16,Store,354.92
4834,485,6,2025-05-02,Online,127.2
4835,476,2,2025-05-01,Store,23.55
4836,1495,4,2024-06-02,Store,47.1
4837,670,3,2025-03-07,Store,89.03
4838,1038,3,2024-07-23,Store,21.91
4839,1247,1,2025-04-27,Store,98.77
4840,1303,4,2025-09-28,Store,175.28
4841,150,4,2024-02-17,Store,208.09
4842,410,6,2025-02-22,Online,51.08
4843,1222,4,2025-06-02,Store,253.36
4844,728,6,2024-09-26,Online,111.53
4845,1883,6,2024-12-07,Online,181.66
4846,1516,1,2024-07-03,Store,505.76
4847,862,4,2024-02-02,Store,239.37
4848,1661,1,2024-01-14,Store,347.11
4849,4,6,2025-08-07,Online,384.4
4850,1578,3,2024-11-11,Store,183.83
4851,1044,2,2025-03-07,Store,49.7
4852,614,6,2025-09-04,Online,234.19
4853,629,3,2024-11-17,Store,453.83
4854,1875,3,2025-04-03,Store,275.04
4855,604,4,2024-11-15,Store,113.61
4856,119,4,2024-04-05,Store,243.81
4857,544,5,2025-05-13,Store,99.65
4858,913,6,2025-08-20,Online,50.25
4859,840,6,2025-01-27,Online,58.56
4860,454,6,2025-01-16,Online,87.7
4861,3,6,2025-09-06,Online,179.2
4862,869,2,2024-03-10,Store,90.43
4863,1526,6,2024-08-26,Online,172.18
4864,123,4,2025-12-22,Store,102.12
4865,1363,3,2024-10-19,Store,497.82
4866,313,6,2025-09-30,Online,158.3
4867,1295,2,2024-09-16,Store,92.86
4868,887,6,2024-03-31,Online,121.96
4869,1618,2,2024-11-10,Store,94.49
4870,1736,6,2025-07-19,Online,143.08
4871,653,6,2025-05-27,Online,93.96
4872,64,5,2024-11-02,Store,233.05
4873,1102,3,2024-09-25,Store,108.5
4874,1931,5,2025-11-19,Store,62.08
4875,1339,4,2025-05-31,Store,49.7
4876,754,1,2024-12-31,Store,441.26
4877,1782,6,2025-02-27,Online,181.8
4878,1425,1,2025-05-23,Store,114.63
4879,324,1,2024-04-02,Store,250.06
4880,99,6,2024-12-29,Online,463.87
4881,1144,5,2025-03-04,Store,224.23
4882,1375,2,2024-08-03,Store,422.13
4883,1616,6,2024-05-01,Online,89.12
4884,770,5,2024-12-17,Store,404.68
4885,1003,4,2024-11-06,Store,409.43
4886,394,6,2024-06-23,Online,344.21
4887,1425,6,2024-04-23,Online,110.24
4888,1328,6,2025-09-27,Online,66.0
4889,105,1,2024-04-09,Store,207.13
4890,371,6,2024-02-12,Online,362.97
4891,241,2,2024-03-07,Store,360.84
4892,1656,2,2025-09-13,Store,613.18
4893,423,2,2025-01-13,Store,314.51
4894,1745,2,2024-02-23,Store,455.76
4895,1379,3,2024-11-17,Store,477.45
4896,794,1,2024-10-29,Store,36.36
4897,1161,2,2025-02-15,Store,97.53
4898,80,1,2024-12-06,Store,210.81
4899,1868,2,2024-03-05,Store,51.13
4900,1669,3,2024-03-01,Store,247.31
4901,1414,1,2025-11-18,Store,316.4
4902,1642,2,2025-09-20,Store,229.54
4903,1143,3,2025-04-12,Store,89.48
4904,1045,6,2025-03-18,Online,273.36
4905,1997,1,2024-11-29,Store,308.78
4906,1073,3,2025-08-28,Store,98.76
4907,1646,3,2025-09-20,Store,342.05
4908,1728,6,2024-11-10,Online,192.75
4909,1308,6,2024-04-15,Online,204.57
4910,1424,1,2025-12-12,Store,328.98
4911,593,4,2025-12-20,Store,115.05
4912,728,5,2024-09-13,Store,141.76
4913,33,5,2025-02-18,Store,124.42
4914,639,6,2024-05-08,Online,51.08
4915,1583,3,2025-05-26,Store,97.25
4916,1,5,2024-06-23,Store,157.87
4917,1731,2,2025-01-25,Store,191.31
4918,1739,6,2024-01-04,Online,94.21
4919,1603,2,2024-05-22,Store,186.16
4920,394,4,2025-10-10,Store,34.01
4921,1290,6,2024-05-15,Online,253.74
4922,1334,2,2024-06-10,Store,45.93
4923,340,6,2025-10-22,Online,398.83
4924,1450,3,2024-12-13,Store,173.57
4925,1581,2,2024-07-14,Store,363.57
4926,168,2,2024-12-24,Store,104.52
4927,1990,4,2024-02-15,Store,338.88
4928,1764,5,2025-10-19,Store,224.73
4929,722,1,2025-10-08,Store,273.36
4930,1046,2,2024-02-14,Store,92.74
4931,604,2,2024-07-05,Store,160.16
4932,1873,6,2025-01-02,Online,313.0
4933,1473,6,2025-02-12,Online,128.43
4934,1870,4,2025-08-16,Store,100.5
4935,271,2,2025-10-11,Store,238.2
4936,867,2,2025-03-22,Store,135.32
4937,251,3,2024-07-28,Store,503.46
4938,1871,6,2024-12-03,Online,336.25
4939,365,3,2024-08-13,Store,117.7
4940,1664,6,2025-06-06,Online,155.42
4941,947,5,2024-12-21,Store,150.75
4942,1933,2,2025-09-20,Store,142.89
4943,1135,1,2025-11-05,Store,36.73
4944,1534,2,2024-05-21,Store,319.21
4945,1887,1,2024-07-17,Store,196.74
4946,1811,2,2025-08-26,Store,76.0
4947,1738,3,2024-03-22,Store,224.65
4948,1389,4,2024-01-18,Store,34.01
4949,518,2,2024-09-19,Store,309.43
4950,1880,6,2024-09-08,Online,174.11
4951,1760,6,2024-11-11,Online,147.52
4952,1626,6,2024-05-04,Online,61.58
4953,27,1,2024-02-18,Store,343.94
4954,730,1,2024-04-05,Store,199.16
4955,176,3,2024-08-14,Store,197.52
4956,1739,4,2025-05-20,Store,106.3
4957,1953,3,2025-06-06,Store,77.32
4958,1917,3,2025-02-27,Store,184.82
4959,556,6,2024-06-19,Online,73.76
4960,1924,5,2025-11-09,Store,348.13
4961,561,1,2025-06-22,Store,776.04
4962,1516,4,2024-04-23,Store,152.12
4963,1153,2,2024-02-12,Store,114.0
4964,195,4,2024-12-17,Store,335.64
4965,1512,1,2025-11-28,Store,169.23
4966,441,3,2025-10-16,Store,108.5
4967,1942,2,2025-02-12,Store,188.08
4968,385,4,2024-08-12,Store,29.93
4969,708,6,2024-10-14,Online,125.4
4970,816,1,2024-05-30,Store,77.95
4971,208,4,2024-07-24,Store,61.05
4972,1324,5,2024-12-18,Store,165.28
4973,141,6,2024-06-11,Online,348.88
4974,1214,5,2025-04-13,Store,272.4
4975,1574,2,2025-06-23,Store,96.14
4976,1032,6,2024-06-09,Online,121.33
4977,467,5,2024-05-03,Store,287.98
4978,1499,1,2025-03-10,Store,20.32
4979,962,3,2025-09-19,Store,224.38
4980,516,6,2024-03-14,Online,201.19
4981,892,5,2024-04-24,Store,86.84
4982,1816,6,2024-08-31,Online,487.73
4983,1470,5,2024-07-30,Store,90.43
4984,89,4,2024-07-07,Store,96.2
4985,38,5,2024-07-15,Store,316.9
4986,1506,4,2025-10-29,Store,164.6
4987,1780,6,2024-05-09,Online,345.72
4988,607,6,2024-08-08,Online,113.47
4989,1584,5,2024-06-20,Store,32.28
4990,842,2,2024-02-19,Store,159.82
4991,1424,6,2025-11-01,Online,275.27
4992,957,2,2025-06-02,Store,267.84
4993,689,5,2024-01-06,Store,225.92
4994,510,5,2024-08-12,Store,53.36
4995,405,3,2025-06-23,Store,278.22
4996,720,4,2025-05-12,Store,115.02
4997,1404,2,2024-09-24,Store,198.52
4998,1279,3,2024-12-19,Store,65.57
4999,1090,1,2025-02-06,Store,75.62
5000,425,1,2025-05-11,Store,523.43
5001,338,3,2025-12-18,Store,97.25
5002,1314,6,2025-10-06,Online,69.72
5003,1202,5,2025-12-14,Store,250.98
5004,1461,5,2025-12-08,Store,70.88
5005,1122,2,2024-12-23,Store,49.84
5006,1805,2,2025-11-30,Store,115.02
5007,191,2,2024-02-13,Store,19.86
5008,1951,5,2024-12-31,Store,499.31
5009,422,6,2025-07-24,Online,51.13
5010,1422,1,2025-05-24,Store,188.08
5011,1174,6,2025-07-16,Online,189.42
5012,1564,6,2025-01-30,Online,141.3
5013,1473,4,2025-09-13,Store,92.86
5014,1108,1,2025-06-08,Store,188.08
5015,1212,3,2024-01-03,Store,113.16
5016,1280,6,2024-01-23,Online,166.02
5017,1273,5,2025-07-30,Store,394.59
5018,1567,5,2024-03-07,Store,90.2
5019,1528,6,2024-03-11,Online,43.77
5020,1516,6,2024-10-10,Online,254.4
5021,425,4,2025-09-10,Store,207.93
5022,76,6,2025-03-15,Online,468.83
5023,1569,6,2024-09-07,Online,130.57
5024,513,6,2025-05-02,Online,56.41
5025,1941,3,2024-12-24,Store,68.19
5026,1620,6,2024-02-07,Online,42.67
5027,1420,6,2024-11-06,Online,245.4
5028,1722,4,2024-08-03,Store,478.8
5029,993,6,2025-03-18,Online,183.19
5030,1122,3,2025-02-24,Store,356.49
5031,71,4,2025-09-19,Store,296.77
5032,120,6,2024-09-03,Online,32.28
5033,207,4,2024-08-03,Store,135.82
5034,1709,1,2024-05-07,Store,180.17
5035,1991,6,2025-04-18,Online,93.96
5036,1271,5,2024-10-21,Store,167.6
5037,1359,2,2025-11-06,Store,68.19
5038,774,2,2024-05-16,Store,405.96
5039,1107,2,2025-04-24,Store,249.54
5040,244,1,2025-10-11,Store,110.09
5041,1804,5,2025-10-26,Store,115.02
5042,1305,6,2025-11-12,Online,43.77
5043,1138,3,2024-05-28,Store,325.26
5044,527,6,2024-01-19,Online,406.4
5045,912,4,2024-12-18,Store,153.24
5046,18,4,2025-05-14,Store,65.84
5047,1708,3,2025-10-31,Store,114.63
5048,559,5,2025-06-27,Store,185.33
5049,678,4,2024-07-17,Store,82.98
5050,1662,5,2025-11-01,Store,49.43
5051,593,5,2024-11-03,Store,69.72
5052,944,6,2025-02-14,Online,618.0
5053,1073,5,2024-09-17,Store,191.78
5054,502,2,2025-12-11,Store,136.68
5055,1394,6,2025-07-23,Online,99.26
5056,1141,2,2024-12-14,Store,458.1
5057,1619,3,2025-02-16,Store,135.53
5058,1010,6,2024-07-14,Online,187.81
5059,586,2,2025-04-16,Store,135.32
5060,632,6,2025-11-05,Online,420.71
5061,1990,6,2025-01-27,Online,94.36
5062,1643,3,2024-10-03,Store,204.44
5063,73,2,2025-09-03,Store,110.24
5064,216,2,2024-11-17,Store,233.09
5065,307,1,2024-04-22,Store,214.92
5066,981,3,2024-08-30,Store,445.68
5067,875,4,2025-03-10,Store,105.94
5068,857,6,2024-12-27,Online,467.5
5069,1411,2,2024-12-30,Store,171.56
5070,9,4,2024-02-29,Store,102.12
5071,1911,5,2024-03-28,Store,412.6
5072,153,2,2024-01-08,Store,104.52
5073,448,1,2025-09-10,Store,373.17
5074,443,3,2024-08-20,Store,334.16
5075,203,2,2024-08-18,Store,62.08
5076,1530,6,2024-03-05,Online,724.53
5077,1341,6,2024-02-22,Online,327.71
5078,253,3,2025-10-05,Store,167.71
5079,111,6,2024-06-06,Online,27.52
5080,1872,2,2024-06-27,Store,528.09
5081,1267,2,2025-04-27,Store,680.1
5082,765,6,2024-05-24,Online,336.28
5083,1189,6,2025-08-20,Online,203.58
5084,699,4,2025-11-19,Store,60.62
5085,964,6,2024-06-19,Online,25.01
5086,94,6,2024-06-19,Online,66.92
5087,1364,5,2025-01-21,Store,156.36
5088,1523,2,2025-05-15,Store,333.53
5089,1960,1,2024-05-30,Store,449.51
5090,1685,3,2024-11-22,Store,34.01
5091,1342,4,2025-10-06,Store,82.56
5092,1841,2,2025-12-17,Store,113.16
5093,1737,2,2024-11-20,Store,297.75
5094,1873,4,2024-04-22,Store,173.07
5095,1766,6,2025-11-12,Online,800.74
5096,789,4,2025-04-05,Store,339.48
5097,1982,2,2025-12-04,Store,163.07
5098,147,5,2025-07-19,Store,311.68
5099,810,6,2025-03-31,Online,542.47
5100,1644,2,2025-07-03,Store,128.56
5101,1064,5,2024-03-23,Store,77.95
5102,174,5,2024-06-18,Store,135.53
5103,75,6,2025-11-08,Online,277.8
5104,98,4,2024-03-02,Store,259.06
5105,1680,6,2025-02-02,Online,135.53
5106,318,6,2025-05-08,Online,428.68
5107,669,4,2024-02-17,Store,150.82
5108,1085,6,2025-11-11,Online,94.49
5109,1877,6,2025-07-10,Online,123.35
5110,1527,4,2024-05-27,Store,121.96
5111,1377,6,2025-10-31,Online,64.56
5112,997,2,2025-10-13,Store,312.39
5113,1050,6,2025-05-25,Online,25.05
5114,439,2,2025-06-20,Store,267.03
5115,531,1,2025-05-28,Store,63.47
5116,1312,4,2024-02-15,Store,75.62
5117,1161,2,2024-06-14,Store,89.12
5118,1327,6,2024-12-02,Online,193.53
5119,367,3,2024-11-01,Store,25.05
5120,1706,2,2025-02-14,Store,247.5
5121,1101,2,2025-12-02,Store,134.98
5122,445,1,2024-09-13,Store,308.14
5123,570,6,2025-12-27,Online,102.18
5124,1160,6,2024-05-13,Online,113.07
5125,1581,6,2024-04-27,Online,166.71
5126,1570,4,2024-05-06,Store,168.26
5127,276,3,2025-08-10,Store,104.51
5128,320,3,2025-07-11,Store,70.7
5129,59,2,2024-01-12,Store,135.92
5130,1774,1,2024-12-06,Store,645.48
5131,781,2,2024-05-21,Store,142.71
5132,1645,1,2024-01-04,Store,93.96
5133,1411,6,2025-08-08,Online,294.7
5134,19,4,2025-06-06,Store,192.4
5135,345,5,2025-06-10,Store,223.78
5136,1151,2,2025-09-09,Store,112.82
5137,1891,1,2025-01-11,Store,359.1
5138,1249,6,2024-07-15,Online,196.29
5139,1004,6,2025-02-22,Online,92.74
5140,993,2,2024-11-30,Store,304.87
5141,1152,3,2025-08-10,Store,90.43
5142,993,6,2024-12-19,Online,139.56
5143,1184,2,2024-03-24,Store,234.96
5144,658,6,2024-03-31,Online,104.19
5145,1086,1,2024-07-12,Store,34.01
5146,532,3,2025-06-09,Store,504.58
5147,1146,3,2024-12-13,Store,233.77
5148,1260,2,2025-05-19,Store,51.13
5149,143,5,2024-01-28,Store,45.93
5150,1189,4,2025-05-27,Store,96.2
5151,141,4,2025-08-09,Store,89.03
5152,1095,6,2025-12-16,Online,167.71
5153,643,3,2025-02-05,Store,178.06
5154,1139,6,2025-10-11,Online,217.35
5155,1644,5,2025-04-03,Store,56.23
5156,954,4,2025-07-24,Store,208.38
5157,1488,1,2025-04-13,Store,167.08
5158,1400,2,2024-03-03,Store,42.1
5159,567,2,2024-11-13,Store,267.09
5160,1574,1,2025-08-24,Store,25.01
5161,1347,2,2024-08-26,Store,360.82
5162,271,2,2024-08-21,Store,167.71
5163,33,1,2025-03-06,Store,289.59
5164,430,2,2025-05-26,Store,337.79
5165,18,3,2024-01-01,Store,101.79
5166,330,2,2025-06-30,Store,654.92
5167,1531,6,2024-08-10,Online,186.15
5168,38,1,2024-12-15,Store,277.51
5169,1715,6,2025-08-20,Online,406.76
5170,1677,3,2025-05-03,Store,50.25
5171,1183,6,2024-04-20,Online,212.1
5172,1599,5,2025-08-12,Store,167.82
5173,1466,4,2025-04-05,Store,159.15
5174,1929,3,2024-12-25,Store,73.76
5175,1556,2,2025-06-08,Store,70.74
5176,544,1,2025-11-30,Store,43.77
5177,1389,2,2025-11-27,Store,93.3
5178,1862,1,2024-01-11,Store,108.75
5179,1582,6,2025-06-25,Online,181.47
5180,422,1,2025-08-27,Store,224.38
5181,27,2,2025-10-27,Store,135.25
5182,1624,2,2024-05-15,Store,300.4
5183,895,2,2025-03-29,Store,300.41
5184,1901,6,2024-02-11,Online,257.69
5185,1891,3,2025-02-20,Store,19.86
5186,1155,5,2025-04-24,Store,392.02
5187,716,5,2025-03-30,Store,112.82
5188,932,1,2024-02-26,Store,411.9
5189,351,6,2025-07-21,Online,340.45
5190,1548,6,2024-02-03,Online,335.67
5191,658,2,2025-10-30,Store,156.14
5192,249,1,2024-09-04,Store,70.88
5193,1068,1,2025-09-23,Store,92.86
5194,959,6,2024-01-24,Online,201.3
5195,1550,1,2025-01-21,Store,214.53
5196,1449,3,2025-11-27,Store,222.27
5197,780,6,2024-12-15,Online,102.26
5198,1916,2,2024-11-26,Store,171.92
5199,39,1,2025-06-01,Store,56.23
5200,1054,4,2024-02-19,Store,49.7
5201,1377,5,2024-09-28,Store,95.26
5202,867,2,2025-07-23,Store,180.83
5203,1084,5,2024-12-14,Store,115.41
5204,846,2,2025-08-15,Store,164.09
5205,826,3,2024-01-11,Store,109.3
5206,1027,1,2024-11-14,Store,209.18
5207,971,5,2025-03-30,Store,330.27
5208,1741,1,2024-05-15,Store,185.72
5209,515,5,2025-05-06,Store,536.97
5210,1266,6,2025-06-26,Online,307.51
5211,661,6,2024-08-22,Online,383.27
5212,457,1,2024-09-12,Store,550.86
5213,1085,3,2025-09-28,Store,866.02
5214,698,6,2025-08-29,Online,96.07
5215,1106,1,2025-04-28,Store,435.95
5216,195,2,2025-06-15,Store,159.78
5217,206,2,2024-06-10,Store,344.49
5218,1442,2,2024-04-25,Store,82.98
5219,713,6,2025-02-05,Online,30.63
5220,1970,1,2024-01-09,Store,136.38
5221,1286,6,2025-07-08,Online,249.86
5222,748,3,2024-11-27,Store,102.53
5223,851,6,2025-06-23,Online,96.2
5224,1778,2,2024-03-22,Store,56.25
5225,394,6,2025-11-28,Online,61.26
5226,892,2,2024-01-04,Store,220.48
5227,827,1,2025-01-04,Store,114.0
5228,150,2,2024-03-09,Store,42.1
5229,125,2,2025-09-26,Store,102.26
5230,1932,4,2024-03-10,Store,185.72
5231,1119,2,2025-02-19,Store,198.5
5232,1859,1,2024-11-23,Store,152.12
5233,1651,3,2024-06-24,Store,68.19
5234,823,1,2025-04-03,Store,77.95
5235,379,6,2024-02-22,Online,61.58
5236,1645,1,2024-02-26,Store,212.1
5237,1295,5,2024-12-15,Store,41.29
5238,1196,6,2024-07-12,Online,94.04
5239,1828,1,2025-01-16,Store,522.13
5240,1926,6,2025-12-06,Online,340.64
5241,1686,1,2024-01-11,Store,318.3
5242,256,5,2024-09-22,Store,315.78
5243,568,1,2024-06-06,Store,44.74
5244,1636,1,2024-03-18,Store,61.05
5245,768,3,2024-12-16,Store,232.88
5246,1748,4,2024-01-08,Store,60.62
5247,263,6,2024-04-19,Online,231.96
5248,364,3,2025-05-09,Store,146.15
5249,1017,1,2024-03-16,Store,274.71
5250,1761,5,2024-06-07,Store,124.27
5251,1648,4,2024-08-20,Store,238.48
5252,1667,1,2024-01-04,Store,488.41
5253,219,6,2025-08-22,Online,32.28
5254,597,2,2024-04-15,Store,283.47
5255,557,6,2025-10-08,Online,368.02
5256,941,6,2024-08-04,Online,348.09
5257,928,5,2024-01-20,Store,255.5
5258,1831,2,2025-12-13,Store,654.45
5259,1447,5,2024-11-02,Store,151.63
5260,366,6,2025-02-25,Online,48.57
5261,616,5,2025-09-07,Store,370.05
5262,1359,6,2024-08-31,Online,175.36
5263,421,3,2025-04-26,Store,393.89
5264,105,6,2025-03-20,Online,189.53
5265,1044,2,2024-09-21,Store,96.2
5266,1098,3,2024-07-21,Store,179.02
5267,976,6,2025-04-18,Online,160.44
5268,1593,5,2025-01-20,Store,34.01
5269,352,4,2025-02-19,Store,108.96
5270,31,3,2025-06-14,Store,400.4
5271,1992,5,2024-08-19,Store,45.93
5272,1737,4,2024-01-20,Store,170.37
5273,1238,1,2025-03-04,Store,402.11
5274,86,3,2024-03-08,Store,97.53
5275,1481,4,2024-08-21,Store,109.3
5276,1177,4,2024-06-20,Store,39.66
5277,1621,3,2025-12-11,Store,207.99
5278,538,3,2024-02-03,Store,312.72
5279,1591,4,2024-08-24,Store,50.02
5280,943,5,2024-10-01,Store,258.67
5281,472,1,2024-12-06,Store,47.02
5282,299,1,2025-04-16,Store,115.02
5283,1758,6,2024-11-14,Online,620.64
5284,1581,5,2025-08-08,Store,394.51
5285,1825,5,2025-09-17,Store,154.45
5286,1923,6,2025-06-24,Online,542.58
5287,229,4,2025-10-14,Store,50.1
5288,909,6,2025-10-24,Online,174.16
5289,1018,1,2025-12-11,Store,75.15
5290,329,6,2024-12-27,Online,101.8
5291,835,6,2024-06-21,Online,84.2
5292,138,2,2024-06-16,Store,281.45
5293,1447,6,2025-02-16,Online,106.3
5294,1901,3,2024-07-26,Store,33.34
5295,494,3,2025-10-13,Store,56.25
5296,1592,6,2025-04-09,Online,262.82
5297,1776,2,2025-10-22,Store,70.7
5298,649,1,2025-05-30,Store,188.08
5299,1148,6,2025-12-23,Online,61.05
5300,1259,4,2024-02-23,Store,193.09
5301,1568,3,2024-05-07,Store,48.57
5302,528,6,2024-05-27,Online,386.86
5303,1142,4,2025-03-29,Store,418.33
5304,1955,6,2024-11-09,Online,304.65
5305,1357,1,2024-08-05,Store,288.46
5306,1251,6,2025-12-06,Online,126.68
5307,974,1,2025-07-25,Store,97.25
5308,421,1,2025-06-07,Store,33.34
5309,772,6,2024-01-21,Online,214.0
5310,1435,6,2024-07-04,Online,366.42
5311,1653,5,2025-05-02,Store,115.39
5312,1908,5,2025-04-14,Store,160.16
5313,833,5,2024-12-21,Store,394.23
5314,801,3,2025-02-13,Store,136.68
5315,36,6,2024-05-15,Online,59.86
5316,1841,6,2025-05-14,Online,177.65
5317,416,2,2025-07-01,Store,206.28
5318,632,5,2025-10-11,Store,411.53
5319,1452,2,2025-11-22,Store,115.41
5320,1155,1,2024-11-08,Store,99.26
5321,668,6,2024-06-09,Online,56.41
5322,1973,4,2024-03-30,Store,27.52
5323,710,6,2024-02-06,Online,317.36
5324,1046,2,2024-09-12,Store,615.46
5325,1540,5,2024-12-23,Store,155.29
5326,121,4,2025-09-17,Store,902.17
5327,415,1,2024-04-22,Store,20.32
5328,1169,5,2024-11-17,Store,312.57
5329,1075,2,2025-02-05,Store,180.83
5330,168,3,2025-06-11,Store,140.16
5331,521,5,2024-09-08,Store,320.32
5332,27,4,2024-05-03,Store,245.47
5333,117,3,2025-11-18,Store,145.53
5334,1990,6,2025-03-18,Online,114.63
5335,103,1,2024-01-01,Store,291.75
5336,1794,6,2024-11-16,Online,77.95
5337,165,6,2024-11-17,Online,207.68
5338,531,3,2025-01-02,Store,152.7
5339,1251,6,2024-03-20,Online,73.69
5340,67,3,2025-12-10,Store,634.41
5341,1690,6,2024-02-08,Online,123.35
5342,966,3,2024-10-18,Store,159.37
5343,671,5,2024-02-21,Store,122.38
5344,1981,1,2025-06-09,Store,204.83
5345,1214,1,2024-07-31,Store,210.52
5346,432,5,2025-02-04,Store,290.13
5347,733,6,2025-06-19,Online,243.72
5348,1213,2,2025-04-29,Store,300.54
5349,1637,5,2025-12-02,Store,135.53
5350,459,6,2025-09-02,Online,99.26
5351,1481,2,2024-02-06,Store,359.94
5352,1204,5,2025-07-24,Store,58.39
5353,495,5,2025-06-20,Store,65.84
5354,1602,2,2024-06-08,Store,220.53
5355,29,1,2025-10-15,Store,94.21
5356,199,3,2024-10-24,Store,156.36
5357,1826,5,2025-04-14,Store,104.52
5358,1477,1,2024-01-19,Store,68.19
5359,1772,6,2025-12-30,Online,435.89
5360,868,2,2025-02-13,Store,291.35
5361,857,1,2025-09-04,Store,347.69
5362,1651,4,2025-07-15,Store,90.2
5363,1220,4,2024-03-22,Store,79.89
5364,307,5,2025-07-31,Store,97.25
5365,1620,5,2025-06-23,Store,161.14
5366,525,3,2025-07-28,Store,63.47
5367,554,1,2024-04-13,Store,36.36
5368,152,4,2025-03-17,Store,115.02
5369,1584,5,2025-01-09,Store,321.53
5370,386,5,2024-04-01,Store,160.81
5371,371,5,2024-08-02,Store,257.62
5372,980,4,2024-05-17,Store,86.5
5373,604,6,2024-12-20,Online,145.46
5374,167,6,2024-08-07,Online,122.66
5375,854,5,2025-05-03,Store,167.71
5376,1080,1,2025-01-22,Store,114.0
5377,159,4,2024-04-20,Store,188.39
5378,1856,3,2025-01-15,Store,105.26
5379,1580,3,2024-06-06,Store,94.04
5380,1264,4,2024-09-25,Store,183.28
5381,601,6,2024-10-24,Online,39.66
5382,1453,6,2024-02-29,Online,748.16
5383,1530,2,2024-02-07,Store,177.23
5384,1531,2,2024-08-01,Store,194.33
5385,664,1,2024-08-30,Store,168.94
5386,984,5,2024-04-09,Store,110.09
5387,1966,5,2024-10-15,Store,77.71
5388,712,5,2025-11-18,Store,47.02
5389,1903,3,2024-03-22,Store,104.52
5390,1894,5,2025-09-21,Store,501.24
5391,1994,6,2024-01-19,Online,303.69
5392,844,1,2024-10-11,Store,190.41
5393,153,3,2025-08-02,Store,567.6
5394,1130,2,2025-06-08,Store,152.2
5395,789,6,2025-06-18,Online,220.19
5396,698,2,2024-06-07,Store,73.69
5397,869,3,2025-02-17,Store,135.82
5398,426,3,2024-09-12,Store,34.01
5399,1351,6,2024-10-20,Online,180.29
5400,1744,6,2025-04-24,Online,84.24
5401,1001,6,2024-04-14,Online,153.24
5402,1528,3,2025-01-12,Store,439.86
5403,294,6,2024-04-14,Online,233.81
5404,1188,6,2024-01-13,Online,99.25
5405,661,5,2025-03-17,Store,66.92
5406,1473,5,2024-04-27,Store,261.57
5407,1729,6,2024-10-27,Online,160.18
5408,1803,1,2025-08-20,Store,250.55
5409,676,3,2025-04-30,Store,50.25
5410,1601,3,2025-07-18,Store,324.0
5411,7,4,2024-01-16,Store,145.46
5412,1261,6,2024-09-22,Online,168.09
5413,1852,1,2025-02-06,Store,38.0
5414,1722,5,2025-04-17,Store,94.67
5415,1526,2,2025-01-10,Store,60.96
5416,20,2,2024-04-22,Store,382.35
5417,1955,5,2025-10-08,Store,214.56
5418,1711,6,2024-05-04,Online,180.26
5419,161,4,2024-01-07,Store,135.92
5420,1111,2,2025-04-10,Store,669.5
5421,881,6,2024-05-07,Online,425.57
5422,1315,5,2024-11-18,Store,231.31
5423,1075,4,2024-11-07,Store,157.55
5424,259,1,2024-08-04,Store,279.9
5425,1322,5,2024-08-13,Store,159.15
5426,186,5,2024-07-21,Store,46.83
5427,322,3,2025-07-29,Store,252.32
5428,1535,3,2024-12-16,Store,251.04
5429,984,6,2024-04-28,Online,95.99
5430,862,2,2024-01-03,Store,160.16
5431,1034,3,2025-05-29,Store,106.3
5432,740,3,2024-10-08,Store,363.97
5433,171,6,2025-04-09,Online,135.32
5434,750,1,2025-05-30,Store,94.67
5435,50,5,2024-01-23,Store,56.41
5436,1133,6,2024-12-28,Online,257.56
5437,874,6,2024-05-08,Online,395.3
5438,1744,6,2024-02-25,Online,97.25
5439,309,1,2024-08-15,Store,197.52
5440,1328,6,2025-04-05,Online,48.07
5441,1608,6,2025-08-17,Online,191.13
5442,409,3,2025-09-10,Store,222.39
5443,131,2,2025-09-21,Store,115.68
5444,244,4,2025-10-07,Store,112.19
5445,983,3,2024-01-05,Store,474.55
5446,752,2,2025-04-06,Store,102.03
5447,1103,1,2025-12-20,Store,63.47
5448,991,6,2025-02-10,Online,48.57
5449,1706,4,2024-02-07,Store,292.59
5450,1298,6,2025-09-09,Online,102.12
5451,1270,4,2025-02-20,Store,128.32
5452,1869,2,2024-02-08,Store,42.12
5453,659,4,2024-03-03,Store,36.73
5454,161,1,2025-06-17,Store,27.52
5455,663,5,2025-07-28,Store,41.29
5456,738,3,2025-08-20,Store,332.43
5457,1977,1,2025-04-23,Store,68.19
5458,1287,3,2025-02-19,Store,339.01
5459,1000,6,2025-04-24,Online,105.26
5460,1161,3,2025-05-12,Store,448.42
5461,555,1,2025-08-10,Store,245.6
5462,399,3,2024-02-07,Store,126.68
5463,1387,2,2024-03-16,Store,56.23
5464,1537,4,2025-03-09,Store,338.07
5465,915,1,2024-04-05,Store,47.63
5466,1064,6,2024-12-31,Online,77.95
5467,1031,2,2025-04-03,Store,36.73
5468,1231,4,2025-11-12,Store,169.26
5469,242,4,2025-02-20,Store,627.58
5470,1659,1,2024-04-21,Store,108.7
5471,1795,5,2024-08-04,Store,215.1
5472,1781,5,2024-02-26,Store,136.68
5473,1499,6,2025-08-22,Online,251.54
5474,131,5,2024-12-22,Store,94.67
5475,531,5,2024-04-24,Store,286.29
5476,146,4,2025-04-10,Store,104.13
5477,679,4,2024-11-06,Store,113.24
5478,337,3,2025-06-02,Store,84.2
5479,1334,6,2024-07-19,Online,270.38
5480,330,4,2025-06-22,Store,34.01
5481,837,2,2025-11-08,Store,73.76
5482,277,6,2025-05-05,Online,86.84
5483,243,3,2024-04-04,Store,106.3
5484,5,6,2024-09-04,Online,77.71
5485,875,1,2024-05-07,Store,312.9
5486,1974,4,2024-02-04,Store,94.04
5487,1223,6,2025-07-26,Online,107.85
5488,1908,4,2024-11-23,Store,136.68
5489,1518,6,2024-05-04,Online,44.74
5490,502,6,2025-02-06,Online,138.94
5491,395,1,2025-01-14,Store,204.51
5492,989,6,2025-08-29,Online,142.51
5493,1642,3,2024-10-30,Store,110.87
5494,467,3,2025-05-12,Store,220.18
5495,888,5,2025-09-05,Store,160.77
5496,576,5,2025-12-13,Store,255.12
5497,813,6,2025-08-20,Online,406.3
5498,848,3,2024-12-03,Store,371.25
5499,1839,5,2025-02-02,Store,582.64
5500,287,1,2024-04-23,Store,345.64
5501,454,1,2024-11-30,Store,77.71
5502,521,2,2025-08-22,Store,167.82
5503,906,2,2024-09-15,Store,782.05
5504,736,5,2024-08-24,Store,56.25
5505,1027,1,2025-07-23,Store,277.33
5506,1354,6,2025-11-12,Online,376.46
5507,61,6,2025-12-26,Online,430.97
5508,195,1,2024-08-11,Store,56.41
5509,6,1,2024-09-25,Store,311.57
5510,1867,2,2025-04-22,Store,753.29
5511,939,6,2025-01-06,Online,740.5
5512,863,6,2025-06-27,Online,144.04
5513,1605,6,2024-08-06,Online,371.41
5514,1801,1,2024-10-21,Store,92.86
5515,317,3,2025-10-15,Store,533.48
5516,1077,2,2024-01-30,Store,113.16
5517,1449,1,2024-04-29,Store,114.57
5518,1383,6,2025-06-02,Online,323.88
5519,253,5,2025-09-16,Store,131.7
5520,439,2,2024-10-07,Store,65.84
5521,1576,4,2024-08-18,Store,294.01
5522,183,4,2024-08-21,Store,390.44
5523,37,6,2025-06-30,Online,203.58
5524,253,4,2025-02-15,Store,654.76
5525,1671,3,2024-09-03,Store,108.5
5526,717,1,2025-10-01,Store,232.81
5527,532,5,2025-09-21,Store,30.79
5528,547,3,2024-11-04,Store,167.64
5529,1271,6,2025-10-06,Online,230.82
5530,1304,1,2024-04-25,Store,421.92
5531,1117,5,2024-08-15,Store,167.82
5532,280,2,2024-01-25,Store,255.04
5533,320,2,2025-05-26,Store,203.58
5534,1065,6,2024-11-20,Online,104.39
5535,1105,5,2025-10-17,Store,285.16
5536,1736,2,2025-05-05,Store,533.07
5537,1437,5,2025-12-05,Store,159.78
5538,1688,6,2024-09-29,Online,371.38
5539,1682,3,2025-02-10,Store,102.53
5540,573,1,2024-05-29,Store,122.66
5541,1177,6,2024-03-15,Online,209.4
5542,1562,2,2024-12-18,Store,347.69
5543,1797,2,2025-04-24,Store,408.59
5544,67,5,2025-01-02,Store,580.48
5545,1670,6,2025-10-20,Online,231.69
5546,1225,6,2024-03-16,Online,36.36
5547,790,4,2025-02-04,Store,412.8
5548,854,2,2024-12-29,Store,121.33
5549,1569,3,2025-03-17,Store,112.96
5550,901,3,2025-07-22,Store,91.86
5551,1091,1,2024-07-29,Store,61.58
5552,1579,2,2025-02-11,Store,444.6
5553,207,2,2024-06-19,Store,230.88
5554,1783,2,2025-06-07,Store,292.59
5555,1844,1,2024-06-24,Store,258.58
5556,58,2,2025-06-18,Store,168.75
5557,1934,1,2024-08-23,Store,294.94
5558,1862,2,2024-10-24,Store,266.31
5559,1207,1,2024-05-16,Store,101.23
5560,361,4,2024-01-24,Store,161.35
5561,1247,6,2025-11-20,Online,102.53
5562,1965,4,2024-06-13,Store,112.19
5563,1214,1,2024-08-02,Store,136.66
5564,32,5,2024-12-01,Store,118.14
5565,149,3,2025-12-27,Store,103.95
5566,1748,6,2024-03-23,Online,95.99
5567,1837,1,2024-11-06,Store,297.9
5568,1548,1,2024-05-11,Store,115.41
5569,462,6,2025-12-07,Online,122.66
5570,708,5,2024-01-11,Store,530.38
5571,1941,3,2025-06-25,Store,203.58
5572,1575,6,2024-07-13,Online,243.33
5573,432,6,2025-10-17,Online,141.06
5574,915,4,2024-12-04,Store,743.12
5575,124,3,2024-05-24,Store,274.43
5576,1958,3,2025-03-01,Store,289.04
5577,1458,6,2025-03-12,Online,325.1
5578,140,5,2025-11-23,Store,66.0
5579,288,6,2024-01-02,Online,167.08
5580,1573,6,2024-09-15,Online,111.53
5581,1673,6,2024-04-11,Online,65.57
5582,653,5,2025-04-20,Store,66.0
5583,1608,1,2024-10-21,Store,242.66
5584,1252,6,2025-07-19,Online,156.36
5585,1563,3,2025-11-02,Store,93.96
5586,1917,3,2024-05-26,Store,184.2
5587,1064,6,2025-06-12,Online,31.04
5588,592,6,2024-04-08,Online,115.41
5589,1818,2,2024-01-19,Store,201.77
5590,1479,4,2025-08-09,Store,402.63
5591,1450,6,2024-06-15,Online,124.19
5592,1974,3,2025-12-14,Store,113.07
5593,849,2,2025-07-19,Store,412.41
5594,1513,6,2025-04-11,Online,220.49
5595,296,3,2024-10-04,Store,700.99
5596,114,5,2024-11-09,Store,48.07
5597,368,1,2024-12-14,Store,117.63
5598,1662,6,2024-02-17,Online,409.94
5599,308,6,2024-06-11,Online,202.09
5600,1381,1,2025-04-19,Store,91.23
5601,1004,2,2025-07-05,Store,85.02
5602,1029,6,2024-03-25,Online,581.75
5603,743,4,2025-01-02,Store,360.96
5604,316,5,2025-08-30,Store,112.5
5605,120,5,2025-03-18,Store,211.88
5606,835,5,2024-11-12,Store,497.3
5607,698,6,2025-01-11,Online,438.04
5608,820,1,2025-09-02,Store,185.72
5609,1774,3,2024-12-27,Store,132.65
5610,165,2,2025-09-05,Store,299.96
5611,1064,2,2024-07-11,Store,346.53
5612,552,1,2024-08-16,Store,97.25
5613,218,5,2024-12-05,Store,469.08
5614,1745,6,2025-03-28,Online,270.82
5615,942,5,2025-02-02,Store,104.52
5616,651,2,2024-12-31,Store,561.07
5617,1689,1,2024-12-22,Store,380.64
5618,1094,6,2024-07-29,Online,335.42
5619,998,6,2025-09-01,Online,194.0
5620,1244,1,2024-07-19,Store,63.14
5621,1047,6,2024-03-13,Online,68.19
5622,304,2,2025-08-14,Store,196.53
5623,123,6,2025-05-22,Online,288.12
5624,1645,6,2024-04-29,Online,416.91
5625,162,2,2025-10-16,Store,112.82
5626,1388,6,2025-08-31,Online,85.02
5627,915,1,2024-12-02,Store,217.95
5628,899,3,2024-08-13,Store,56.25
5629,89,1,2025-07-07,Store,337.03
5630,601,6,2025-01-09,Online,405.47
5631,1059,1,2025-09-21,Store,124.07
5632,1403,6,2024-09-21,Online,150.97
5633,1484,2,2025-12-29,Store,254.4
5634,176,6,2025-05-23,Online,476.35
5635,836,4,2025-10-31,Store,426.46
5636,1140,6,2025-10-19,Online,166.58
5637,1270,1,2024-04-22,Store,501.53
5638,289,2,2024-06-23,Store,158.66
5639,1517,1,2024-12-17,Store,25.01
5640,1555,1,2025-04-07,Store,329.24
5641,1039,1,2024-09-22,Store,41.29
5642,9,5,2025-06-11,Store,115.68
5643,761,2,2024-12-03,Store,326.62
5644,482,6,2025-09-12,Online,88.06
5645,1618,1,2025-06-02,Store,590.08
5646,159,4,2025-05-23,Store,77.95
5647,1224,6,2025-07-19,Online,30.63
5648,1139,1,2024-11-12,Store,319.19
5649,559,2,2025-12-11,Store,338.88
5650,1735,6,2025-10-29,Online,265.04
5651,380,5,2025-04-21,Store,624.98
5652,1547,5,2025-11-04,Store,101.79
5653,1675,2,2025-05-18,Store,161.56
5654,1892,4,2024-06-01,Store,224.38
5655,415,2,2025-05-28,Store,123.75
5656,483,3,2024-07-12,Store,38.0
5657,864,5,2024-12-14,Store,42.1
5658,1092,2,2025-11-29,Store,236.61
5659,1980,2,2024-05-21,Store,210.53
5660,182,1,2025-04-14,Store,50.25
5661,1872,2,2025-12-28,Store,108.5
5662,8,6,2025-09-30,Online,93.96
5663,1540,4,2025-12-07,Store,111.53
5664,1789,4,2024-05-11,Store,89.12
5665,617,6,2024-03-17,Online,245.32
5666,1315,6,2024-12-03,Online,229.42
5667,1408,4,2024-12-18,Store,506.59
5668,1761,6,2024-06-01,Online,97.53
5669,935,2,2025-04-26,Store,113.07
5670,625,5,2024-11-12,Store,123.87
5671,1364,2,2025-01-04,Store,339.76
5672,1606,6,2024-04-23,Online,214.67
5673,58,5,2025-11-09,Store,433.55
5674,1753,6,2025-11-24,Online,376.28
5675,909,2,2024-11-28,Store,271.06
5676,1991,2,2024-04-15,Store,364.71
5677,650,6,2025-10-26,Online,66.68
5678,1674,6,2024-01-28,Online,48.57
5679,1416,3,2025-03-05,Store,114.59
5680,538,6,2024-09-19,Online,101.8
5681,1502,5,2024-12-14,Store,270.89
5682,1605,3,2024-08-05,Store,146.31
5683,831,5,2025-05-13,Store,141.37
5684,1361,5,2024-08-09,Store,73.69
5685,1310,6,2025-02-23,Online,331.78
5686,1513,1,2025-11-25,Store,70.88
5687,225,5,2025-12-11,Store,188.32
5688,8,5,2025-11-07,Store,384.68
5689,1269,6,2024-01-18,Online,156.36
5690,1668,6,2024-06-02,Online,50.25
5691,1288,4,2024-12-11,Store,138.43
5692,895,6,2025-09-12,Online,167.82
5693,265,2,2025-04-18,Store,106.72
5694,1020,5,2024-12-14,Store,245.81
5695,1104,6,2025-08-21,Online,206.69
5696,1084,4,2025-09-05,Store,69.78
5697,69,4,2024-04-27,Store,226.14
5698,1994,6,2025-07-18,Online,353.8
5699,382,2,2024-08-24,Store,209.99
5700,1185,5,2025-09-02,Store,296.28
5701,1759,3,2025-10-26,Store,330.03
5702,1660,3,2024-08-17,Store,108.7
5703,179,1,2024-06-26,Store,235.34
5704,1561,2,2024-05-28,Store,67.4
5705,1187,4,2024-10-13,Store,100.5
5706,521,5,2024-11-19,Store,96.04
5707,1774,2,2025-05-17,Store,73.58
5708,1203,3,2024-06-19,Store,469.28
5709,1113,3,2024-06-11,Store,197.37
5710,730,6,2024-01-27,Online,844.32
5711,481,4,2024-10-25,Store,133.84
5712,1056,1,2025-01-09,Store,103.06
5713,791,6,2024-10-04,Online,180.83
5714,1670,3,2025-08-04,Store,47.02
5715,889,6,2024-01-20,Online,386.42
5716,866,6,2025-03-26,Online,94.49
5717,1363,4,2024-12-16,Store,77.71
5718,293,4,2025-04-08,Store,259.34
5719,416,3,2025-07-14,Store,199.78
5720,367,5,2025-12-16,Store,172.16
5721,8,6,2025-04-14,Online,201.46
5722,1306,4,2024-05-25,Store,270.13
5723,1189,4,2024-06-05,Store,106.45
5724,1966,4,2025-09-05,Store,215.92
5725,167,2,2024-05-30,Store,225.84
5726,1814,6,2025-01-21,Online,111.49
5727,1897,3,2024-01-02,Store,97.14
5728,291,6,2024-03-17,Online,454.56
5729,631,5,2025-01-31,Store,159.21
5730,1990,3,2024-07-25,Store,91.86
5731,284,2,2025-10-18,Store,72.73
5732,1498,5,2025-04-28,Store,361.4
5733,724,6,2025-06-20,Online,115.02
5734,360,6,2024-06-27,Online,255.26
5735,1371,4,2025-12-02,Store,317.82
5736,1520,6,2025-11-19,Online,227.08
5737,7,3,2024-01-19,Store,43.25
5738,608,4,2025-09-23,Store,134.57
5739,1998,2,2025-03-26,Store,188.08
5740,387,2,2025-04-27,Store,29.93
5741,883,5,2025-12-02,Store,97.14
5742,842,6,2024-04-15,Online,56.41
5743,1008,2,2025-04-23,Store,314.89
5744,1946,6,2024-10-19,Online,82.98
5745,316,6,2025-03-10,Online,339.86
5746,1016,5,2024-06-04,Store,197.22
5747,562,6,2024-02-24,Online,45.93
5748,721,1,2024-02-05,Store,220.45
5749,181,5,2024-02-22,Store,382.9
5750,1254,1,2024-06-29,Store,105.94
5751,870,3,2024-12-22,Store,180.44
5752,314,6,2025-10-03,Online,65.84
5753,1794,1,2024-06-28,Store,69.78
5754,1498,6,2025-11-21,Online,169.23
5755,1719,6,2025-04-26,Online,45.93
5756,36,3,2025-09-09,Store,85.02
5757,247,6,2025-11-21,Online,207.38
5758,1137,6,2025-10-17,Online,63.14
5759,2,2,2024-11-25,Store,230.39
5760,1226,6,2024-11-12,Online,64.56
5761,1115,2,2024-12-20,Store,93.3
5762,973,3,2025-11-27,Store,291.76
5763,1344,5,2024-06-18,Store,36.73
5764,1696,2,2024-10-18,Store,185.72
5765,1811,6,2024-08-04,Online,115.68
5766,1992,3,2025-11-27,Store,335.71
5767,1223,6,2025-04-14,Online,423.3
5768,1525,6,2025-03-09,Online,198.8
5769,1384,4,2025-12-04,Store,114.28
5770,665,4,2025-11-23,Store,419.59
5771,734,4,2024-12-17,Store,167.71
5772,900,4,2025-04-13,Store,163.07
5773,581,6,2025-01-06,Online,137.65
5774,388,6,2025-06-05,Online,156.36
5775,1483,1,2024-02-29,Store,185.72
5776,928,4,2024-12-11,Store,250.99
5777,1925,4,2025-11-21,Store,69.72
5778,866,1,2024-12-04,Store,107.96
5779,1085,4,2025-07-25,Store,112.96
5780,1627,6,2025-01-17,Online,385.23
5781,1234,2,2025-08-28,Store,410.04
5782,750,3,2024-04-02,Store,232.59
5783,1797,6,2025-01-15,Online,528.25
5784,1458,4,2025-11-24,Store,36.73
5785,1820,6,2025-07-21,Online,318.45
5786,1699,4,2024-06-18,Store,111.53
5787,228,5,2025-08-13,Store,77.71
5788,278,4,2024-08-02,Store,69.72
5789,886,2,2025-12-12,Store,51.13
5790,1602,2,2025-06-28,Store,195.06
5791,740,3,2024-06-08,Store,209.04
5792,592,5,2024-09-28,Store,52.19
5793,254,4,2025-05-22,Store,231.61
5794,1438,4,2024-12-05,Store,188.98
5795,1170,3,2025-08-11,Store,495.9
5796,839,5,2025-07-15,Store,465.69
5797,1907,6,2024-10-15,Online,70.88
5798,1591,5,2025-09-15,Store,161.83
5799,119,1,2024-01-06,Store,20.32
5800,931,6,2025-04-11,Online,414.34
5801,737,6,2024-07-03,Online,97.53
5802,1725,6,2025-04-14,Online,104.51
5803,1338,6,2024-02-18,Online,453.27
5804,1338,6,2024-07-04,Online,149.82
5805,1232,3,2025-03-14,Store,197.65
5806,1200,6,2025-04-10,Online,224.73
5807,691,6,2025-04-26,Online,70.7
5808,1817,1,2025-06-09,Store,93.3
5809,1791,6,2024-10-28,Online,1014.56
5810,1214,6,2024-05-19,Online,227.63
5811,519,5,2024-08-06,Store,131.14
5812,496,5,2024-01-04,Store,213.6
5813,71,3,2025-12-13,Store,82.98
5814,797,4,2024-03-06,Store,438.92
5815,1409,4,2024-01-28,Store,147.38
5816,242,5,2025-06-24,Store,50.23
5817,1881,5,2025-09-10,Store,220.48
5818,434,4,2024-05-01,Store,227.69
5819,410,3,2025-02-15,Store,47.02
5820,1139,1,2024-09-02,Store,626.87
5821,804,5,2025-11-04,Store,90.2
5822,1172,4,2025-06-14,Store,43.25
5823,1283,3,2024-08-25,Store,102.12
5824,1959,4,2025-12-24,Store,42.12
5825,1665,3,2024-11-02,Store,31.04
5826,402,6,2025-03-26,Online,547.48
5827,1541,1,2025-05-18,Store,167.08
5828,1575,2,2025-10-26,Store,135.82
5829,1270,4,2024-12-26,Store,334.16
5830,69,6,2024-04-17,Online,115.02
5831,1545,4,2025-07-10,Store,358.3
5832,1554,6,2025-07-24,Online,533.91
5833,516,6,2025-03-02,Online,101.79
5834,748,6,2024-11-01,Online,220.18
5835,958,6,2024-12-05,Online,153.34
5836,579,1,2024-11-29,Store,220.03
5837,1844,5,2024-01-30,Store,49.84
5838,1408,4,2025-11-27,Store,135.14
5839,865,1,2024-06-24,Store,221.14
5840,517,4,2024-02-12,Store,286.06
5841,1688,1,2025-08-26,Store,421.11
5842,1073,1,2025-05-28,Store,915.39
5843,509,3,2025-04-04,Store,230.46
5844,705,6,2024-08-13,Online,175.16
5845,1073,5,2025-04-16,Store,188.08
5846,207,2,2024-06-20,Store,98.76
5847,251,4,2024-01-18,Store,43.77
5848,465,5,2025-01-25,Store,410.67
5849,701,4,2025-03-29,Store,198.46
5850,971,6,2025-07-08,Online,401.87
5851,1730,3,2024-05-27,Store,372.36
5852,1059,4,2024-09-06,Store,159.15
5853,1219,6,2025-05-09,Online,93.3
5854,1259,6,2024-10-02,Online,131.41
5855,637,6,2024-01-08,Online,38.0
5856,847,3,2024-08-21,Store,260.05
5857,600,3,2025-10-13,Store,67.95
5858,1629,2,2025-03-11,Store,540.87
5859,1649,1,2024-05-12,Store,247.95
5860,1587,6,2024-02-07,Online,106.3
5861,1863,6,2024-12-13,Online,192.78
5862,82,2,2024-03-03,Store,360.38
5863,1000,5,2024-05-09,Store,36.73
5864,1106,1,2025-04-03,Store,477.47
5865,752,6,2024-02-12,Online,395.79
5866,1831,6,2024-12-11,Online,104.13
5867,1682,3,2025-09-10,Store,175.96
5868,1619,1,2025-08-15,Store,454.16
5869,1136,4,2024-04-16,Store,288.12
5870,1361,1,2025-07-04,Store,73.46
5871,1184,1,2025-03-07,Store,213.5
5872,1715,5,2025-10-22,Store,135.82
5873,1220,3,2024-12-17,Store,34.01
5874,1417,5,2024-10-12,Store,328.26
5875,222,4,2025-11-18,Store,195.06
5876,27,3,2024-07-31,Store,94.21
5877,1958,1,2024-03-13,Store,316.63
5878,1518,4,2025-12-07,Store,101.79
5879,1958,2,2025-03-09,Store,440.16
5880,61,5,2025-08-19,Store,318.76
5881,1609,6,2024-10-08,Online,135.53
5882,1336,2,2025-10-13,Store,175.31
5883,1281,6,2024-05-11,Online,262.98
5884,893,1,2025-06-07,Store,112.19
5885,564,5,2025-05-31,Store,94.04
5886,604,2,2025-01-19,Store,47.63
5887,741,5,2024-12-30,Store,109.3
5888,1154,1,2024-11-24,Store,633.96
5889,1885,6,2025-11-20,Online,33.34
5890,1208,2,2024-08-11,Store,160.16
5891,1420,4,2024-07-21,Store,63.47
5892,869,2,2024-05-12,Store,209.38
5893,1819,2,2025-04-16,Store,73.76
5894,562,4,2025-01-25,Store,104.51
5895,270,2,2025-09-27,Store,25.05
5896,1389,3,2025-08-18,Store,318.63
5897,1827,4,2024-12-14,Store,181.62
5898,1548,1,2025-01-11,Store,102.12
5899,946,6,2025-10-26,Online,39.66
5900,1560,5,2024-05-17,Store,252.74
5901,1278,6,2024-11-03,Online,486.49
5902,1133,2,2024-10-20,Store,162.02
5903,823,6,2025-12-07,Online,224.38
5904,745,3,2025-11-09,Store,411.67
5905,283,2,2025-11-15,Store,148.67
5906,1166,2,2024-03-17,Store,36.73
5907,580,4,2024-03-09,Store,260.54
5908,511,6,2025-01-18,Online,205.06
5909,296,3,2024-11-23,Store,47.1
5910,962,1,2024-02-11,Store,94.38
5911,44,3,2025-01-29,Store,227.57
5912,869,2,2024-01-27,Store,348.27
5913,1812,2,2024-02-28,Store,335.64
5914,579,3,2025-11-30,Store,456.37
5915,476,4,2024-10-18,Store,206.79
5916,82,3,2024-07-24,Store,498.26
5917,1734,1,2024-06-29,Store,96.85
5918,212,5,2024-02-09,Store,203.58
5919,1337,5,2024-06-17,Store,180.83
5920,1201,1,2025-08-19,Store,252.15
5921,1499,4,2025-09-14,Store,187.71
5922,952,6,2024-06-06,Online,141.3
5923,1802,4,2024-03-29,Store,214.55
5924,1492,1,2024-04-26,Store,21.91
5925,1007,6,2024-08-26,Online,131.41
5926,1911,1,2025-01-10,Store,52.19
5927,1459,6,2025-09-07,Online,213.3
5928,548,4,2025-04-17,Store,51.13
5929,1504,2,2024-07-09,Store,93.96
5930,1898,2,2024-05-11,Store,63.47
5931,548,6,2024-01-27,Online,223.02
5932,1394,2,2025-12-25,Store,127.2
5933,930,6,2024-08-17,Online,97.53
5934,1604,2,2024-11-08,Store,185.46
5935,879,2,2025-09-08,Store,111.89
5936,836,5,2025-06-24,Store,184.26
5937,840,3,2024-11-05,Store,358.95
5938,1580,6,2025-11-23,Online,174.52
5939,97,2,2024-03-12,Store,228.15
5940,545,3,2025-07-29,Store,102.0
5941,1660,3,2024-06-04,Store,167.82
5942,161,5,2025-10-03,Store,112.19
5943,163,6,2024-11-03,Online,357.16
5944,290,1,2024-01-12,Store,323.95
5945,1823,6,2025-09-25,Online,72.73
5946,1032,3,2025-05-05,Store,29.93
5947,1109,2,2024-01-31,Store,155.9
5948,1896,4,2024-06-11,Store,147.52
5949,416,3,2024-09-11,Store,75.62
5950,1679,3,2025-08-29,Store,94.21
5951,30,1,2025-05-19,Store,50.02
5952,1715,3,2025-05-01,Store,368.04
5953,732,3,2025-05-22,Store,73.46
5954,528,6,2024-06-06,Online,335.64
5955,256,5,2025-04-15,Store,96.04
5956,608,6,2025-01-21,Online,202.1
5957,1087,6,2024-07-19,Online,407.22
5958,395,6,2024-03-19,Online,380.04
5959,1488,2,2025-11-18,Store,131.42
5960,1869,6,2025-12-07,Online,706.8
5961,1581,2,2024-07-11,Store,154.39
5962,1845,1,2024-07-29,Store,49.7
5963,1730,4,2025-04-17,Store,48.57
5964,734,6,2025-09-14,Online,114.0
5965,255,6,2025-02-10,Online,49.7
5966,279,2,2024-05-20,Store,294.28
5967,1112,3,2025-11-28,Store,271.84
5968,415,6,2024-01-28,Online,286.34
5969,1927,3,2025-11-02,Store,56.23
5970,433,6,2024-09-12,Online,127.2
5971,689,6,2024-02-01,Online,168.16
5972,721,2,2025-05-17,Store,186.6
5973,1451,5,2025-07-08,Store,168.38
5974,613,6,2025-10-28,Online,72.73
5975,1765,3,2025-09-06,Store,252.15
5976,1845,6,2024-05-25,Online,163.54
5977,78,6,2025-12-10,Online,30.79
5978,1586,6,2024-12-11,Online,201.96
5979,201,1,2024-04-25,Store,230.04
5980,498,5,2025-08-12,Store,345.72
5981,1332,1,2024-06-18,Store,189.18
5982,1163,6,2025-07-28,Online,257.71
5983,553,6,2025-07-30,Online,422.58
5984,1697,6,2024-02-03,Online,90.2
5985,1511,2,2024-09-18,Store,81.24
5986,1630,5,2025-02-27,Store,97.14
5987,832,6,2025-06-13,Online,56.41
5988,539,2,2025-12-29,Store,47.18
5989,630,1,2025-05-17,Store,191.49
5990,1020,2,2024-04-18,Store,92.86
5991,1772,2,2024-06-21,Store,119.01
5992,1801,6,2024-09-23,Online,101.8
5993,166,1,2025-06-09,Store,320.32
5994,1163,3,2024-10-02,Store,63.14
5995,1886,5,2025-03-25,Store,88.88
5996,1618,1,2024-11-15,Store,307.58
5997,772,1,2024-03-15,Store,65.57
5998,216,4,2024-04-14,Store,218.19
5999,1842,2,2024-07-22,Store,315.3
6000,730,6,2024-01-23,Online,303.99
6001,1429,2,2024-10-03,Store,36.36
6002,380,2,2024-09-21,Store,69.78
6003,386,6,2024-09-09,Online,155.9
6004,1159,4,2024-08-25,Store,163.07
6005,1914,1,2024-09-30,Store,337.78
6006,1623,1,2025-10-09,Store,109.3
6007,208,2,2025-08-03,Store,96.2
6008,1319,4,2025-03-10,Store,92.74
6009,238,3,2024-01-08,Store,541.86
6010,997,6,2024-05-20,Online,61.26
6011,1529,6,2024-08-13,Online,707.22
6012,461,2,2025-12-08,Store,203.6
6013,1945,4,2025-03-31,Store,250.58
6014,601,3,2025-06-27,Store,92.74
6015,1886,2,2024-02-26,Store,431.83
6016,1904,2,2025-08-22,Store,36.36
6017,1997,1,2025-09-11,Store,338.88
6018,276,3,2025-01-04,Store,31.04
6019,1129,5,2024-07-12,Store,93.3
6020,1227,4,2024-09-22,Store,597.51
6021,840,1,2025-06-24,Store,131.75
6022,1712,6,2025-04-30,Online,381.94
6023,652,6,2025-05-13,Online,255.18
6024,1549,5,2025-12-27,Store,195.06
6025,172,6,2025-08-31,Online,288.94
6026,1065,2,2024-10-27,Store,94.49
6027,935,4,2025-12-14,Store,74.91
6028,251,4,2024-12-28,Store,216.92
6029,506,4,2024-01-13,Store,248.94
6030,281,6,2024-03-09,Online,158.73
6031,1145,5,2025-04-17,Store,292.27
6032,1245,6,2024-11-22,Online,85.67
6033,832,5,2025-02-23,Store,255.26
6034,1135,1,2025-03-08,Store,197.52
6035,1895,5,2025-09-12,Store,105.94
6036,455,1,2025-11-30,Store,89.12
6037,1669,2,2025-04-21,Store,154.76
6038,392,2,2025-12-30,Store,146.42
6039,89,1,2025-02-18,Store,448.72
6040,99,6,2025-08-02,Online,118.14
6041,955,2,2025-12-16,Store,524.75
6042,195,4,2024-09-08,Store,112.96
6043,121,1,2024-06-02,Store,552.42
6044,1151,6,2024-07-25,Online,139.26
6045,89,1,2025-04-28,Store,118.68
6046,1005,2,2025-08-10,Store,430.45
6047,767,6,2024-11-29,Online,63.14
6048,1140,6,2025-12-29,Online,177.76
6049,450,3,2024-12-15,Store,361.57
6050,1134,5,2024-03-07,Store,569.53
6051,29,4,2025-11-22,Store,720.2
6052,1343,1,2024-01-03,Store,45.93
6053,42,4,2024-04-28,Store,333.78
6054,1732,6,2025-12-30,Online,355.98
6055,1027,6,2025-05-31,Online,247.5
6056,558,6,2025-04-13,Online,34.65
6057,902,1,2024-11-05,Store,693.19
6058,4,4,2025-11-17,Store,241.47
6059,1338,6,2024-12-10,Online,412.39
6060,1281,6,2024-10-26,Online,203.14
6061,156,6,2025-04-14,Online,63.47
6062,270,5,2025-07-27,Store,234.78
6063,1086,6,2024-04-07,Online,99.68
6064,1181,6,2025-07-22,Online,314.59
6065,817,2,2025-05-09,Store,140.27
6066,1404,5,2025-11-12,Store,84.24
6067,377,3,2024-05-31,Store,77.83
6068,1785,6,2024-07-27,Online,191.49
6069,1247,1,2025-01-04,Store,63.47
6070,154,6,2025-02-16,Online,95.62
6071,748,2,2024-04-21,Store,130.14
6072,84,5,2025-11-30,Store,692.49
6073,1488,6,2024-01-22,Online,228.0
6074,1518,3,2025-05-14,Store,213.86
6075,1731,3,2025-03-02,Store,474.43
6076,682,1,2024-02-07,Store,312.72
6077,473,6,2025-06-11,Online,131.41
6078,846,2,2025-08-31,Store,24.92
6079,876,6,2025-03-21,Online,112.19
6080,767,3,2025-03-26,Store,457.74
6081,916,3,2024-03-01,Store,218.04
6082,43,1,2024-12-14,Store,121.33
6083,1422,2,2025-03-13,Store,85.02
6084,1689,5,2024-10-09,Store,33.34
6085,1704,6,2024-06-13,Online,140.32
6086,1370,4,2025-05-25,Store,77.95
6087,1326,5,2024-02-11,Store,136.68
6088,1817,2,2024-05-15,Store,119.48
6089,1093,5,2024-07-02,Store,423.9
6090,502,1,2024-08-19,Store,79.89
6091,41,6,2025-02-02,Online,494.78
6092,363,6,2025-01-15,Online,755.41
6093,30,4,2025-04-17,Store,276.16
6094,387,5,2024-02-10,Store,205.34
6095,163,6,2025-06-11,Online,41.29
6096,192,5,2024-10-05,Store,112.82
6097,643,2,2025-01-11,Store,65.57
6098,1488,4,2025-07-25,Store,85.34
6099,1543,1,2025-08-11,Store,73.46
6100,1509,3,2025-01-01,Store,665.44
6101,246,6,2025-02-21,Online,219.99
6102,1325,6,2025-03-20,Online,459.72
6103,649,2,2024-05-12,Store,266.64
6104,834,6,2025-12-14,Online,236.28
6105,1579,5,2025-06-16,Store,56.25
6106,343,5,2024-08-12,Store,42.67
6107,676,5,2024-12-11,Store,227.7
6108,609,6,2024-08-22,Online,501.1
6109,1547,1,2024-02-24,Store,63.14
6110,1533,5,2024-11-15,Store,110.09
6111,362,5,2024-02-04,Store,85.02
6112,826,6,2024-09-30,Online,51.13
6113,1705,6,2024-07-20,Online,163.7
6114,1219,1,2025-06-10,Store,110.09
6115,260,5,2025-02-12,Store,181.54
6116,1140,2,2025-10-23,Store,126.68
6117,621,5,2024-01-13,Store,111.53
6118,709,6,2024-04-13,Online,181.42
6119,1802,4,2025-01-15,Store,198.8
6120,1348,4,2025-03-07,Store,220.2
6121,977,5,2025-10-30,Store,222.82
6122,1310,1,2024-12-31,Store,64.56
6123,360,1,2025-01-11,Store,24.92
6124,678,4,2024-08-15,Store,94.21
6125,1870,4,2025-03-21,Store,101.23
6126,1347,6,2025-04-06,Online,282.63
6127,83,6,2025-09-08,Online,73.69
6128,1759,6,2025-09-23,Online,155.9
6129,1523,3,2024-05-15,Store,136.13
6130,853,4,2025-08-08,Store,101.79
6131,655,5,2025-09-20,Store,327.23
6132,435,6,2024-08-10,Online,102.84
6133,188,2,2024-08-31,Store,104.52
6134,622,4,2025-01-18,Store,221.42
6135,987,2,2024-12-19,Store,242.27
6136,202,4,2024-01-31,Store,115.68
6137,1066,2,2025-03-22,Store,297.75
6138,102,6,2025-10-26,Online,241.48
6139,143,6,2025-02-16,Online,214.58
6140,501,5,2025-03-03,Store,217.0
6141,106,6,2025-08-04,Online,112.98
6142,1875,3,2025-07-26,Store,401.31
6143,26,1,2024-01-01,Store,110.24
6144,955,6,2024-11-13,Online,104.51
6145,1769,6,2024-06-21,Online,101.23
6146,471,1,2025-08-02,Store,68.19
6147,1580,6,2024-10-29,Online,49.7
6148,1939,6,2025-02-28,Online,43.77
6149,489,6,2025-09-21,Online,85.02
6150,1026,6,2024-01-08,Online,70.7
6151,1741,4,2024-11-24,Store,170.57
6152,136,1,2025-11-09,Store,66.0
6153,298,3,2025-06-09,Store,63.14
6154,1713,3,2024-06-02,Store,209.27
6155,1024,4,2025-04-23,Store,308.77
6156,755,5,2024-06-20,Store,167.08
6157,1760,6,2025-04-17,Online,271.64
6158,1763,1,2024-07-09,Store,104.38
6159,224,4,2024-10-18,Store,255.7
6160,1262,4,2024-03-07,Store,102.53
6161,1951,4,2024-04-08,Store,89.08
6162,1748,5,2025-07-15,Store,295.25
6163,655,6,2024-01-24,Online,364.84
6164,537,4,2024-06-06,Store,118.14
6165,1409,5,2025-04-03,Store,216.32
6166,840,3,2025-12-08,Store,31.04
6167,723,4,2024-12-31,Store,68.85
6168,587,5,2025-05-10,Store,530.32
6169,1835,3,2024-07-21,Store,407.76
6170,1832,2,2024-10-26,Store,261.42
6171,158,6,2024-10-19,Online,101.23
6172,1222,6,2024-09-09,Online,204.68
6173,244,2,2024-11-03,Store,72.73
6174,1874,6,2024-08-06,Online,454.85
6175,715,6,2025-07-16,Online,871.41
6176,452,1,2024-11-29,Store,233.85
6177,1726,6,2024-01-31,Online,90.43
6178,269,6,2024-03-30,Online,82.74
6179,979,5,2024-11-06,Store,103.57
6180,1078,3,2025-07-06,Store,161.86
6181,830,6,2024-09-27,Online,163.07
6182,1146,6,2025-02-16,Online,142.0
6183,29,6,2025-02-08,Online,167.08
6184,1677,1,2024-06-02,Store,69.72
6185,1726,3,2025-08-07,Store,182.7
6186,824,6,2025-02-06,Online,556.43
6187,604,6,2024-11-01,Online,92.37
6188,669,4,2025-02-19,Store,144.32
6189,543,1,2024-04-14,Store,336.19
6190,1664,6,2025-05-31,Online,115.02
6191,1608,3,2025-07-13,Store,44.74
6192,1257,3,2024-11-13,Store,113.47
6193,1002,5,2025-03-13,Store,159.15
6194,712,6,2024-03-01,Online,30.79
6195,1429,5,2025-03-27,Store,25.05
6196,71,5,2025-08-19,Store,59.86
6197,1746,5,2024-03-24,Store,47.63
6198,184,2,2024-04-28,Store,437.2
6199,1702,2,2025-11-27,Store,135.53
6200,139,3,2024-12-25,Store,127.96
6201,101,6,2025-12-19,Online,38.0
6202,1688,6,2025-10-16,Online,50.1
6203,641,5,2024-11-05,Store,30.79
6204,1319,5,2024-08-14,Store,90.2
6205,640,3,2025-07-10,Store,141.4
6206,724,1,2025-02-14,Store,188.42
6207,403,5,2025-06-11,Store,282.6
6208,331,6,2024-01-27,Online,159.15
6209,449,6,2025-05-08,Online,49.7
6210,312,1,2024-04-18,Store,660.29
6211,568,3,2025-04-21,Store,42.67
6212,715,6,2025-01-18,Online,128.25
6213,1364,6,2024-04-02,Online,349.89
6214,710,6,2024-04-28,Online,25.01
6215,94,1,2025-01-17,Store,141.3
6216,1375,4,2024-05-03,Store,419.64
6217,121,2,2025-08-13,Store,141.3
6218,1543,5,2025-05-28,Store,39.66
6219,74,3,2024-03-19,Store,102.12
6220,536,3,2025-10-19,Store,354.42
6221,731,2,2025-09-03,Store,973.08
6222,382,3,2025-07-25,Store,847.42
6223,1508,6,2024-01-18,Online,346.23
6224,1056,4,2024-04-13,Store,384.26
6225,337,6,2024-08-13,Online,48.57
6226,134,1,2024-07-18,Store,42.67
6227,488,2,2024-05-18,Store,273.36
6228,1368,5,2024-09-28,Store,42.67
6229,1225,4,2024-08-06,Store,160.16
6230,1131,2,2025-04-27,Store,180.83
6231,1498,5,2024-12-23,Store,192.4
6232,823,4,2024-09-18,Store,119.88
6233,679,6,2025-12-08,Online,177.37
6234,318,2,2024-05-14,Store,223.11
6235,16,1,2025-02-01,Store,585.2
6236,298,2,2025-03-15,Store,92.74
6237,561,2,2024-06-21,Store,52.19
6238,1867,2,2024-02-19,Store,162.63
6239,1662,3,2024-05-14,Store,603.22
6240,886,1,2025-09-21,Store,283.67
6241,1240,6,2025-06-04,Online,302.85
6242,1815,2,2024-03-01,Store,96.2
6243,1819,1,2024-04-27,Store,291.02
6244,1620,1,2025-03-16,Store,236.5
6245,1158,5,2024-04-17,Store,315.36
6246,1264,2,2025-08-07,Store,198.97
6247,1033,6,2024-10-22,Online,92.74
6248,988,5,2024-04-01,Store,89.48
6249,1890,1,2024-08-10,Store,204.37
6250,974,2,2024-10-07,Store,323.78
6251,264,6,2024-01-14,Online,326.14
6252,1321,1,2025-02-20,Store,385.12
6253,451,6,2025-05-26,Online,264.13
6254,1870,2,2024-08-29,Store,74.91
6255,660,2,2024-09-26,Store,312.72
6256,1998,1,2024-01-31,Store,360.69
6257,1763,4,2024-12-06,Store,599.13
6258,1911,3,2025-12-09,Store,282.38
6259,482,3,2024-08-13,Store,167.59
6260,292,6,2024-12-22,Online,128.24
6261,1515,6,2025-09-14,Online,383.61
6262,1989,6,2025-09-27,Online,343.89
6263,1304,5,2025-10-28,Store,20.32
6264,932,2,2024-11-19,Store,276.08
6265,521,4,2025-02-19,Store,229.98
6266,622,6,2024-12-19,Online,73.69
6267,1109,4,2024-10-19,Store,41.29
6268,723,2,2025-10-07,Store,77.95
6269,1250,6,2024-10-27,Online,270.24
6270,1282,6,2025-08-19,Online,543.93
6271,103,2,2024-05-12,Store,281.08
6272,1322,5,2024-05-03,Store,289.72
6273,1622,6,2025-07-07,Online,77.71
6274,1955,1,2024-07-13,Store,92.86
6275,1568,4,2024-10-03,Store,272.38
6276,1090,6,2025-11-22,Online,141.3
6277,1490,6,2024-05-07,Online,105.94
6278,1541,4,2025-05-24,Store,188.58
6279,161,2,2024-06-10,Store,89.03
6280,465,5,2025-05-24,Store,403.8
6281,322,4,2024-07-02,Store,488.16
6282,862,1,2024-01-01,Store,167.28
6283,642,3,2025-09-26,Store,90.43
6284,1573,2,2024-03-05,Store,79.89
6285,567,6,2024-02-27,Online,49.7
6286,1075,6,2025-10-02,Online,326.14
6287,1753,6,2024-08-21,Online,226.94
6288,795,6,2024-07-11,Online,246.43
6289,99,3,2025-02-27,Store,92.86
6290,1526,4,2025-09-30,Store,121.33
6291,900,1,2024-09-05,Store,147.38
6292,139,5,2025-12-29,Store,56.41
6293,1040,2,2024-05-30,Store,643.06
6294,838,3,2024-08-19,Store,170.83
6295,297,4,2025-12-16,Store,168.56
6296,1279,4,2025-07-05,Store,183.03
6297,1016,6,2024-07-20,Online,226.94
6298,1226,6,2025-05-08,Online,203.86
6299,1522,4,2024-11-07,Store,33.34
6300,486,6,2024-04-27,Online,90.9
6301,55,2,2024-08-21,Store,39.66
6302,1506,2,2025-08-02,Store,273.97
6303,1968,3,2025-10-30,Store,114.63
6304,321,4,2025-11-28,Store,168.61
6305,1277,2,2025-02-22,Store,66.92
6306,1670,6,2025-09-23,Online,126.93
6307,589,3,2024-12-06,Store,66.92
6308,183,6,2024-10-16,Online,335.94
6309,1320,6,2025-03-03,Online,136.38
6310,913,6,2025-05-29,Online,173.51
6311,1382,4,2025-05-20,Store,128.8
6312,85,4,2024-05-11,Store,196.08
6313,530,3,2025-04-22,Store,376.33
6314,142,1,2024-09-12,Store,111.53
6315,761,2,2025-07-21,Store,349.66
6316,464,1,2024-06-11,Store,65.84
6317,1086,6,2025-02-10,Online,113.07
6318,1126,5,2025-01-22,Store,276.14
6319,1431,1,2025-05-22,Store,68.02
6320,1660,2,2025-05-27,Store,159.78
6321,124,2,2024-05-12,Store,61.05
6322,894,1,2024-07-31,Store,245.32
6323,233,2,2024-08-08,Store,134.48
6324,1913,6,2024-07-13,Online,178.24
6325,1034,6,2025-12-27,Online,90.9
6326,340,3,2025-11-03,Store,257.37
6327,1788,3,2024-03-25,Store,239.67
6328,1644,5,2024-08-13,Store,245.32
6329,239,6,2024-01-16,Online,458.15
6330,592,6,2025-08-28,Online,517.45
6331,1705,3,2024-12-26,Store,360.11
6332,1588,6,2024-08-06,Online,66.7
6333,1280,6,2025-05-05,Online,33.34
6334,1901,2,2025-01-06,Store,165.96
6335,1158,1,2024-10-10,Store,368.89
6336,35,6,2025-03-18,Online,174.24
6337,1055,1,2024-07-29,Store,122.64
6338,494,6,2025-09-06,Online,384.41
6339,743,6,2025-12-18,Online,135.82
6340,839,4,2025-02-27,Store,99.23
6341,458,1,2024-04-04,Store,413.43
6342,1441,6,2024-05-13,Online,160.16
6343,1540,1,2024-06-06,Store,167.08
6344,834,3,2025-04-12,Store,145.71
6345,663,3,2025-06-11,Store,501.24
6346,838,2,2025-08-20,Store,397.72
6347,384,1,2024-06-20,Store,197.52
6348,1602,5,2024-11-25,Store,114.0
6349,510,1,2025-03-25,Store,36.73
6350,1931,5,2025-12-03,Store,115.68
6351,1309,1,2025-06-21,Store,95.99
6352,1566,3,2025-04-19,Store,43.77
6353,1200,6,2025-05-23,Online,19.86
6354,413,2,2024-08-14,Store,36.73
6355,1419,1,2024-12-27,Store,95.99
6356,880,5,2025-04-05,Store,94.04
6357,1862,2,2024-06-14,Store,228.24
6358,1830,6,2024-07-04,Online,235.62
6359,485,5,2025-08-17,Store,344.73
6360,606,6,2025-07-04,Online,93.3
6361,1995,1,2024-09-24,Store,191.24
6362,767,3,2024-08-08,Store,141.18
6363,946,2,2024-11-02,Store,68.66
6364,1621,2,2025-03-17,Store,212.56
6365,851,5,2025-02-15,Store,312.39
6366,574,3,2024-02-03,Store,572.62
6367,34,6,2024-07-26,Online,74.76
6368,1460,6,2024-07-29,Online,408.02
6369,1889,6,2024-04-03,Online,94.67
6370,1765,6,2024-11-12,Online,497.54
6371,943,5,2024-05-01,Store,126.68
6372,376,6,2024-08-28,Online,68.19
6373,436,6,2025-04-30,Online,135.54
6374,187,6,2024-08-18,Online,235.41
6375,1876,6,2024-04-07,Online,43.25
6376,1013,1,2024-12-12,Store,241.38
6377,1211,4,2025-07-19,Store,362.17
6378,1689,5,2024-03-16,Store,219.88
6379,319,2,2024-04-16,Store,192.08
6380,1860,2,2024-07-17,Store,183.52
6381,225,1,2025-02-13,Store,70.7
6382,973,5,2025-05-02,Store,63.47
6383,1864,6,2025-01-04,Online,198.57
6384,1741,1,2024-11-12,Store,99.26
6385,1938,2,2025-09-01,Store,30.63
6386,1219,6,2025-07-22,Online,63.47
6387,1824,4,2025-07-11,Store,137.51
6388,863,6,2024-05-13,Online,108.5
6389,1426,2,2024-01-14,Store,160.59
6390,971,2,2025-01-07,Store,204.09
6391,672,5,2024-04-18,Store,47.18
6392,1580,1,2024-01-01,Store,114.0
6393,745,1,2024-07-22,Store,99.26
6394,1793,6,2025-09-25,Online,108.7
6395,847,6,2025-08-22,Online,201.98
6396,1895,4,2025-06-21,Store,885.17
6397,955,6,2024-09-13,Online,454.06
6398,1601,5,2025-11-05,Store,191.24
6399,1737,2,2025-05-07,Store,70.88
6400,1464,1,2024-01-28,Store,36.73
6401,1456,2,2025-08-09,Store,53.36
6402,1989,3,2025-01-31,Store,407.46
6403,715,1,2025-08-21,Store,334.16
6404,1395,6,2024-07-17,Online,126.68
6405,227,4,2024-08-17,Store,181.27
6406,1833,1,2025-01-31,Store,143.77
6407,1050,4,2024-09-30,Store,242.84
6408,769,2,2025-10-23,Store,279.9
6409,158,1,2025-03-30,Store,284.26
6410,1909,6,2025-04-23,Online,42.67
6411,941,4,2024-12-09,Store,94.49
6412,1277,5,2025-04-22,Store,322.38
6413,63,5,2025-02-27,Store,297.75
6414,1995,3,2025-03-10,Store,195.39
6415,924,5,2025-07-02,Store,276.52
6416,1816,1,2025-06-20,Store,56.25
6417,1083,4,2024-07-24,Store,416.44
6418,184,2,2025-08-28,Store,114.63
6419,708,2,2025-12-14,Store,328.66
6420,1300,3,2025-05-23,Store,56.25
6421,1627,2,2024-06-02,Store,208.26
6422,233,5,2025-11-04,Store,245.32
6423,555,6,2024-12-25,Online,527.4
6424,1818,1,2024-12-08,Store,247.2
6425,408,5,2025-09-25,Store,110.09
6426,1999,6,2024-09-28,Online,441.02
6427,1264,6,2024-09-01,Online,180.83
6428,1105,4,2024-09-15,Store,296.05
6429,132,3,2024-01-25,Store,178.8
6430,1568,6,2025-09-06,Online,125.05
6431,799,5,2025-06-20,Store,224.32
6432,1007,1,2024-01-28,Store,95.26
6433,1339,3,2024-12-23,Store,96.14
6434,344,6,2024-02-03,Online,160.67
6435,653,6,2024-08-23,Online,144.03
6436,722,2,2025-02-16,Store,211.4
6437,131,5,2024-09-10,Store,56.25
6438,1787,3,2025-06-21,Store,381.6
6439,149,2,2024-01-30,Store,89.03
6440,1130,6,2024-02-26,Online,355.23
6441,1169,6,2024-08-11,Online,406.59
6442,1441,3,2024-09-20,Store,349.67
6443,1679,3,2024-05-24,Store,114.0
6444,766,2,2025-06-29,Store,53.36
6445,1677,2,2024-07-29,Store,115.02
6446,1140,6,2025-02-08,Online,112.96
6447,726,6,2024-09-29,Online,595.65
6448,1089,2,2025-02-07,Store,365.97
6449,1493,1,2024-05-19,Store,205.24
6450,1023,1,2024-09-27,Store,66.92
6451,1925,6,2024-02-24,Online,387.89
6452,1920,3,2024-03-12,Store,94.67
6453,1396,6,2024-07-02,Online,253.19
6454,799,2,2025-06-30,Store,334.16
6455,532,5,2024-12-01,Store,89.03
6456,73,4,2025-06-14,Store,82.58
6457,173,6,2025-05-02,Online,58.27
6458,61,1,2024-08-29,Store,260.06
6459,775,6,2024-11-25,Online,167.08
6460,1039,6,2024-10-03,Online,215.0
6461,1066,6,2024-12-15,Online,223.78
6462,1230,4,2024-12-18,Store,375.15
6463,1805,6,2025-02-23,Online,40.64
6464,1049,6,2024-01-30,Online,305.92
6465,1203,2,2025-03-19,Store,148.55
6466,63,2,2025-12-17,Store,494.79
6467,1178,2,2025-09-06,Store,102.16
6468,497,6,2025-02-12,Online,424.9
6469,1261,2,2025-05-18,Store,94.67
6470,1521,3,2025-10-22,Store,665.1
6471,316,6,2024-04-14,Online,646.26
6472,247,4,2024-09-11,Store,405.96
6473,51,1,2025-04-01,Store,381.6
6474,1068,3,2025-06-01,Store,160.32
6475,760,4,2024-02-15,Store,372.1
6476,1158,6,2025-01-07,Online,141.3
6477,778,2,2025-03-13,Store,77.71
6478,1132,1,2025-04-10,Store,212.16
6479,387,6,2024-11-04,Online,215.92
6480,337,2,2025-06-08,Store,541.61
6481,1725,3,2025-04-18,Store,150.69
6482,1142,4,2024-12-02,Store,81.47
6483,1902,6,2024-10-25,Online,227.52
6484,978,6,2025-09-21,Online,93.3
6485,330,1,2025-04-07,Store,232.46
6486,648,3,2025-11-10,Store,95.77
6487,1585,1,2024-03-25,Store,104.38
6488,826,2,2024-11-29,Store,58.2
6489,1273,3,2024-09-24,Store,655.57
6490,1226,4,2024-07-23,Store,434.86
6491,1195,3,2024-01-06,Store,192.28
6492,51,2,2024-02-25,Store,99.26
6493,1413,2,2024-07-30,Store,253.74
6494,198,6,2025-09-04,Online,271.77
6495,710,3,2024-01-22,Store,516.56
6496,1342,4,2025-02-13,Store,405.96
6497,1990,1,2024-09-07,Store,110.09
6498,27,3,2025-08-30,Store,70.7
6499,1824,6,2024-03-02,Online,146.61
6500,187,1,2024-04-30,Store,197.52
6501,863,6,2025-09-15,Online,135.82
6502,828,6,2024-11-30,Online,110.09
6503,1352,3,2024-07-24,Store,330.27
6504,1165,6,2024-05-23,Online,293.36
6505,1949,6,2025-01-28,Online,355.57
6506,1766,6,2024-05-07,Online,256.2
6507,726,2,2024-02-27,Store,549.14
6508,1463,1,2024-08-10,Store,414.36
6509,1384,1,2025-04-02,Store,320.67
6510,416,2,2024-10-04,Store,306.25
6511,448,5,2024-04-17,Store,50.25
6512,1081,3,2024-06-09,Store,94.04
6513,1090,4,2024-07-11,Store,236.73
6514,268,4,2024-10-08,Store,371.96
6515,1396,2,2024-12-17,Store,36.36
6516,1439,3,2025-10-24,Store,122.66
6517,1478,6,2025-06-24,Online,151.48
6518,1947,6,2024-12-12,Online,502.43
6519,688,4,2024-05-06,Store,188.86
6520,837,6,2025-09-27,Online,92.86
6521,270,5,2025-05-28,Store,39.66
6522,1464,5,2024-12-12,Store,318.3
6523,1000,3,2024-10-28,Store,324.51
6524,1624,1,2025-12-31,Store,127.45
6525,368,6,2024-09-18,Online,208.38
6526,1705,4,2024-02-12,Store,105.26
6527,1130,3,2025-03-30,Store,488.72
6528,776,2,2024-12-26,Store,367.21
6529,737,2,2025-01-12,Store,308.15
6530,1416,3,2025-12-29,Store,141.3
6531,695,6,2025-03-25,Online,268.83
6532,1901,1,2025-04-07,Store,374.67
6533,1453,3,2025-08-11,Store,287.23
6534,1724,6,2024-08-10,Online,124.52
6535,1636,6,2025-08-23,Online,287.67
6536,1060,5,2024-01-18,Store,318.3
6537,193,6,2024-12-04,Online,417.2
6538,1625,2,2025-08-05,Store,117.72
6539,334,6,2024-04-18,Online,92.74
6540,1149,2,2025-11-25,Store,241.89
6541,39,3,2025-05-15,Store,68.19
6542,88,6,2025-08-23,Online,197.52
6543,1502,4,2024-06-21,Store,123.94
6544,147,2,2024-01-22,Store,95.99
6545,1449,1,2024-06-07,Store,355.19
6546,1787,4,2025-02-10,Store,247.5
6547,1458,3,2024-10-16,Store,543.24
6548,1686,3,2024-04-15,Store,82.56
6549,135,6,2024-02-20,Online,73.76
6550,1012,5,2025-01-08,Store,25.01
6551,1850,4,2024-10-23,Store,65.84
6552,1674,1,2024-12-10,Store,261.54
6553,1798,3,2024-05-05,Store,47.63
6554,1021,5,2025-11-10,Store,37.81
6555,647,1,2025-11-04,Store,382.93
6556,406,4,2025-09-19,Store,105.94
6557,1148,4,2025-08-17,Store,33.34
6558,1688,6,2024-02-22,Online,42.1
6559,529,1,2024-03-31,Store,126.68
6560,1314,5,2025-04-27,Store,238.38
6561,844,6,2025-08-15,Online,77.95
6562,108,6,2025-02-04,Online,435.12
6563,467,5,2025-09-22,Store,233.28
6564,1125,2,2025-11-27,Store,68.19
6565,523,6,2025-06-14,Online,327.44
6566,362,1,2025-01-12,Store,126.94
6567,207,3,2024-07-20,Store,73.62
6568,1859,5,2024-07-28,Store,180.83
6569,1021,6,2024-10-18,Online,94.67
6570,1369,6,2024-07-13,Online,443.54
6571,787,2,2025-08-07,Store,47.63
6572,691,5,2024-02-13,Store,96.2
6573,1485,3,2025-11-16,Store,292.34
6574,1525,2,2025-11-01,Store,371.82
6575,194,5,2025-04-05,Store,238.33
6576,420,6,2025-04-08,Online,42.1
6577,1665,6,2024-10-06,Online,377.22
6578,1386,1,2024-11-02,Store,85.02
6579,239,5,2025-02-18,Store,89.03
6580,1622,4,2024-06-01,Store,291.46
6581,512,2,2024-01-31,Store,66.92
6582,410,6,2024-07-17,Online,322.6
6583,842,6,2025-09-05,Online,288.25
6584,1721,5,2024-12-01,Store,87.02
6585,1629,3,2025-03-30,Store,302.74
6586,1972,6,2025-02-01,Online,133.02
6587,245,1,2024-09-20,Store,99.25
6588,54,2,2025-08-05,Store,145.2
6589,683,3,2024-11-30,Store,101.79
6590,482,2,2024-11-14,Store,112.34
6591,347,6,2024-06-05,Online,327.4
6592,1172,1,2024-01-12,Store,259.39
6593,1983,3,2025-08-26,Store,69.72
6594,338,6,2025-06-15,Online,156.64
6595,1993,4,2025-11-08,Store,512.38
6596,70,1,2025-11-11,Store,314.33
6597,1372,2,2025-01-27,Store,174.15
6598,1061,6,2024-08-19,Online,111.89
6599,120,6,2025-12-24,Online,447.17
6600,1305,4,2025-11-22,Store,208.09
6601,798,5,2024-11-04,Store,436.95
6602,369,2,2025-05-22,Store,200.65
6603,1548,5,2024-12-03,Store,113.16
6604,946,6,2024-11-29,Online,229.94
6605,995,2,2025-11-13,Store,375.07
6606,904,3,2025-01-29,Store,226.29
6607,1598,6,2024-12-11,Online,84.2
6608,898,2,2025-02-09,Store,186.13
6609,1581,6,2025-09-08,Online,156.57
6610,859,3,2024-08-17,Store,113.07
6611,1719,3,2025-02-24,Store,141.54
6612,258,4,2024-12-29,Store,78.32
6613,81,6,2024-09-16,Online,90.9
6614,1575,4,2024-06-03,Store,70.88
6615,1969,6,2025-03-17,Online,90.2
6616,1921,6,2024-04-12,Online,265.25
6617,1148,5,2025-08-11,Store,243.72
6618,726,1,2024-12-21,Store,290.72
6619,1171,6,2025-02-22,Online,94.04
6620,1706,2,2024-08-17,Store,139.56
6621,406,6,2024-11-23,Online,99.25
6622,100,1,2024-09-26,Store,539.97
6623,689,1,2025-05-02,Store,358.01
6624,1192,2,2025-05-16,Store,120.38
6625,848,6,2024-10-12,Online,42.1
6626,917,6,2024-04-08,Online,36.73
6627,1978,1,2025-06-01,Store,339.36
6628,601,6,2024-02-14,Online,104.19
6629,370,6,2025-09-09,Online,48.07
6630,1173,3,2025-04-15,Store,340.81
6631,1558,4,2025-02-20,Store,68.19
6632,372,4,2024-12-07,Store,491.79
6633,1066,5,2025-09-27,Store,503.13
6634,112,6,2024-10-23,Online,371.25
6635,322,6,2025-05-30,Online,261.13
6636,65,1,2025-05-10,Store,62.08
6637,815,3,2025-01-10,Store,63.47
6638,1225,6,2024-03-19,Online,187.92
6639,821,2,2024-05-23,Store,30.63
6640,1069,3,2025-04-11,Store,185.48
6641,1111,3,2024-07-24,Store,351.13
6642,67,6,2024-06-07,Online,36.73
6643,300,3,2025-09-16,Store,70.88
6644,368,3,2024-03-30,Store,73.69
6645,152,6,2024-12-25,Online,180.29
6646,532,4,2024-08-14,Store,91.23
6647,1896,6,2025-02-27,Online,320.68
6648,1021,4,2024-11-29,Store,167.08
6649,16,6,2025-04-12,Online,433.94
6650,709,6,2025-04-29,Online,161.84
6651,1315,1,2024-04-25,Store,203.58
6652,1660,6,2024-12-30,Online,664.42
6653,198,6,2025-07-17,Online,39.66
6654,1656,5,2024-01-03,Store,334.47
6655,1381,4,2024-03-13,Store,434.28
6656,218,3,2025-12-05,Store,379.82
6657,182,2,2025-01-08,Store,203.34
6658,518,2,2025-12-13,Store,340.12
6659,1712,1,2024-10-15,Store,406.72
6660,1265,6,2025-03-04,Online,246.7
6661,1294,3,2025-03-28,Store,205.76
6662,1190,1,2025-12-24,Store,163.07
6663,1233,6,2025-02-09,Online,206.72
6664,584,2,2024-12-08,Store,153.9
6665,1752,2,2024-02-05,Store,96.14
6666,577,5,2025-10-30,Store,204.63
6667,532,6,2024-11-19,Online,104.51
6668,1076,2,2024-07-13,Store,55.04
6669,40,4,2024-09-10,Store,50.23
6670,1668,6,2024-08-31,Online,68.19
6671,1072,4,2025-01-12,Store,189.07
6672,319,1,2024-02-24,Store,194.5
6673,1639,4,2024-10-15,Store,162.48
6674,1175,2,2024-09-26,Store,149.1
6675,582,6,2024-02-03,Online,291.87
6676,1681,4,2024-01-11,Store,382.95
6677,615,6,2024-07-07,Online,224.38
6678,445,5,2025-09-29,Store,50.1
6679,1546,5,2024-08-17,Store,535.23
6680,1863,6,2025-04-26,Online,101.79
6681,113,6,2025-07-06,Online,113.16
6682,1243,6,2025-04-09,Online,20.32
6683,72,6,2024-02-07,Online,34.01
6684,620,4,2024-08-30,Store,595.87
6685,415,5,2024-02-28,Store,90.48
6686,1226,4,2025-01-22,Store,165.37
6687,1884,3,2025-10-28,Store,72.73
6688,1410,6,2025-01-19,Online,104.13
6689,1869,2,2025-06-15,Store,342.34
6690,145,3,2024-02-14,Store,50.02
6691,549,3,2025-10-06,Store,272.7
6692,1509,4,2024-12-29,Store,170.51
6693,438,6,2025-01-12,Online,105.94
6694,28,3,2025-01-26,Store,343.1
6695,240,6,2024-01-13,Online,228.0
6696,522,6,2024-11-24,Online,135.82
6697,1403,5,2024-07-05,Store,135.82
6698,1684,6,2024-06-12,Online,95.26
6699,1537,6,2025-10-08,Online,220.98
6700,220,6,2024-03-07,Online,110.09
6701,1036,2,2024-01-21,Store,135.1
6702,54,6,2024-08-13,Online,112.96
6703,70,6,2025-10-26,Online,113.07
6704,1128,3,2025-08-08,Store,81.24
6705,1603,2,2025-10-31,Store,73.76
6706,656,1,2024-07-20,Store,458.23
6707,855,5,2025-11-15,Store,178.45
6708,580,3,2025-05-17,Store,496.75
6709,1212,1,2025-04-20,Store,19.86
6710,852,6,2024-05-12,Online,140.71
6711,1629,6,2025-11-02,Online,165.47
6712,1769,2,2025-03-20,Store,136.68
6713,145,1,2024-07-26,Store,427.89
6714,198,6,2025-12-13,Online,246.1
6715,378,6,2024-06-20,Online,94.49
6716,1568,1,2024-05-03,Store,521.14
6717,1526,1,2025-11-09,Store,93.96
6718,629,1,2025-11-17,Store,114.63
6719,1433,4,2024-12-31,Store,115.02
6720,297,2,2024-09-29,Store,157.97
6721,794,6,2025-01-06,Online,341.16
6722,96,3,2025-05-16,Store,175.33
6723,132,2,2024-10-15,Store,104.52
6724,1854,1,2025-01-17,Store,352.57
6725,1870,6,2024-12-07,Online,136.22
6726,1676,6,2025-01-16,Online,77.95
6727,1592,5,2025-04-25,Store,256.2
6728,737,5,2024-02-06,Store,222.85
6729,1839,1,2024-09-17,Store,60.62
6730,1289,2,2024-06-01,Store,90.2
6731,1605,4,2025-08-14,Store,63.14
6732,508,3,2025-08-22,Store,218.13
6733,402,2,2024-02-08,Store,51.08
6734,475,6,2025-07-22,Online,48.07
6735,1130,6,2024-11-24,Online,95.7
6736,1598,3,2025-05-03,Store,52.19
6737,1404,6,2024-12-05,Online,114.63
6738,1526,2,2024-02-24,Store,91.23
6739,458,2,2025-07-16,Store,378.94
6740,1602,6,2025-02-16,Online,270.25
6741,1758,6,2025-01-12,Online,37.81
6742,1061,6,2024-06-18,Online,201.85
6743,1743,3,2025-04-16,Store,312.65
6744,652,6,2024-09-07,Online,370.28
6745,1438,6,2025-03-25,Online,186.6
6746,1540,5,2025-10-25,Store,167.71
6747,265,2,2025-05-08,Store,95.96
6748,150,4,2025-07-30,Store,50.25
6749,1142,6,2024-03-16,Online,323.97
6750,1226,6,2024-07-30,Online,90.2
6751,501,4,2025-12-13,Store,20.32
6752,1487,2,2025-05-21,Store,61.58
6753,1017,6,2024-05-24,Online,130.87
6754,1320,6,2024-02-05,Online,279.9
6755,86,1,2025-01-17,Store,65.84
6756,417,3,2025-03-03,Store,47.63
6757,1939,4,2024-07-20,Store,47.18
6758,1119,6,2025-07-02,Online,225.92
6759,1184,5,2025-04-16,Store,383.54
6760,1536,4,2024-10-05,Store,469.08
6761,599,6,2025-10-20,Online,397.71
6762,1710,2,2024-03-10,Store,104.19
6763,25,5,2025-05-13,Store,137.19
6764,166,3,2024-07-16,Store,181.8
6765,1807,1,2024-06-02,Store,70.65
6766,876,6,2024-04-19,Online,338.02
6767,1331,2,2025-09-21,Store,145.46
6768,12,6,2025-09-29,Online,51.11
6769,403,6,2025-10-04,Online,497.8
6770,860,2,2024-11-24,Store,180.29
6771,1609,2,2025-05-29,Store,348.47
6772,538,1,2024-02-08,Store,237.47
6773,1750,6,2024-04-04,Online,604.74
6774,141,6,2024-07-10,Online,212.1
6775,1666,6,2024-11-27,Online,306.36
6776,533,6,2024-01-04,Online,517.82
6777,758,1,2024-09-13,Store,85.92
6778,1953,5,2024-05-27,Store,185.15
6779,38,1,2024-03-26,Store,81.76
6780,1512,6,2024-10-09,Online,212.64
6781,264,6,2025-10-01,Online,470.43
6782,704,2,2025-11-08,Store,36.73
6783,803,3,2024-09-12,Store,525.79
6784,1765,1,2025-08-14,Store,51.08
6785,1957,4,2024-12-11,Store,153.24
6786,455,6,2024-03-28,Online,94.23
6787,300,6,2024-10-25,Online,260.57
6788,1974,6,2025-01-27,Online,368.27
6789,793,2,2024-09-16,Store,231.79
6790,1653,1,2024-12-09,Store,69.72
6791,1491,4,2025-11-21,Store,104.51
6792,663,6,2024-01-13,Online,42.1
6793,1449,2,2025-09-03,Store,388.02
6794,1388,6,2024-11-23,Online,133.77
6795,1219,2,2025-11-13,Store,104.52
6796,1312,4,2024-06-23,Store,345.82
6797,1499,1,2024-11-07,Store,130.19
6798,92,2,2024-04-28,Store,129.14
6799,1512,1,2025-08-07,Store,129.14
6800,1723,6,2024-10-18,Online,45.93
6801,1203,4,2025-06-09,Store,324.62
6802,423,1,2024-05-03,Store,74.91
6803,11,6,2024-11-25,Online,266.64
6804,1799,4,2024-06-15,Store,362.86
6805,742,1,2024-06-04,Store,279.9
6806,52,5,2025-10-24,Store,90.43
6807,351,5,2025-09-25,Store,431.53
6808,246,2,2025-07-10,Store,135.32
6809,1452,2,2025-04-19,Store,43.82
6810,1815,1,2024-05-07,Store,135.92
6811,1370,2,2025-11-15,Store,94.67
6812,436,3,2024-04-14,Store,260.07
6813,1435,3,2024-05-06,Store,463.97
6814,717,6,2025-11-01,Online,98.76
6815,1617,3,2024-07-14,Store,69.72
6816,1763,4,2024-05-20,Store,104.52
6817,453,2,2025-06-30,Store,256.41
6818,446,2,2024-07-06,Store,869.76
6819,1904,6,2024-05-08,Online,79.32
6820,185,6,2024-09-14,Online,501.24
6821,54,1,2025-05-03,Store,623.48
6822,640,3,2024-05-22,Store,469.08
6823,1140,6,2024-09-16,Online,156.36
6824,1339,5,2025-03-27,Store,139.94
6825,633,4,2024-01-31,Store,44.74
6826,1266,1,2024-07-21,Store,223.37
6827,956,2,2025-08-27,Store,271.06
6828,468,5,2025-03-12,Store,404.63
6829,1188,2,2025-07-06,Store,175.55
6830,894,6,2024-05-17,Online,123.75
6831,499,6,2024-12-12,Online,153.24
6832,926,3,2025-12-05,Store,114.63
6833,380,6,2024-08-11,Online,182.53
6834,1596,6,2024-03-15,Online,111.53
6835,1766,1,2025-09-04,Store,326.1
6836,1181,4,2024-10-17,Store,296.07
6837,1335,2,2024-10-10,Store,104.19
6838,732,1,2024-03-07,Store,229.26
6839,1171,2,2025-06-28,Store,106.98
6840,1107,5,2025-03-20,Store,464.41
6841,1976,4,2024-08-27,Store,148.65
6842,869,1,2025-07-22,Store,396.92
6843,1049,2,2025-01-25,Store,507.35
6844,1780,6,2025-04-15,Online,254.2
6845,1671,3,2024-02-10,Store,42.12
6846,606,2,2024-08-25,Store,423.9
6847,230,5,2025-10-28,Store,135.53
6848,995,2,2025-09-08,Store,94.04
6849,538,2,2024-03-23,Store,82.55
6850,915,6,2025-11-21,Online,94.67
6851,714,5,2024-09-12,Store,44.74
6852,1884,2,2024-02-28,Store,59.86
6853,1563,3,2025-11-02,Store,30.63
6854,1178,6,2024-01-07,Online,243.52
6855,15,6,2024-10-31,Online,200.5
6856,867,6,2025-02-13,Online,93.3
6857,319,1,2025-01-21,Store,290.7
6858,148,6,2024-03-13,Online,283.47
6859,1096,1,2024-11-29,Store,207.56
6860,1302,2,2025-07-19,Store,89.03
6861,20,6,2024-06-24,Online,114.63
6862,148,4,2024-12-06,Store,122.66
6863,1684,6,2024-07-12,Online,125.05
6864,1589,4,2024-12-25,Store,112.19
6865,1282,6,2024-08-01,Online,248.99
6866,1108,5,2025-12-21,Store,274.79
6867,1829,6,2024-12-16,Online,42.1
6868,361,3,2025-03-15,Store,253.36
6869,1129,6,2024-12-09,Online,198.02
6870,1841,6,2025-05-23,Online,706.71
6871,153,2,2025-03-05,Store,256.32
6872,1927,5,2024-02-10,Store,521.48
6873,1030,2,2025-07-12,Store,23.55
6874,14,6,2025-03-27,Online,84.2
6875,188,6,2025-06-22,Online,195.49
6876,339,1,2024-11-10,Store,366.9
6877,219,6,2024-11-23,Online,586.49
6878,447,2,2025-03-27,Store,519.94
6879,666,1,2025-05-24,Store,344.14
6880,730,6,2024-07-29,Online,123.87
6881,724,6,2024-01-17,Online,440.38
6882,1554,3,2024-12-08,Store,203.55
6883,1566,3,2024-01-27,Store,192.4
6884,111,5,2025-06-29,Store,141.4
6885,671,5,2024-09-06,Store,414.68
6886,1900,4,2024-04-04,Store,378.16
6887,684,5,2025-05-27,Store,92.74
6888,1830,2,2024-09-15,Store,101.79
6889,1624,5,2024-02-16,Store,63.47
6890,1476,4,2025-03-08,Store,70.7
6891,811,4,2025-04-26,Store,239.37
6892,923,5,2024-07-07,Store,186.91
6893,1954,6,2025-05-04,Online,268.33
6894,108,2,2024-01-22,Store,47.02
6895,653,3,2025-11-11,Store,102.53
6896,1302,1,2024-07-28,Store,114.0
6897,173,6,2024-02-14,Online,113.16
6898,1235,1,2024-02-16,Store,199.85
6899,1519,6,2025-10-06,Online,104.19
6900,526,4,2024-08-28,Store,63.47
6901,722,2,2025-04-11,Store,148.42
6902,1026,4,2024-05-30,Store,179.06
6903,11,4,2024-12-31,Store,188.98
6904,1029,3,2025-12-10,Store,33.35
6905,526,2,2025-05-15,Store,223.78
6906,14,6,2025-12-28,Online,515.5
6907,362,3,2025-07-26,Store,571.58
6908,1656,6,2025-04-09,Online,112.19
6909,355,2,2025-03-24,Store,365.21
6910,534,3,2025-11-03,Store,85.34
6911,283,5,2025-09-13,Store,136.71
6912,496,1,2025-09-21,Store,208.18
6913,1687,1,2025-05-02,Store,163.07
6914,892,6,2024-04-29,Online,241.56
6915,1244,5,2025-02-23,Store,305.67
6916,1721,1,2025-04-12,Store,291.46
6917,123,6,2025-12-03,Online,209.34
6918,843,3,2025-08-15,Store,167.08
6919,1644,6,2024-02-11,Online,106.3
6920,1131,3,2024-04-19,Store,113.16
6921,1379,6,2024-11-22,Online,216.33
6922,335,2,2024-04-18,Store,149.71
6923,1645,6,2024-05-23,Online,96.84
6924,1386,2,2024-11-09,Store,215.63
6925,764,3,2025-04-03,Store,43.25
6926,39,6,2024-09-14,Online,81.24
6927,898,4,2025-06-12,Store,70.7
6928,1749,1,2025-04-12,Store,243.72
6929,1309,5,2025-04-24,Store,271.84
6930,238,6,2024-07-09,Online,181.8
6931,75,1,2025-01-02,Store,155.0
6932,1983,3,2024-08-12,Store,654.34
6933,1237,4,2024-02-06,Store,267.36
6934,96,5,2025-06-12,Store,193.43
6935,1383,1,2025-12-16,Store,464.48
6936,1623,5,2024-06-17,Store,496.4
6937,1905,6,2024-04-18,Online,80.53
6938,1220,6,2024-05-23,Online,186.94
6939,690,4,2025-09-25,Store,224.38
6940,858,4,2024-03-10,Store,469.66
6941,279,6,2025-11-15,Online,68.19
6942,1869,1,2024-10-13,Store,254.4
6943,177,6,2025-12-11,Online,260.06
6944,798,6,2024-10-06,Online,112.96
6945,1319,3,2024-10-26,Store,343.89
6946,285,6,2025-05-24,Online,160.16
6947,1671,5,2024-03-25,Store,37.81
6948,425,3,2024-04-30,Store,271.65
6949,1805,3,2024-09-05,Store,65.57
6950,1336,4,2024-02-18,Store,191.01
6951,1292,6,2024-01-30,Online,65.84
6952,1253,2,2025-01-20,Store,425.58
6953,1594,1,2025-09-20,Store,298.5
6954,791,4,2025-11-26,Store,167.71
6955,515,6,2024-02-28,Online,307.59
6956,905,2,2025-06-09,Store,353.99
6957,1495,2,2025-08-27,Store,221.26
6958,378,5,2024-06-13,Store,92.86
6959,794,1,2025-06-24,Store,109.08
6960,713,4,2025-11-27,Store,73.76
6961,622,6,2025-03-12,Online,185.75
6962,1431,1,2024-03-26,Store,601.73
6963,1523,6,2024-04-09,Online,118.35
6964,770,6,2025-08-31,Online,222.98
6965,183,2,2024-02-28,Store,105.26
6966,898,6,2025-04-16,Online,100.46
6967,61,6,2024-06-07,Online,101.8
6968,671,5,2025-11-30,Store,123.75
6969,1504,2,2025-12-06,Store,104.13
6970,878,5,2024-11-18,Store,135.82
6971,102,2,2024-06-07,Store,97.25
6972,661,6,2024-12-10,Online,105.26
6973,316,4,2024-04-26,Store,386.06
6974,1771,3,2024-05-20,Store,42.67
6975,1695,2,2024-04-14,Store,30.63
6976,246,6,2024-02-03,Online,69.72
6977,1998,6,2024-03-18,Online,540.5
6978,1643,2,2025-03-24,Store,524.16
6979,1205,6,2025-01-09,Online,270.07
6980,465,3,2025-03-10,Store,104.38
6981,786,5,2024-04-21,Store,552.91
6982,226,6,2024-10-03,Online,184.03
6983,1124,6,2025-06-30,Online,112.5
6984,1092,6,2024-11-18,Online,159.78
6985,511,3,2024-11-20,Store,199.73
6986,1167,5,2025-10-18,Store,232.85
6987,446,6,2025-09-18,Online,120.39
6988,371,1,2024-02-02,Store,50.23
6989,24,6,2024-07-18,Online,51.13
6990,934,6,2024-08-23,Online,624.13
6991,1602,3,2025-10-05,Store,51.08
6992,1696,6,2025-06-04,Online,147.23
6993,1760,6,2025-05-22,Online,139.44
6994,1137,6,2025-11-12,Online,317.52
6995,993,3,2025-10-07,Store,399.17
6996,1385,3,2024-10-28,Store,494.81
6997,1437,4,2025-05-19,Store,72.73
6998,1964,1,2024-10-07,Store,183.97
6999,1463,1,2024-02-04,Store,135.53
7000,1485,1,2024-02-24,Store,50.25
7001,1443,3,2025-08-04,Store,236.77
7002,111,2,2024-10-31,Store,101.36
7003,489,6,2025-04-13,Online,74.91
7004,1207,6,2024-07-31,Online,113.47
7005,170,3,2025-07-29,Store,33.34
7006,692,4,2024-10-24,Store,169.75
7007,1221,6,2024-05-23,Online,220.18
7008,1044,2,2024-09-17,Store,74.91
7009,213,5,2025-01-04,Store,110.19
7010,676,3,2024-07-21,Store,160.9
7011,919,4,2024-03-02,Store,548.06
7012,497,2,2024-08-15,Store,60.62
7013,1766,1,2024-09-15,Store,50.25
7014,1013,4,2024-05-26,Store,42.1
7015,653,5,2025-11-15,Store,297.54
7016,1203,5,2024-05-07,Store,292.74
7017,1003,3,2025-01-15,Store,271.64
7018,1572,6,2025-11-27,Online,238.52
7019,148,1,2025-06-27,Store,97.25
7020,69,3,2024-06-07,Store,34.65
7021,1174,3,2024-06-08,Store,160.09
7022,1383,5,2025-05-26,Store,45.33
7023,1978,1,2024-09-25,Store,97.14
7024,451,5,2025-09-11,Store,333.62
7025,1025,6,2024-12-28,Online,388.79
7026,648,2,2024-07-16,Store,336.76
7027,841,4,2025-11-28,Store,54.85
7028,1519,6,2024-04-19,Online,161.19
7029,1399,3,2025-11-30,Store,42.12
7030,224,2,2024-08-06,Store,378.34
7031,975,2,2024-05-12,Store,51.08
7032,467,2,2025-02-22,Store,264.37
7033,84,3,2024-02-11,Store,278.58
7034,716,3,2024-12-10,Store,270.99
7035,373,4,2025-01-21,Store,34.01
7036,569,3,2024-05-05,Store,694.15
7037,172,6,2025-06-28,Online,230.54
7038,1497,4,2025-10-27,Store,110.09
7039,1493,4,2025-08-24,Store,335.64
7040,1225,2,2025-06-22,Store,679.02
7041,1876,3,2025-05-08,Store,143.03
7042,452,5,2024-11-21,Store,297.2
7043,657,2,2025-10-16,Store,366.02
7044,969,2,2024-08-09,Store,312.69
7045,1993,5,2024-03-22,Store,203.34
7046,404,2,2024-01-02,Store,96.14
7047,1066,1,2024-03-10,Store,102.26
7048,1746,4,2025-10-03,Store,149.1
7049,1799,6,2025-06-18,Online,209.04
7050,185,5,2025-11-13,Store,970.32
7051,641,2,2024-12-17,Store,123.75
7052,582,2,2025-01-04,Store,129.55
7053,569,5,2024-07-04,Store,135.53
7054,1562,2,2024-07-18,Store,115.68
7055,1345,5,2024-02-01,Store,141.86
7056,1928,6,2025-05-02,Online,406.76
7057,1423,5,2024-08-21,Store,37.81
7058,683,1,2025-05-02,Store,495.77
7059,1036,2,2024-12-14,Store,153.39
7060,1613,4,2024-06-12,Store,299.71
7061,741,5,2025-01-17,Store,277.89
7062,98,1,2025-06-22,Store,101.79
7063,1316,5,2024-01-19,Store,96.04
7064,553,5,2024-06-03,Store,160.16
7065,1797,2,2025-10-05,Store,271.84
7066,1028,2,2024-05-04,Store,491.14
7067,472,2,2024-12-21,Store,111.53
7068,820,3,2025-10-20,Store,238.16
7069,860,6,2024-05-14,Online,98.76
7070,1725,6,2024-12-01,Online,566.46
7071,343,3,2025-04-20,Store,449.77
7072,1184,5,2024-01-31,Store,167.71
7073,1629,4,2025-07-18,Store,97.47
7074,1526,4,2024-01-04,Store,320.57
7075,1452,6,2024-06-22,Online,458.82
7076,259,4,2025-03-30,Store,144.29
7077,833,3,2024-12-23,Store,204.56
7078,949,1,2025-11-30,Store,367.6
7079,43,2,2024-11-06,Store,56.25
7080,876,6,2025-03-24,Online,101.23
7081,553,1,2025-02-26,Store,118.05
7082,696,4,2024-07-01,Store,347.96
7083,1276,2,2024-05-07,Store,25.01
7084,784,1,2024-02-10,Store,307.59
7085,1486,1,2024-08-19,Store,165.25
7086,1587,4,2024-02-17,Store,361.63
7087,527,6,2024-05-29,Online,50.02
7088,1837,5,2024-09-24,Store,382.0
7089,460,1,2024-07-25,Store,437.67
7090,167,2,2025-01-21,Store,288.6
7091,818,2,2025-03-28,Store,169.54
7092,1847,5,2025-06-07,Store,418.01
7093,1573,2,2025-01-03,Store,225.03
7094,492,2,2024-03-29,Store,89.03
7095,1680,1,2025-03-23,Store,180.83
7096,1588,6,2025-03-15,Online,24.92
7097,1748,3,2025-04-03,Store,113.37
7098,705,4,2025-09-17,Store,226.62
7099,990,1,2024-06-12,Store,52.19
7100,1933,1,2024-04-22,Store,108.5
7101,1672,4,2025-11-23,Store,159.0
7102,453,2,2024-09-21,Store,462.57
7103,882,4,2024-10-26,Store,94.04
7104,96,5,2024-07-24,Store,61.05
7105,1990,2,2025-06-05,Store,385.74
7106,1930,2,2025-03-18,Store,385.87
7107,1154,2,2024-08-13,Store,376.35
7108,385,6,2024-08-01,Online,457.52
7109,1074,5,2024-07-08,Store,497.54
7110,1424,1,2025-04-13,Store,248.76
7111,1329,6,2025-08-24,Online,49.7
7112,1114,5,2024-12-14,Store,152.27
7113,677,3,2025-07-06,Store,323.18
7114,1703,5,2024-12-07,Store,196.03
7115,889,6,2024-02-17,Online,158.58
7116,1573,4,2024-10-02,Store,150.75
7117,1020,4,2024-09-08,Store,337.15
7118,1030,1,2025-06-11,Store,47.1
7119,1951,3,2025-07-02,Store,100.46
7120,1271,3,2025-09-08,Store,383.7
7121,768,3,2025-05-25,Store,326.58
7122,1381,5,2025-01-21,Store,63.47
7123,91,1,2024-09-02,Store,135.92
7124,415,4,2024-02-22,Store,268.13
7125,1538,5,2025-11-07,Store,113.07
7126,1490,5,2024-10-17,Store,51.13
7127,486,3,2024-03-25,Store,263.06
7128,588,6,2025-01-25,Online,288.6
7129,1985,3,2025-04-14,Store,141.76
7130,1947,1,2025-01-01,Store,493.46
7131,1432,2,2024-11-28,Store,37.81
7132,983,1,2025-05-28,Store,48.57
7133,1064,6,2024-06-01,Online,56.23
7134,972,4,2025-05-26,Store,94.67
7135,828,2,2025-05-15,Store,160.9
7136,778,1,2024-09-13,Store,72.72
7137,527,6,2025-05-30,Online,122.22
7138,208,5,2024-09-21,Store,133.75
7139,1579,4,2024-05-19,Store,112.96
7140,1768,4,2025-08-22,Store,568.75
7141,1934,6,2024-05-05,Online,141.76
7142,276,2,2024-01-15,Store,102.26
7143,76,6,2024-08-04,Online,228.4
7144,1355,6,2024-10-06,Online,201.65
7145,179,6,2025-05-09,Online,180.4
7146,704,6,2025-11-13,Online,87.54
7147,1855,5,2025-04-20,Store,142.54
7148,826,3,2024-11-19,Store,126.68
7149,1716,5,2024-08-24,Store,266.23
7150,1124,3,2024-11-13,Store,70.88
7151,1388,4,2025-05-18,Store,702.35
7152,561,6,2025-02-13,Online,303.65
7153,1878,4,2024-09-14,Store,48.57
7154,70,6,2025-07-29,Online,97.53
7155,87,6,2025-11-18,Online,133.42
7156,396,1,2024-12-03,Store,361.31
7157,1818,6,2024-10-21,Online,140.24
7158,1058,4,2024-05-17,Store,219.63
7159,1215,5,2025-04-24,Store,43.82
7160,1830,6,2024-05-25,Online,31.04
7161,1833,2,2025-12-04,Store,162.41
7162,535,6,2025-07-03,Online,160.16
7163,1194,5,2025-10-22,Store,260.97
7164,311,4,2024-03-04,Store,68.19
7165,1149,5,2024-11-08,Store,323.88
7166,1710,6,2024-07-26,Online,269.58
7167,955,6,2024-03-30,Online,65.84
7168,1403,1,2024-04-01,Store,118.35
7169,1422,3,2024-09-01,Store,33.35
7170,1695,5,2024-03-21,Store,126.68
7171,520,6,2025-06-04,Online,30.79
7172,25,1,2024-12-28,Store,66.92
7173,1273,4,2024-12-17,Store,125.88
7174,11,6,2024-10-23,Online,135.82
7175,689,5,2024-04-16,Store,97.53
7176,1938,5,2025-02-25,Store,125.15
7177,805,6,2025-12-25,Online,285.07
7178,31,4,2025-07-13,Store,97.25
7179,472,5,2025-12-30,Store,542.37
7180,947,6,2025-03-10,Online,422.36
7181,1119,6,2024-07-27,Online,237.18
7182,1187,5,2025-07-04,Store,94.21
7183,1308,2,2025-04-20,Store,201.83
7184,1868,6,2024-02-17,Online,267.32
7185,1862,2,2024-04-23,Store,507.19
7186,1817,6,2024-09-27,Online,328.39
7187,136,6,2025-12-21,Online,414.24
7188,183,4,2025-07-03,Store,42.12
7189,978,4,2025-01-05,Store,196.7
7190,1839,4,2025-05-07,Store,526.54
7191,749,5,2024-02-19,Store,89.48
7192,1347,3,2024-05-14,Store,362.71
7193,629,6,2024-03-19,Online,382.49
7194,1347,4,2025-09-27,Store,141.76
7195,435,3,2025-11-23,Store,706.93
7196,1608,3,2025-04-10,Store,317.82
7197,1714,4,2024-05-07,Store,459.39
7198,564,3,2025-08-08,Store,112.19
7199,1160,1,2024-12-26,Store,340.59
7200,317,6,2024-10-04,Online,111.49
7201,21,6,2024-02-06,Online,102.12
7202,1533,3,2025-02-21,Store,147.52
7203,241,4,2025-09-08,Store,180.29
7204,264,5,2024-02-07,Store,213.53
7205,1865,6,2025-01-27,Online,118.14
7206,697,6,2025-07-05,Online,72.73
7207,1367,6,2024-08-28,Online,167.71
7208,1093,6,2024-11-16,Online,160.46
7209,646,4,2025-11-19,Store,47.02
7210,523,1,2024-05-24,Store,276.07
7211,1596,4,2024-02-20,Store,135.53
7212,1454,6,2025-09-06,Online,95.26
7213,1688,3,2024-07-07,Store,271.83
7214,805,6,2025-08-01,Online,169.3
7215,1787,2,2024-10-03,Store,334.59
7216,783,5,2024-07-26,Store,278.58
7217,1012,1,2024-01-13,Store,136.68
7218,1434,5,2025-07-24,Store,45.93
7219,1060,6,2025-12-20,Online,517.58
7220,1190,4,2025-05-15,Store,73.76
7221,1241,5,2025-05-16,Store,37.81
7222,662,3,2025-03-27,Store,33.35
7223,990,6,2025-03-30,Online,149.1
7224,422,3,2024-12-11,Store,93.3
7225,903,5,2024-04-19,Store,149.1
7226,356,2,2024-07-03,Store,453.2
7227,1570,2,2024-09-09,Store,346.76
7228,259,5,2024-05-10,Store,399.83
7229,1131,6,2024-05-22,Online,466.9
7230,268,4,2024-08-15,Store,157.6
7231,16,5,2025-04-28,Store,341.68
7232,1826,2,2025-10-21,Store,365.38
7233,1449,3,2025-04-29,Store,192.4
7234,942,2,2025-08-01,Store,48.07
7235,67,5,2025-09-10,Store,608.71
7236,1029,4,2024-04-22,Store,72.73
7237,186,5,2025-12-14,Store,135.29
7238,1354,2,2024-03-30,Store,469.39
7239,756,2,2025-03-07,Store,369.51
7240,1304,3,2025-12-24,Store,123.35
7241,1083,6,2025-11-20,Online,49.84
7242,1937,6,2024-01-04,Online,149.5
7243,1414,6,2024-09-14,Online,247.85
7244,1844,1,2024-06-13,Store,308.08
7245,214,2,2025-08-25,Store,104.52
7246,543,6,2025-12-07,Online,460.83
7247,558,2,2024-02-27,Store,101.8
7248,64,5,2025-03-28,Store,115.68
7249,1481,6,2024-11-22,Online,52.19
7250,1172,1,2025-10-04,Store,183.46
7251,941,6,2024-04-18,Online,315.78
7252,1795,2,2024-07-11,Store,238.45
7253,1907,2,2024-02-14,Store,195.39
7254,671,3,2024-08-04,Store,185.23
7255,871,6,2025-03-10,Online,255.14
7256,187,4,2024-12-04,Store,33.35
7257,56,6,2025-02-27,Online,106.3
7258,1348,6,2025-04-18,Online,152.91
7259,1998,2,2025-03-07,Store,320.39
7260,1864,6,2025-01-22,Online,211.88
7261,826,2,2025-06-25,Store,106.72
7262,900,5,2024-03-07,Store,156.64
7263,694,1,2024-07-24,Store,105.94
7264,1581,6,2025-05-21,Online,150.75
7265,1397,5,2024-03-10,Store,389.86
7266,720,1,2025-05-26,Store,153.24
7267,330,1,2025-01-02,Store,280.29
7268,883,1,2025-02-22,Store,30.63
7269,636,3,2024-02-12,Store,203.03
7270,1586,1,2024-08-22,Store,137.34
7271,1409,4,2024-07-05,Store,88.23
7272,949,6,2024-09-19,Online,271.9
7273,1122,4,2024-07-07,Store,521.83
7274,238,6,2025-08-24,Online,447.63
7275,794,2,2025-10-18,Store,127.2
7276,386,5,2025-02-27,Store,153.24
7277,127,3,2024-05-27,Store,247.03
7278,1843,6,2025-04-28,Online,126.68
7279,1222,6,2025-05-13,Online,110.24
7280,493,1,2024-05-26,Store,77.71
7281,97,1,2024-07-24,Store,246.7
7282,161,6,2024-11-14,Online,268.23
7283,787,6,2025-10-15,Online,110.09
7284,506,5,2025-11-20,Store,444.9
7285,766,2,2024-05-16,Store,193.97
7286,1553,5,2025-11-24,Store,251.7
7287,1159,4,2025-09-09,Store,111.49
7288,646,1,2025-07-05,Store,307.72
7289,1347,6,2025-02-16,Online,90.9
7290,913,5,2024-02-21,Store,341.51
7291,1868,2,2025-02-05,Store,50.23
7292,939,5,2025-07-29,Store,306.36
7293,1054,5,2024-01-05,Store,189.45
7294,1931,2,2025-06-14,Store,115.41
7295,1840,2,2025-11-29,Store,212.82
7296,1893,2,2024-11-30,Store,104.51
7297,384,3,2025-10-10,Store,34.65
7298,1128,5,2024-07-07,Store,98.76
7299,791,6,2024-05-29,Online,134.22
7300,930,6,2024-05-26,Online,205.06
7301,1454,1,2024-06-11,Store,96.2
7302,835,6,2024-11-07,Online,470.43
7303,954,3,2025-09-12,Store,158.16
7304,1935,6,2025-11-29,Online,135.32
7305,827,5,2025-11-19,Store,113.06
7306,1151,3,2025-03-16,Store,70.7
7307,1305,4,2024-12-27,Store,346.23
7308,1685,6,2025-09-05,Online,96.79
7309,1873,6,2025-01-22,Online,208.77
7310,783,3,2025-06-16,Store,816.66
7311,1687,4,2025-09-22,Store,611.19
7312,1096,2,2024-01-20,Store,240.92
7313,416,6,2025-10-27,Online,226.12
7314,804,5,2025-03-13,Store,136.11
7315,136,1,2024-08-23,Store,216.06
7316,292,5,2025-07-07,Store,101.8
7317,220,6,2024-04-13,Online,200.43
7318,611,4,2025-08-16,Store,259.17
7319,1753,5,2024-03-10,Store,340.71
7320,1059,5,2025-05-20,Store,275.31
7321,547,5,2025-09-16,Store,211.32
7322,1743,5,2024-06-10,Store,159.78
7323,1727,1,2024-03-19,Store,49.7
7324,1601,6,2025-01-10,Online,131.41
7325,556,6,2024-06-05,Online,167.08
7326,1242,4,2024-06-04,Store,60.96
7327,1725,6,2024-09-05,Online,462.78
7328,31,6,2024-03-09,Online,34.01
7329,151,4,2025-07-20,Store,106.3
7330,299,2,2024-02-16,Store,94.21
7331,1172,5,2025-09-01,Store,167.75
7332,912,3,2025-09-29,Store,19.86
7333,245,5,2024-09-07,Store,218.6
7334,678,2,2025-05-12,Store,165.75
7335,1870,3,2025-12-16,Store,37.81
7336,1943,2,2025-08-18,Store,199.31
7337,828,5,2025-04-19,Store,167.71
7338,1312,4,2024-08-05,Store,341.48
7339,856,2,2024-09-01,Store,45.93
7340,327,6,2025-06-06,Online,114.58
7341,1680,2,2024-10-18,Store,114.22
7342,615,1,2024-04-26,Store,53.36
7343,1016,2,2025-12-07,Store,190.55
7344,1903,5,2025-06-29,Store,507.68
7345,1519,5,2025-11-03,Store,838.47
7346,834,4,2024-07-25,Store,188.42
7347,303,3,2025-10-18,Store,61.58
7348,156,6,2024-06-20,Online,167.82
7349,897,4,2024-01-13,Store,223.06
7350,1519,5,2025-12-28,Store,23.55
7351,1087,4,2024-03-18,Store,173.44
7352,234,5,2024-12-24,Store,56.25
7353,1652,2,2024-06-13,Store,141.3
7354,984,2,2024-02-13,Store,277.09
7355,1002,4,2025-07-31,Store,42.12
7356,1273,6,2025-06-25,Online,371.61
7357,1376,5,2024-04-13,Store,182.55
7358,1428,1,2024-04-23,Store,101.79
7359,1505,2,2025-04-24,Store,315.58
7360,1035,6,2024-05-18,Online,416.47
7361,686,2,2024-09-19,Store,169.96
7362,1823,1,2024-01-17,Store,61.05
7363,1968,3,2025-08-10,Store,51.13
7364,167,6,2024-12-12,Online,187.92
7365,896,3,2024-10-16,Store,398.67
7366,117,3,2025-06-18,Store,89.12
7367,1025,6,2025-11-11,Online,68.19
7368,862,6,2024-11-23,Online,111.49
7369,194,5,2024-11-23,Store,61.05
7370,1363,2,2025-05-16,Store,94.49
7371,1154,1,2025-05-23,Store,280.44
7372,1820,2,2024-02-20,Store,171.34
7373,95,2,2024-01-25,Store,225.49
7374,1535,6,2024-02-11,Online,159.15
7375,1866,6,2024-11-25,Online,49.84
7376,1042,6,2024-03-27,Online,167.08
7377,1224,6,2024-06-20,Online,99.25
7378,1053,5,2025-03-29,Store,155.9
7379,1342,6,2025-07-15,Online,156.36
7380,1303,3,2025-12-07,Store,201.3
7381,681,2,2024-04-20,Store,126.68
7382,309,6,2024-07-16,Online,25.01
7383,1741,3,2024-07-19,Store,234.03
7384,1149,2,2024-02-10,Store,65.84
7385,1920,6,2024-02-12,Online,91.23
7386,1167,6,2025-11-21,Online,212.6
7387,1237,4,2024-10-06,Store,280.33
7388,818,5,2024-02-20,Store,219.83
7389,210,6,2025-03-26,Online,344.35
7390,1177,5,2024-07-18,Store,157.86
7391,1950,6,2024-09-17,Online,240.25
7392,968,2,2025-10-11,Store,112.19
7393,147,6,2024-09-09,Online,261.53
7394,1351,3,2024-03-04,Store,447.34
7395,1267,5,2024-12-09,Store,120.16
7396,549,1,2025-04-20,Store,306.36
7397,838,3,2025-08-21,Store,321.95
7398,219,3,2024-04-08,Store,108.5
7399,555,1,2024-04-06,Store,69.72
7400,673,2,2024-03-17,Store,278.22
7401,264,4,2024-02-11,Store,97.53
7402,1008,3,2024-07-29,Store,382.53
7403,1325,6,2024-08-23,Online,167.08
7404,568,3,2024-06-15,Store,123.75
7405,783,1,2024-11-26,Store,642.43
7406,82,6,2025-10-13,Online,114.57
7407,303,3,2025-06-20,Store,106.74
7408,541,2,2025-12-26,Store,184.62
7409,1454,6,2024-06-24,Online,116.91
7410,484,5,2025-10-05,Store,451.7
7411,1866,2,2025-10-04,Store,360.58
7412,1189,1,2024-09-18,Store,131.14
7413,376,1,2024-09-05,Store,148.95
7414,153,2,2025-09-12,Store,213.64
7415,843,4,2025-06-30,Store,104.19
7416,672,1,2025-04-10,Store,47.02
7417,809,3,2024-11-22,Store,94.81
7418,359,3,2024-05-14,Store,152.83
7419,1529,5,2025-07-20,Store,127.2
7420,227,6,2024-06-19,Online,213.85
7421,767,2,2024-08-19,Store,413.63
7422,1038,5,2025-10-07,Store,217.4
7423,1858,1,2025-02-24,Store,81.24
7424,282,2,2024-03-01,Store,131.41
7425,1362,6,2024-05-16,Online,24.92
7426,208,5,2024-07-19,Store,33.35
7427,991,3,2024-12-17,Store,282.6
7428,810,6,2024-08-04,Online,170.04
7429,1844,6,2025-06-24,Online,154.56
7430,1327,3,2025-01-08,Store,63.14
7431,858,4,2024-09-29,Store,242.66
7432,1417,5,2024-04-30,Store,430.99
7433,598,1,2024-07-27,Store,122.66
7434,1506,4,2024-05-30,Store,102.53
7435,1755,4,2024-12-13,Store,42.1
7436,621,6,2024-10-27,Online,457.76
7437,1698,2,2025-10-08,Store,296.29
7438,1922,4,2025-10-02,Store,67.4
7439,898,3,2025-01-10,Store,21.91
7440,1249,3,2024-05-05,Store,500.87
7441,1668,6,2024-09-14,Online,80.97
7442,1369,3,2025-05-28,Store,382.79
7443,1656,4,2025-09-28,Store,322.13
7444,1195,3,2025-10-22,Store,111.17
7445,460,3,2024-01-03,Store,50.23
7446,280,3,2024-05-02,Store,323.88
7447,1104,6,2025-10-28,Online,93.3
7448,1020,5,2024-10-11,Store,107.96
7449,1350,6,2025-12-04,Online,707.81
7450,1380,5,2025-07-25,Store,69.78
7451,1119,2,2024-07-20,Store,508.51
7452,719,1,2024-11-03,Store,382.87
7453,1103,1,2025-01-28,Store,343.34
7454,1143,4,2025-10-12,Store,115.68
7455,702,6,2025-03-01,Online,96.2
7456,749,6,2025-08-27,Online,306.48
7457,1574,5,2025-01-21,Store,330.4
7458,861,6,2024-11-12,Online,287.23
7459,1167,4,2024-03-06,Store,164.36
7460,1248,5,2024-12-12,Store,123.75
7461,15,1,2024-09-29,Store,126.68
7462,1434,6,2024-01-10,Online,218.19
7463,1605,3,2024-11-22,Store,220.48
7464,1876,4,2024-07-14,Store,74.91
7465,744,2,2024-09-17,Store,286.69
7466,217,1,2024-06-18,Store,158.28
7467,1300,6,2025-06-07,Online,482.16
7468,900,3,2024-03-22,Store,222.98
7469,778,6,2025-07-15,Online,31.04
7470,468,4,2025-04-18,Store,225.7
7471,1260,3,2025-10-13,Store,310.17
7472,130,5,2024-06-16,Store,127.2
7473,1681,4,2024-03-10,Store,105.94
7474,1319,5,2024-10-03,Store,180.29
7475,63,2,2025-10-19,Store,208.38
7476,193,1,2024-06-22,Store,73.46
7477,696,2,2025-03-09,Store,137.79
7478,1988,2,2025-08-15,Store,73.76
7479,1558,2,2024-11-25,Store,173.11
7480,1807,1,2025-04-12,Store,351.73
7481,334,4,2025-05-16,Store,132.27
7482,468,4,2024-08-23,Store,101.8
7483,833,1,2025-05-04,Store,157.88
7484,697,5,2025-07-01,Store,263.89
7485,1612,5,2024-11-15,Store,168.61
7486,1693,3,2024-08-11,Store,221.0
7487,1768,6,2024-11-20,Online,102.12
7488,671,3,2024-08-23,Store,466.64
7489,724,6,2025-03-20,Online,143.63
7490,1792,6,2025-07-18,Online,344.48
7491,1060,2,2025-03-11,Store,243.73
7492,457,3,2024-12-31,Store,136.68
7493,171,3,2025-02-06,Store,56.25
7494,593,4,2024-03-24,Store,162.17
7495,1644,3,2024-10-24,Store,91.23
7496,1196,1,2024-05-20,Store,40.64
7497,1347,4,2024-10-19,Store,391.39
7498,1462,2,2024-10-11,Store,135.82
7499,1548,2,2025-05-28,Store,178.24
7500,1589,6,2025-10-10,Online,69.72
7501,1064,5,2024-09-03,Store,100.46
7502,900,4,2025-04-09,Store,347.63
7503,1645,6,2025-04-02,Online,139.8
7504,582,6,2025-01-06,Online,399.04
7505,952,6,2025-05-12,Online,565.9
7506,966,4,2024-12-27,Store,412.11
7507,961,4,2024-06-23,Store,36.73
7508,449,3,2025-07-18,Store,468.19
7509,199,5,2024-02-22,Store,112.19
7510,1713,3,2024-11-28,Store,319.86
7511,495,3,2025-08-26,Store,371.22
7512,1205,2,2025-07-30,Store,368.97
7513,1924,6,2024-06-14,Online,97.53
7514,545,6,2025-05-23,Online,96.14
7515,1733,4,2025-07-31,Store,105.66
7516,1303,6,2025-11-11,Online,186.21
7517,1454,6,2024-03-01,Online,165.96
7518,1798,4,2024-03-25,Store,404.22
7519,1425,6,2025-04-26,Online,346.49
7520,1898,3,2025-12-25,Store,578.53
7521,1025,1,2024-12-07,Store,118.14
7522,1647,3,2024-03-13,Store,209.02
7523,1876,1,2024-06-20,Store,160.16
7524,598,4,2024-12-28,Store,163.07
7525,1256,2,2024-09-08,Store,191.98
7526,1153,4,2024-03-19,Store,51.08
7527,1459,2,2025-06-22,Store,114.63
7528,421,6,2025-06-17,Online,56.23
7529,838,1,2024-12-23,Store,517.07
7530,400,1,2024-10-20,Store,327.9
7531,963,4,2024-03-08,Store,205.06
7532,97,6,2025-01-28,Online,42.12
7533,264,6,2025-05-31,Online,193.44
7534,1763,6,2024-09-12,Online,223.06
7535,118,5,2025-03-16,Store,63.47
7536,104,6,2024-01-17,Online,193.61
7537,1906,1,2025-04-27,Store,364.49
7538,672,4,2024-03-09,Store,52.19
7539,320,5,2025-03-01,Store,271.29
7540,1106,6,2025-02-27,Online,33.34
7541,358,2,2025-04-19,Store,112.5
7542,1438,4,2024-12-16,Store,222.6
7543,1011,2,2024-12-22,Store,31.04
7544,1272,3,2024-02-29,Store,106.72
7545,739,3,2025-05-31,Store,74.91
7546,266,5,2025-12-13,Store,56.41
7547,1347,5,2024-04-23,Store,90.2
7548,1408,5,2025-01-25,Store,210.22
7549,1722,6,2024-08-28,Online,394.24
7550,1184,4,2025-12-08,Store,110.09
7551,230,6,2024-03-25,Online,20.32
7552,1282,6,2024-03-12,Online,42.12
7553,896,2,2024-11-18,Store,226.14
7554,1587,5,2025-04-20,Store,50.25
7555,13,3,2024-01-18,Store,218.6
7556,1423,6,2025-03-08,Online,167.82
7557,1319,6,2024-04-18,Online,501.24
7558,512,1,2024-10-31,Store,82.98
7559,1198,1,2025-03-23,Store,239.67
7560,185,5,2025-03-06,Store,746.99
7561,616,3,2025-04-09,Store,283.93
7562,1956,6,2024-09-12,Online,33.34
7563,577,3,2024-02-24,Store,96.04
7564,1964,1,2025-05-04,Store,199.94
7565,1357,4,2025-01-04,Store,182.13
7566,1784,5,2024-04-24,Store,167.08
7567,530,5,2025-07-03,Store,248.94
7568,92,6,2025-07-26,Online,193.6
7569,1328,3,2025-08-26,Store,533.34
7570,894,2,2024-12-07,Store,149.89
7571,1223,1,2025-02-07,Store,126.31
7572,1982,6,2024-09-14,Online,306.13
7573,1986,1,2024-01-07,Store,50.23
7574,536,3,2025-01-14,Store,217.4
7575,1975,3,2025-06-22,Store,47.63
7576,1038,2,2024-12-04,Store,147.38
7577,1923,3,2024-03-11,Store,219.3
7578,33,1,2024-02-16,Store,126.68
7579,298,4,2025-01-19,Store,20.32
7580,1640,5,2025-09-22,Store,96.61
7581,131,4,2025-10-19,Store,547.82
7582,699,2,2024-02-28,Store,204.29
7583,1557,3,2025-05-10,Store,228.57
7584,813,1,2025-12-18,Store,68.19
7585,44,5,2025-02-27,Store,72.73
7586,1227,1,2024-01-13,Store,153.94
7587,639,2,2025-12-02,Store,188.92
7588,289,3,2025-05-07,Store,66.92
7589,768,2,2024-12-19,Store,42.67
7590,365,1,2025-05-29,Store,129.94
7591,1902,6,2024-05-08,Online,264.55
7592,1846,6,2025-05-29,Online,49.84
7593,139,4,2024-12-29,Store,157.73
7594,1352,3,2025-06-17,Store,318.91
7595,637,6,2025-12-10,Online,262.82
7596,1367,6,2025-11-24,Online,62.08
7597,1059,4,2025-02-28,Store,188.13
7598,1482,6,2024-02-14,Online,146.39
7599,814,6,2025-02-01,Online,85.02
7600,1730,1,2024-12-15,Store,189.7
7601,1451,6,2025-02-27,Online,354.42
7602,786,6,2024-08-12,Online,114.0
7603,1034,6,2024-07-11,Online,97.25
7604,1573,1,2025-01-15,Store,270.58
7605,1612,6,2024-03-09,Online,136.33
7606,773,5,2025-12-27,Store,63.47
7607,1093,6,2024-11-15,Online,332.84
7608,1998,2,2025-08-16,Store,156.36
7609,811,3,2025-05-08,Store,286.29
7610,1340,4,2025-02-22,Store,161.9
7611,564,5,2024-08-17,Store,97.53
7612,296,2,2025-10-04,Store,132.0
7613,863,1,2025-02-02,Store,266.23
7614,1077,4,2024-12-21,Store,200.08
7615,1539,5,2024-01-05,Store,226.26
7616,1601,4,2024-01-11,Store,141.3
7617,1889,5,2024-04-20,Store,395.39
7618,345,1,2025-03-11,Store,204.57
7619,638,6,2025-10-29,Online,43.77
7620,356,6,2025-02-01,Online,320.32
7621,1980,2,2024-06-26,Store,30.79
7622,217,6,2024-12-22,Online,45.93
7623,752,6,2024-12-27,Online,89.03
7624,1516,4,2025-09-27,Store,76.14
7625,631,5,2024-11-12,Store,286.1
7626,1827,4,2025-12-27,Store,246.7
7627,767,3,2024-06-12,Store,90.9
7628,1275,6,2024-05-10,Online,50.25
7629,789,1,2025-12-12,Store,262.82
7630,848,6,2024-05-10,Online,185.91
7631,1452,6,2025-02-27,Online,180.83
7632,316,6,2025-12-08,Online,199.39
7633,1631,4,2025-07-07,Store,159.78
7634,1300,6,2025-11-19,Online,228.78
7635,1734,1,2025-02-26,Store,421.05
7636,341,1,2025-11-11,Store,336.3
7637,705,2,2025-05-29,Store,261.31
7638,890,3,2024-01-31,Store,168.28
7639,1751,6,2024-08-22,Online,126.94
7640,1021,6,2025-09-23,Online,122.66
7641,141,3,2024-03-16,Store,411.98
7642,1115,2,2024-11-30,Store,171.98
7643,730,3,2024-07-24,Store,405.26
7644,298,3,2024-10-11,Store,243.01
7645,194,6,2024-04-20,Online,189.19
7646,711,4,2024-12-17,Store,126.68
7647,1087,3,2025-12-06,Store,53.36
7648,1041,6,2024-04-10,Online,220.18
7649,538,6,2024-09-12,Online,65.84
7650,1070,4,2025-04-10,Store,106.93
7651,1402,2,2025-12-18,Store,200.54
7652,68,6,2025-09-29,Online,88.88
7653,117,6,2024-03-14,Online,150.2
7654,1849,6,2025-06-01,Online,106.3
7655,466,1,2024-06-22,Store,192.56
7656,1411,2,2025-08-24,Store,180.83
7657,1345,4,2024-10-01,Store,287.4
7658,1182,2,2025-02-22,Store,278.95
7659,1202,1,2024-06-19,Store,437.93
7660,1411,3,2025-11-02,Store,104.51
7661,108,1,2025-07-31,Store,49.84
7662,245,6,2024-05-14,Online,118.35
7663,534,5,2024-10-30,Store,306.48
7664,984,2,2024-09-19,Store,191.53
7665,345,6,2025-02-23,Online,318.89
7666,1824,2,2025-07-02,Store,554.95
7667,1603,4,2024-02-04,Store,151.63
7668,1630,3,2025-01-11,Store,126.22
7669,1314,3,2025-06-11,Store,407.76
7670,1264,4,2025-07-31,Store,535.45
7671,1711,6,2025-01-08,Online,353.53
7672,662,6,2024-04-29,Online,214.95
7673,518,6,2025-04-15,Online,74.91
7674,848,5,2025-07-29,Store,143.41
7675,980,4,2025-12-23,Store,511.45
7676,748,1,2025-03-24,Store,101.79
7677,1067,3,2024-01-30,Store,649.58
7678,1722,1,2025-07-17,Store,77.95
7679,775,5,2024-01-12,Store,146.31
7680,1282,3,2025-05-03,Store,102.53
7681,1104,6,2024-06-16,Online,472.55
7682,392,6,2024-09-13,Online,479.72
7683,197,1,2025-03-06,Store,97.25
7684,573,4,2024-04-13,Store,283.5
7685,1161,6,2025-11-06,Online,332.12
7686,498,6,2024-07-17,Online,120.07
7687,1360,6,2024-09-23,Online,45.93
7688,1347,6,2025-09-07,Online,90.43
7689,470,1,2024-12-15,Store,70.88
7690,1942,1,2025-07-16,Store,266.64
7691,895,6,2024-12-28,Online,119.59
7692,1470,5,2024-02-29,Store,314.07
7693,327,5,2025-08-26,Store,464.63
7694,129,1,2024-10-05,Store,201.22
7695,1564,2,2025-06-12,Store,167.08
7696,1942,1,2024-04-02,Store,128.08
7697,1318,6,2025-09-14,Online,293.85
7698,600,6,2024-01-27,Online,73.69
7699,696,4,2024-02-26,Store,425.14
7700,1425,6,2024-09-20,Online,239.67
7701,1149,4,2025-12-27,Store,63.47
7702,1790,6,2025-05-23,Online,82.58
7703,815,6,2025-08-09,Online,135.53
7704,334,6,2024-02-03,Online,134.82
7705,580,6,2025-08-11,Online,389.63
7706,914,6,2024-03-10,Online,196.55
7707,156,1,2024-01-14,Store,19.86
7708,1974,2,2025-11-07,Store,262.58
7709,340,1,2024-06-28,Store,32.28
7710,983,4,2024-03-29,Store,450.86
7711,1822,3,2024-01-15,Store,212.38
7712,1357,5,2024-03-05,Store,274.27
7713,106,5,2025-08-26,Store,101.79
7714,324,6,2024-05-22,Online,74.91
7715,607,4,2025-04-03,Store,246.05
7716,343,4,2025-03-16,Store,118.14
7717,1800,1,2024-06-18,Store,360.03
7718,136,6,2024-03-13,Online,458.84
7719,1969,5,2024-08-05,Store,262.3
7720,1775,2,2024-08-11,Store,173.98
7721,1433,3,2025-10-30,Store,99.25
7722,751,2,2025-06-06,Store,156.36
7723,985,2,2025-12-08,Store,189.66
7724,778,1,2025-12-01,Store,333.89
7725,1183,6,2024-09-05,Online,286.48
7726,276,4,2024-12-22,Store,302.78
7727,1051,2,2024-08-16,Store,582.65
7728,1295,2,2024-02-27,Store,188.08
7729,289,6,2025-02-19,Online,465.04
7730,565,1,2025-11-11,Store,409.48
7731,1197,6,2024-03-01,Online,563.95
7732,71,1,2025-03-24,Store,121.33
7733,1996,5,2025-10-01,Store,167.72
7734,1630,1,2024-01-14,Store,97.53
7735,1066,3,2025-03-24,Store,102.12
7736,506,5,2025-08-31,Store,207.64
7737,763,4,2024-06-28,Store,131.41
7738,1558,6,2025-04-21,Online,103.95
7739,1717,6,2024-10-15,Online,258.4
7740,1158,6,2025-12-15,Online,111.53
7741,1649,3,2024-11-12,Store,69.72
7742,1333,6,2024-06-30,Online,121.24
7743,1900,2,2024-10-31,Store,232.28
7744,333,6,2024-05-29,Online,434.72
7745,211,6,2025-08-10,Online,463.23
7746,925,6,2024-04-15,Online,290.76
7747,1026,4,2024-08-25,Store,63.11
7748,1994,3,2025-03-14,Store,34.65
7749,575,6,2024-02-07,Online,147.61
7750,190,2,2025-06-28,Store,94.67
7751,1311,2,2024-07-26,Store,133.8
7752,1039,5,2025-08-19,Store,30.63
7753,443,2,2025-12-20,Store,149.82
7754,1851,6,2024-11-23,Online,91.8
7755,258,6,2025-10-02,Online,271.64
7756,1238,1,2024-12-18,Store,110.09
7757,1894,6,2024-07-30,Online,249.84
7758,1848,2,2025-09-30,Store,426.05
7759,239,4,2024-03-19,Store,245.32
7760,1047,1,2024-12-11,Store,187.58
7761,1928,2,2025-10-15,Store,77.71
7762,585,2,2025-07-10,Store,65.84
7763,762,5,2024-06-19,Store,765.25
7764,1985,6,2025-01-21,Online,73.76
7765,841,6,2025-11-18,Online,52.19
7766,1441,1,2025-12-05,Store,136.7
7767,361,6,2024-09-13,Online,229.26
7768,371,6,2024-07-03,Online,458.78
7769,1410,4,2024-12-18,Store,189.45
7770,612,5,2025-03-30,Store,141.95
7771,1017,6,2024-04-08,Online,526.69
7772,1192,5,2025-09-17,Store,198.5
7773,1552,6,2024-10-14,Online,99.4
7774,411,2,2024-06-28,Store,639.53
7775,189,4,2024-01-01,Store,501.47
7776,1458,4,2024-09-03,Store,159.84
7777,1927,6,2025-05-28,Online,101.79
7778,1530,6,2024-10-11,Online,34.01
7779,507,1,2024-06-17,Store,231.36
7780,1820,4,2024-09-01,Store,66.68
7781,600,3,2024-02-22,Store,339.28
7782,297,4,2024-06-11,Store,127.56
7783,853,2,2025-11-14,Store,63.14
7784,1788,6,2024-11-11,Online,686.75
7785,1851,2,2024-04-12,Store,197.52
7786,1038,6,2025-08-21,Online,97.88
7787,284,6,2024-05-31,Online,130.56
7788,1572,6,2025-03-03,Online,42.1
7789,1686,3,2025-07-03,Store,93.96
7790,1758,6,2025-10-02,Online,113.07
7791,1042,1,2024-02-21,Store,337.78
7792,1425,6,2025-07-05,Online,43.25
7793,1577,1,2024-06-23,Store,129.85
7794,1987,4,2025-10-28,Store,186.5
7795,372,6,2025-11-11,Online,53.36
7796,349,5,2025-02-10,Store,163.07
7797,1713,4,2024-02-12,Store,126.68
7798,126,6,2025-02-07,Online,340.36
7799,1661,2,2025-02-18,Store,112.96
7800,265,4,2024-10-17,Store,145.44
7801,1726,4,2024-03-23,Store,236.73
7802,611,4,2024-09-17,Store,264.12
7803,1924,6,2024-08-22,Online,432.09
7804,1250,3,2025-02-25,Store,33.34
7805,562,6,2024-07-02,Online,396.51
7806,79,6,2024-03-15,Online,73.69
7807,843,1,2025-09-22,Store,153.04
7808,1262,2,2024-03-18,Store,147.81
7809,1744,2,2024-11-15,Store,182.34
7810,1756,5,2025-02-28,Store,350.02
7811,1903,6,2024-07-06,Online,372.79
7812,486,2,2025-10-14,Store,111.49
7813,1768,2,2025-11-06,Store,45.93
7814,225,2,2025-10-11,Store,439.27
7815,1869,2,2024-05-17,Store,685.66
7816,245,4,2025-10-03,Store,90.43
7817,872,6,2024-11-23,Online,623.06
7818,1870,6,2025-03-16,Online,198.5
7819,1811,6,2025-11-30,Online,271.64
7820,868,4,2025-06-21,Store,173.12
7821,921,3,2024-01-15,Store,100.46
7822,1426,6,2025-10-19,Online,466.33
7823,870,2,2025-01-18,Store,102.53
7824,625,4,2025-11-05,Store,50.23
7825,50,3,2024-02-01,Store,191.99
7826,979,3,2024-08-27,Store,325.36
7827,472,2,2024-03-23,Store,127.2
7828,644,6,2024-11-20,Online,85.34
7829,795,4,2024-03-08,Store,102.03
7830,1772,2,2025-07-19,Store,96.8
7831,515,4,2024-07-01,Store,185.72
7832,1950,5,2024-07-03,Store,90.88
7833,1040,4,2024-12-31,Store,174.54
7834,1454,2,2024-04-23,Store,489.42
7835,1245,6,2024-06-10,Online,94.67
7836,801,3,2024-12-08,Store,580.14
7837,95,4,2025-12-30,Store,82.58
7838,1771,2,2025-09-07,Store,48.57
7839,444,2,2025-12-05,Store,318.97
7840,1318,6,2024-06-21,Online,107.96
7841,1126,6,2024-06-04,Online,256.85
7842,1401,6,2024-10-15,Online,122.1
7843,928,3,2025-11-26,Store,267.83
7844,220,1,2025-09-02,Store,62.08
7845,1513,1,2025-07-29,Store,130.17
7846,1430,3,2024-01-27,Store,265.44
7847,1324,1,2024-10-21,Store,296.84
7848,63,2,2025-08-27,Store,280.81
7849,826,2,2024-12-06,Store,633.35
7850,1969,6,2025-08-21,Online,69.78
7851,216,3,2025-07-24,Store,56.25
